system:index,MNDWI,date,latitude,longitude,.geo,datetime,water_level_m,island_status,tidal_stage
1_1_1_1_LT05_014036_19840414,0.2944673226908724,1984-04-14,34.56533830236853,-76.52496659073468,"{""type"":""MultiPoint"",""coordinates"":[]}",1984-04-14 00:00:00+00:00,1.163,submerged,high
1_1_1_1_LT05_014036_19840820,0.1862407038116054,1984-08-20,34.56533830236853,-76.52496659073468,"{""type"":""MultiPoint"",""coordinates"":[]}",1984-08-20 00:00:00+00:00,0.285,exposed,mid_low
1_1_1_1_LT05_014036_19840905,0.1548449595033765,1984-09-05,34.56533830236853,-76.52496659073468,"{""type"":""MultiPoint"",""coordinates"":[]}",1984-09-05 00:00:00+00:00,0.487,exposed,mid_low
1_1_1_1_LT05_014036_19840921,0.1170946944739062,1984-09-21,34.56533830236853,-76.52496659073468,"{""type"":""MultiPoint"",""coordinates"":[]}",1984-09-21 00:00:00+00:00,0.566,exposed,mid_low
1_1_1_1_LT05_014036_19841007,0.1150489350198504,1984-10-07,34.56533830236853,-76.52496659073468,"{""type"":""MultiPoint"",""coordinates"":[]}",1984-10-07 00:00:00+00:00,0.962,exposed,mid_high
1_1_1_1_LT05_014036_19841124,0.1540083787716821,1984-11-24,34.56533830236853,-76.52496659073468,"{""type"":""MultiPoint"",""coordinates"":[]}",1984-11-24 00:00:00+00:00,0.959,exposed,mid_high
1_1_1_1_LT05_014036_19850127,0.1251770305962747,1985-01-27,34.56533830236853,-76.52496659073468,"{""type"":""MultiPoint"",""coordinates"":[]}",1985-01-27 00:00:00+00:00,0.017,exposed,low
1_1_1_1_LT05_014036_19850604,0.1300550274527395,1985-06-04,34.56533830236853,-76.52496659073468,"{""type"":""MultiPoint"",""coordinates"":[]}",1985-06-04 00:00:00+00:00,1.16,exposed,high
1_1_1_1_LT05_014036_19850807,0.0962412144787699,1985-08-07,34.56533830236853,-76.52496659073468,"{""type"":""MultiPoint"",""coordinates"":[]}",1985-08-07 00:00:00+00:00,0.374,exposed,mid_low
1_1_1_1_LT05_014036_19850908,0.129901550542022,1985-09-08,34.56533830236853,-76.52496659073468,"{""type"":""MultiPoint"",""coordinates"":[]}",1985-09-08 00:00:00+00:00,0.319,exposed,mid_low
1_1_1_1_LT05_014036_19851111,0.0440200338839751,1985-11-11,34.56533830236853,-76.52496659073468,"{""type"":""MultiPoint"",""coordinates"":[]}",1985-11-11 00:00:00+00:00,0.889,exposed,mid_high
1_1_1_1_LT05_014036_19851127,0.1452194524776071,1985-11-27,34.56533830236853,-76.52496659073468,"{""type"":""MultiPoint"",""coordinates"":[]}",1985-11-27 00:00:00+00:00,0.849,exposed,mid_high
1_1_1_1_LT05_014036_19860130,0.1662670102324894,1986-01-30,34.56533830236853,-76.52496659073468,"{""type"":""MultiPoint"",""coordinates"":[]}",1986-01-30 00:00:00+00:00,0.325,exposed,mid_low
1_1_1_1_LT05_014036_19860420,0.1110624262520412,1986-04-20,34.56533830236853,-76.52496659073468,"{""type"":""MultiPoint"",""coordinates"":[]}",1986-04-20 00:00:00+00:00,0.633,exposed,mid_high
1_1_1_1_LT05_014036_19860506,0.1092524582244512,1986-05-06,34.56533830236853,-76.52496659073468,"{""type"":""MultiPoint"",""coordinates"":[]}",1986-05-06 00:00:00+00:00,0.831,exposed,mid_high
1_1_1_1_LT05_014036_19860810,0.1045835310567618,1986-08-10,34.56533830236853,-76.52496659073468,"{""type"":""MultiPoint"",""coordinates"":[]}",1986-08-10 00:00:00+00:00,0.41,exposed,mid_low
1_1_1_1_LT05_014036_19860826,0.1067576195040508,1986-08-26,34.56533830236853,-76.52496659073468,"{""type"":""MultiPoint"",""coordinates"":[]}",1986-08-26 00:00:00+00:00,0.234,exposed,mid_low
1_1_1_1_LT05_014036_19860927,0.1406299073136909,1986-09-27,34.56533830236853,-76.52496659073468,"{""type"":""MultiPoint"",""coordinates"":[]}",1986-09-27 00:00:00+00:00,0.291,exposed,mid_low
1_1_1_1_LT05_014036_19861216,0.1172522064403207,1986-12-16,34.56533830236853,-76.52496659073468,"{""type"":""MultiPoint"",""coordinates"":[]}",1986-12-16 00:00:00+00:00,0.743,exposed,mid_high
1_1_1_1_LT05_014036_19870306,0.1441600247440081,1987-03-06,34.56533830236853,-76.52496659073468,"{""type"":""MultiPoint"",""coordinates"":[]}",1987-03-06 00:00:00+00:00,0.124,exposed,low
1_1_1_1_LT05_014036_19870322,0.1078992893700273,1987-03-22,34.56533830236853,-76.52496659073468,"{""type"":""MultiPoint"",""coordinates"":[]}",1987-03-22 00:00:00+00:00,0.282,exposed,mid_low
1_1_1_1_LT05_014036_19870407,0.1308894215932754,1987-04-07,34.56533830236853,-76.52496659073468,"{""type"":""MultiPoint"",""coordinates"":[]}",1987-04-07 00:00:00+00:00,0.151,exposed,low
1_1_1_1_LT05_014036_19870509,0.1157409935315725,1987-05-09,34.56533830236853,-76.52496659073468,"{""type"":""MultiPoint"",""coordinates"":[]}",1987-05-09 00:00:00+00:00,0.493,exposed,mid_low
1_1_1_1_LT05_014036_19870525,0.1244750672827758,1987-05-25,34.56533830236853,-76.52496659073468,"{""type"":""MultiPoint"",""coordinates"":[]}",1987-05-25 00:00:00+00:00,0.849,exposed,mid_high
1_1_1_1_LT05_014036_19870829,0.1291645762463359,1987-08-29,34.56533830236853,-76.52496659073468,"{""type"":""MultiPoint"",""coordinates"":[]}",1987-08-29 00:00:00+00:00,0.334,exposed,mid_low
1_1_1_1_LT05_014036_19870914,0.1001640377102154,1987-09-14,34.56533830236853,-76.52496659073468,"{""type"":""MultiPoint"",""coordinates"":[]}",1987-09-14 00:00:00+00:00,0.188,exposed,low
1_1_1_1_LT05_014036_19871016,0.1309179807187177,1987-10-16,34.56533830236853,-76.52496659073468,"{""type"":""MultiPoint"",""coordinates"":[]}",1987-10-16 00:00:00+00:00,0.615,exposed,mid_high
1_1_1_1_LT05_014036_19871203,0.1282168694426367,1987-12-03,34.56533830236853,-76.52496659073468,"{""type"":""MultiPoint"",""coordinates"":[]}",1987-12-03 00:00:00+00:00,0.621,exposed,mid_high
1_1_1_1_LT05_014036_19880308,0.124934251346635,1988-03-08,34.56533830236853,-76.52496659073468,"{""type"":""MultiPoint"",""coordinates"":[]}",1988-03-08 00:00:00+00:00,0.435,exposed,mid_low
1_1_1_1_LT05_014036_19880612,0.1125916381173095,1988-06-12,34.56533830236853,-76.52496659073468,"{""type"":""MultiPoint"",""coordinates"":[]}",1988-06-12 00:00:00+00:00,1.069,exposed,high
1_1_1_1_LT05_014036_19880628,0.0981446364592827,1988-06-28,34.56533830236853,-76.52496659073468,"{""type"":""MultiPoint"",""coordinates"":[]}",1988-06-28 00:00:00+00:00,1.166,exposed,high
1_1_1_1_LT05_014036_19880730,0.1242674291668897,1988-07-30,34.56533830236853,-76.52496659073468,"{""type"":""MultiPoint"",""coordinates"":[]}",1988-07-30 00:00:00+00:00,1.06,exposed,high
1_1_1_1_LT05_014036_19881002,0.0526839926685135,1988-10-02,34.56533830236853,-76.52496659073468,"{""type"":""MultiPoint"",""coordinates"":[]}",1988-10-02 00:00:00+00:00,0.246,exposed,mid_low
1_1_1_1_LT05_014036_19881103,0.0997980892828577,1988-11-03,34.56533830236853,-76.52496659073468,"{""type"":""MultiPoint"",""coordinates"":[]}",1988-11-03 00:00:00+00:00,0.374,exposed,mid_low
1_1_1_1_LT05_014036_19881205,0.1208305862417305,1988-12-05,34.56533830236853,-76.52496659073468,"{""type"":""MultiPoint"",""coordinates"":[]}",1988-12-05 00:00:00+00:00,0.383,exposed,mid_low
1_1_1_1_LT05_014036_19890311,0.1518125084463158,1989-03-11,34.56533830236853,-76.52496659073468,"{""type"":""MultiPoint"",""coordinates"":[]}",1989-03-11 00:00:00+00:00,0.761,exposed,mid_high
1_1_1_1_LT05_014036_19890327,0.112010190038667,1989-03-27,34.56533830236853,-76.52496659073468,"{""type"":""MultiPoint"",""coordinates"":[]}",1989-03-27 00:00:00+00:00,0.462,exposed,mid_low
1_1_1_1_LT05_014036_19890530,0.1130127834648329,1989-05-30,34.56533830236853,-76.52496659073468,"{""type"":""MultiPoint"",""coordinates"":[]}",1989-05-30 00:00:00+00:00,0.243,exposed,mid_low
1_1_1_1_LT05_014036_19890615,0.1162212375320414,1989-06-15,34.56533830236853,-76.52496659073468,"{""type"":""MultiPoint"",""coordinates"":[]}",1989-06-15 00:00:00+00:00,0.608,exposed,mid_high
1_1_1_1_LT05_014036_19891005,0.1049946182979156,1989-10-05,34.56533830236853,-76.52496659073468,"{""type"":""MultiPoint"",""coordinates"":[]}",1989-10-05 00:00:00+00:00,0.535,exposed,mid_low
1_1_1_1_LT05_014036_19891021,0.1292978936507564,1989-10-21,34.56533830236853,-76.52496659073468,"{""type"":""MultiPoint"",""coordinates"":[]}",1989-10-21 00:00:00+00:00,0.215,exposed,mid_low
1_1_1_1_LT05_014036_19891106,0.1194064504986891,1989-11-06,34.56533830236853,-76.52496659073468,"{""type"":""MultiPoint"",""coordinates"":[]}",1989-11-06 00:00:00+00:00,0.2,exposed,low
1_1_1_1_LT05_014036_19900906,0.1247512461841659,1990-09-06,34.56533830236853,-76.52496659073468,"{""type"":""MultiPoint"",""coordinates"":[]}",1990-09-06 00:00:00+00:00,1.169,exposed,high
1_1_1_1_LT05_014036_19901008,0.0885553698256049,1990-10-08,34.56533830236853,-76.52496659073468,"{""type"":""MultiPoint"",""coordinates"":[]}",1990-10-08 00:00:00+00:00,0.505,exposed,mid_low
1_1_1_1_LT05_014036_19901211,0.1082102887061745,1990-12-11,34.56533830236853,-76.52496659073468,"{""type"":""MultiPoint"",""coordinates"":[]}",1990-12-11 00:00:00+00:00,0.221,exposed,mid_low
1_1_1_1_LT05_014036_19910909,0.1282805362621851,1991-09-09,34.56533830236853,-76.52496659073468,"{""type"":""MultiPoint"",""coordinates"":[]}",1991-09-09 00:00:00+00:00,1.328,exposed,high
1_1_1_1_LT05_014036_19911011,0.1129395937333104,1991-10-11,34.56533830236853,-76.52496659073468,"{""type"":""MultiPoint"",""coordinates"":[]}",1991-10-11 00:00:00+00:00,0.636,exposed,mid_high
1_1_1_1_LT05_014036_19911128,0.1144121824958756,1991-11-28,34.56533830236853,-76.52496659073468,"{""type"":""MultiPoint"",""coordinates"":[]}",1991-11-28 00:00:00+00:00,-0.026,exposed,low
1_1_1_1_LT05_014036_19911230,0.1424227780960672,1991-12-30,34.56533830236853,-76.52496659073468,"{""type"":""MultiPoint"",""coordinates"":[]}",1991-12-30 00:00:00+00:00,0.127,exposed,low
1_1_1_1_LT05_014036_19920303,0.1391199741775454,1992-03-03,34.56533830236853,-76.52496659073468,"{""type"":""MultiPoint"",""coordinates"":[]}",1992-03-03 00:00:00+00:00,0.752,exposed,mid_high
1_1_1_1_LT05_014036_19920404,0.1371253689281198,1992-04-04,34.56533830236853,-76.52496659073468,"{""type"":""MultiPoint"",""coordinates"":[]}",1992-04-04 00:00:00+00:00,1.12,exposed,high
1_1_1_1_LT05_014036_19920420,0.1736174773956781,1992-04-20,34.56533830236853,-76.52496659073468,"{""type"":""MultiPoint"",""coordinates"":[]}",1992-04-20 00:00:00+00:00,0.685,exposed,mid_high
1_1_1_1_LT05_014036_19920607,0.1343322427431232,1992-06-07,34.56533830236853,-76.52496659073468,"{""type"":""MultiPoint"",""coordinates"":[]}",1992-06-07 00:00:00+00:00,0.243,exposed,mid_low
1_1_1_1_LT05_014036_19920826,0.1248893248224056,1992-08-26,34.56533830236853,-76.52496659073468,"{""type"":""MultiPoint"",""coordinates"":[]}",1992-08-26 00:00:00+00:00,0.938,exposed,mid_high
1_1_1_1_LT05_014036_19921013,0.1150783560273024,1992-10-13,34.56533830236853,-76.52496659073468,"{""type"":""MultiPoint"",""coordinates"":[]}",1992-10-13 00:00:00+00:00,1.166,exposed,high
1_1_1_1_LT05_014036_19921029,0.1408461021761236,1992-10-29,34.56533830236853,-76.52496659073468,"{""type"":""MultiPoint"",""coordinates"":[]}",1992-10-29 00:00:00+00:00,0.611,exposed,mid_high
1_1_1_1_LT05_014036_19921130,0.1497185440203433,1992-11-30,34.56533830236853,-76.52496659073468,"{""type"":""MultiPoint"",""coordinates"":[]}",1992-11-30 00:00:00+00:00,0.2,exposed,low
1_1_1_1_LT05_014036_19930101,0.1306347338745714,1993-01-01,34.56533830236853,-76.52496659073468,"{""type"":""MultiPoint"",""coordinates"":[]}",1993-01-01 00:00:00+00:00,-0.026,exposed,low
1_1_1_1_LT05_014036_19930117,0.1586898003861675,1993-01-17,34.56533830236853,-76.52496659073468,"{""type"":""MultiPoint"",""coordinates"":[]}",1993-01-17 00:00:00+00:00,0.432,exposed,mid_low
1_1_1_1_LT05_014036_19930202,0.1468021631080081,1993-02-02,34.56533830236853,-76.52496659073468,"{""type"":""MultiPoint"",""coordinates"":[]}",1993-02-02 00:00:00+00:00,0.109,exposed,low
1_1_1_1_LT05_014036_19930306,0.158568985037411,1993-03-06,34.56533830236853,-76.52496659073468,"{""type"":""MultiPoint"",""coordinates"":[]}",1993-03-06 00:00:00+00:00,0.575,exposed,mid_low
1_1_1_1_LT05_014036_19930322,0.1543816484066024,1993-03-22,34.56533830236853,-76.52496659073468,"{""type"":""MultiPoint"",""coordinates"":[]}",1993-03-22 00:00:00+00:00,0.852,exposed,mid_high
1_1_1_1_LT05_014036_19930423,0.1461864832949406,1993-04-23,34.56533830236853,-76.52496659073468,"{""type"":""MultiPoint"",""coordinates"":[]}",1993-04-23 00:00:00+00:00,0.922,exposed,mid_high
1_1_1_1_LT05_014036_19930525,0.1052474712986383,1993-05-25,34.56533830236853,-76.52496659073468,"{""type"":""MultiPoint"",""coordinates"":[]}",1993-05-25 00:00:00+00:00,0.666,exposed,mid_high
1_1_1_1_LT05_014036_19930610,0.0889919781038857,1993-06-10,34.56533830236853,-76.52496659073468,"{""type"":""MultiPoint"",""coordinates"":[]}",1993-06-10 00:00:00+00:00,0.188,exposed,low
1_1_1_1_LT05_014036_19930728,0.1374979344511569,1993-07-28,34.56533830236853,-76.52496659073468,"{""type"":""MultiPoint"",""coordinates"":[]}",1993-07-28 00:00:00+00:00,0.331,exposed,mid_low
1_1_1_1_LT05_014036_19930829,0.1486102931981102,1993-08-29,34.56533830236853,-76.52496659073468,"{""type"":""MultiPoint"",""coordinates"":[]}",1993-08-29 00:00:00+00:00,0.874,exposed,mid_high
1_1_1_1_LT05_014036_19930930,0.1019270159817001,1993-09-30,34.56533830236853,-76.52496659073468,"{""type"":""MultiPoint"",""coordinates"":[]}",1993-09-30 00:00:00+00:00,1.032,exposed,high
1_1_1_1_LT05_014036_19931101,0.1610355900263829,1993-11-01,34.56533830236853,-76.52496659073468,"{""type"":""MultiPoint"",""coordinates"":[]}",1993-11-01 00:00:00+00:00,0.776,exposed,mid_high
1_1_1_1_LT05_014036_19940426,0.1133609911593067,1994-04-26,34.56533830236853,-76.52496659073468,"{""type"":""MultiPoint"",""coordinates"":[]}",1994-04-26 00:00:00+00:00,1.111,exposed,high
1_1_1_1_LT05_014036_19940613,0.1037176139902563,1994-06-13,34.56533830236853,-76.52496659073468,"{""type"":""MultiPoint"",""coordinates"":[]}",1994-06-13 00:00:00+00:00,0.59,exposed,mid_low
1_1_1_1_LT05_014036_19940715,0.1075502625000027,1994-07-15,34.56533830236853,-76.52496659073468,"{""type"":""MultiPoint"",""coordinates"":[]}",1994-07-15 00:00:00+00:00,0.069,exposed,low
1_1_1_1_LT05_014036_19940901,0.1332090943322766,1994-09-01,34.56533830236853,-76.52496659073468,"{""type"":""MultiPoint"",""coordinates"":[]}",1994-09-01 00:00:00+00:00,0.487,exposed,mid_low
1_1_1_1_LT05_014036_19941019,0.112093202806199,1994-10-19,34.56533830236853,-76.52496659073468,"{""type"":""MultiPoint"",""coordinates"":[]}",1994-10-19 00:00:00+00:00,1.108,exposed,high
1_1_1_1_LT05_014036_19941104,0.1140344124099616,1994-11-04,34.56533830236853,-76.52496659073468,"{""type"":""MultiPoint"",""coordinates"":[]}",1994-11-04 00:00:00+00:00,0.864,exposed,mid_high
1_1_1_1_LT05_014036_19950312,0.1285746591927819,1995-03-12,34.56533830236853,-76.52496659073468,"{""type"":""MultiPoint"",""coordinates"":[]}",1995-03-12 00:00:00+00:00,0.17,exposed,low
1_1_1_1_LT05_014036_19950429,0.1174660289342165,1995-04-29,34.56533830236853,-76.52496659073468,"{""type"":""MultiPoint"",""coordinates"":[]}",1995-04-29 00:00:00+00:00,1.06,exposed,high
1_1_1_1_LT05_014036_19950904,0.1373058524471651,1995-09-04,34.56533830236853,-76.52496659073468,"{""type"":""MultiPoint"",""coordinates"":[]}",1995-09-04 00:00:00+00:00,0.551,exposed,mid_low
1_1_1_1_LT05_014036_19951022,0.1142579316468296,1995-10-22,34.56533830236853,-76.52496659073468,"{""type"":""MultiPoint"",""coordinates"":[]}",1995-10-22 00:00:00+00:00,0.932,exposed,mid_high
1_1_1_1_LT05_014036_19951123,0.1118881014279104,1995-11-23,34.56533830236853,-76.52496659073468,"{""type"":""MultiPoint"",""coordinates"":[]}",1995-11-23 00:00:00+00:00,1.108,exposed,high
1_1_1_1_LT05_014036_19951225,0.1037984456029338,1995-12-25,34.56533830236853,-76.52496659073468,"{""type"":""MultiPoint"",""coordinates"":[]}",1995-12-25 00:00:00+00:00,0.534,exposed,mid_low
1_1_1_1_LT05_014036_19960211,0.1454225453256866,1996-02-11,34.56533830236853,-76.52496659073468,"{""type"":""MultiPoint"",""coordinates"":[]}",1996-02-11 00:00:00+00:00,0.023,exposed,low
1_1_1_1_LT05_014036_19960314,0.1470676175744731,1996-03-14,34.56533830236853,-76.52496659073468,"{""type"":""MultiPoint"",""coordinates"":[]}",1996-03-14 00:00:00+00:00,0.125,exposed,low
1_1_1_1_LT05_014036_19960501,0.1225495927803496,1996-05-01,34.56533830236853,-76.52496659073468,"{""type"":""MultiPoint"",""coordinates"":[]}",1996-05-01 00:00:00+00:00,0.879,exposed,mid_high
1_1_1_1_LT05_014036_19960704,0.1004851311818116,1996-07-04,34.56533830236853,-76.52496659073468,"{""type"":""MultiPoint"",""coordinates"":[]}",1996-07-04 00:00:00+00:00,0.739,exposed,mid_high
1_1_1_1_LT05_014036_19960821,0.1006399368730311,1996-08-21,34.56533830236853,-76.52496659073468,"{""type"":""MultiPoint"",""coordinates"":[]}",1996-08-21 00:00:00+00:00,0.252,exposed,mid_low
1_1_1_1_LT05_014036_19961024,0.1180276928474665,1996-10-24,34.56533830236853,-76.52496659073468,"{""type"":""MultiPoint"",""coordinates"":[]}",1996-10-24 00:00:00+00:00,0.962,exposed,mid_high
1_1_1_1_LT05_014036_19961109,0.1588376172858741,1996-11-09,34.56533830236853,-76.52496659073468,"{""type"":""MultiPoint"",""coordinates"":[]}",1996-11-09 00:00:00+00:00,1.154,exposed,high
1_1_1_1_LT05_014036_19961211,0.1129223934427905,1996-12-11,34.56533830236853,-76.52496659073468,"{""type"":""MultiPoint"",""coordinates"":[]}",1996-12-11 00:00:00+00:00,1.153,exposed,high
1_1_1_1_LT05_014036_19970112,0.0642767266199833,1997-01-12,34.56533830236853,-76.52496659073468,"{""type"":""MultiPoint"",""coordinates"":[]}",1997-01-12 00:00:00+00:00,0.42,exposed,mid_low
1_1_1_1_LT05_014036_19970504,0.1153727825589795,1997-05-04,34.56533830236853,-76.52496659073468,"{""type"":""MultiPoint"",""coordinates"":[]}",1997-05-04 00:00:00+00:00,0.896,exposed,mid_high
1_1_1_1_LT05_014036_19970621,0.1366421496205938,1997-06-21,34.56533830236853,-76.52496659073468,"{""type"":""MultiPoint"",""coordinates"":[]}",1997-06-21 00:00:00+00:00,1.192,exposed,high
1_1_1_1_LT05_014036_19971011,0.1560600423879894,1997-10-11,34.56533830236853,-76.52496659073468,"{""type"":""MultiPoint"",""coordinates"":[]}",1997-10-11 00:00:00+00:00,0.256,exposed,mid_low
1_1_1_1_LT05_014036_19980131,0.1397753425813065,1998-01-31,34.56533830236853,-76.52496659073468,"{""type"":""MultiPoint"",""coordinates"":[]}",1998-01-31 00:00:00+00:00,0.894,exposed,mid_high
1_1_1_1_LT05_014036_19980304,0.1316874531569501,1998-03-04,34.56533830236853,-76.52496659073468,"{""type"":""MultiPoint"",""coordinates"":[]}",1998-03-04 00:00:00+00:00,0.194,exposed,low
1_1_1_1_LT05_014036_19980421,0.1334099220962563,1998-04-21,34.56533830236853,-76.52496659073468,"{""type"":""MultiPoint"",""coordinates"":[]}",1998-04-21 00:00:00+00:00,0.153,exposed,low
1_1_1_1_LT05_014036_19980608,0.0961857986183516,1998-06-08,34.56533830236853,-76.52496659073468,"{""type"":""MultiPoint"",""coordinates"":[]}",1998-06-08 00:00:00+00:00,0.923,exposed,mid_high
1_1_1_1_LT05_014036_19980811,0.1244995625394879,1998-08-11,34.56533830236853,-76.52496659073468,"{""type"":""MultiPoint"",""coordinates"":[]}",1998-08-11 00:00:00+00:00,0.736,exposed,mid_high
1_1_1_1_LT05_014036_19980912,0.1182813548092935,1998-09-12,34.56533830236853,-76.52496659073468,"{""type"":""MultiPoint"",""coordinates"":[]}",1998-09-12 00:00:00+00:00,0.175,exposed,low
1_1_1_1_LT05_014036_19981014,0.1335502010186018,1998-10-14,34.56533830236853,-76.52496659073468,"{""type"":""MultiPoint"",""coordinates"":[]}",1998-10-14 00:00:00+00:00,0.513,exposed,mid_low
1_1_1_1_LT05_014036_19981030,0.1126377691308718,1998-10-30,34.56533830236853,-76.52496659073468,"{""type"":""MultiPoint"",""coordinates"":[]}",1998-10-30 00:00:00+00:00,0.307,exposed,mid_low
1_1_1_1_LT05_014036_19981201,0.1267152912714462,1998-12-01,34.56533830236853,-76.52496659073468,"{""type"":""MultiPoint"",""coordinates"":[]}",1998-12-01 00:00:00+00:00,0.495,exposed,mid_low
1_1_1_1_LT05_014036_19981217,0.1380956284714254,1998-12-17,34.56533830236853,-76.52496659073468,"{""type"":""MultiPoint"",""coordinates"":[]}",1998-12-17 00:00:00+00:00,1.021,exposed,high
1_1_1_1_LT05_014036_19990307,0.1480289436284973,1999-03-07,34.56533830236853,-76.52496659073468,"{""type"":""MultiPoint"",""coordinates"":[]}",1999-03-07 00:00:00+00:00,0.228,exposed,mid_low
1_1_1_1_LT05_014036_19990323,0.1233745009968546,1999-03-23,34.56533830236853,-76.52496659073468,"{""type"":""MultiPoint"",""coordinates"":[]}",1999-03-23 00:00:00+00:00,-0.026,exposed,low
1_1_1_1_LT05_014036_19990408,0.1436187236082707,1999-04-08,34.56533830236853,-76.52496659073468,"{""type"":""MultiPoint"",""coordinates"":[]}",1999-04-08 00:00:00+00:00,0.213,exposed,mid_low
1_1_1_1_LT05_014036_19990627,0.1110317201127987,1999-06-27,34.56533830236853,-76.52496659073468,"{""type"":""MultiPoint"",""coordinates"":[]}",1999-06-27 00:00:00+00:00,1.021,exposed,high
1_1_1_2_LE07_014036_19990705,0.0827188129941754,1999-07-05,34.56533830236853,-76.52496659073468,"{""type"":""MultiPoint"",""coordinates"":[]}",1999-07-05 00:00:00+00:00,0.18,exposed,low
1_1_1_2_LE07_014036_19990806,0.1386597876965537,1999-08-06,34.56533830236853,-76.52496659073468,"{""type"":""MultiPoint"",""coordinates"":[]}",1999-08-06 00:00:00+00:00,0.371,exposed,mid_low
1_1_1_1_LT05_014036_19990814,0.0997965320321099,1999-08-14,34.56533830236853,-76.52496659073468,"{""type"":""MultiPoint"",""coordinates"":[]}",1999-08-14 00:00:00+00:00,0.836,exposed,mid_high
1_1_1_2_LE07_014036_19990923,0.1254750573248896,1999-09-23,34.56533830236853,-76.52496659073468,"{""type"":""MultiPoint"",""coordinates"":[]}",1999-09-23 00:00:00+00:00,1.278,exposed,high
1_1_1_1_LT05_014036_19991001,0.1029230062700865,1999-10-01,34.56533830236853,-76.52496659073468,"{""type"":""MultiPoint"",""coordinates"":[]}",1999-10-01 00:00:00+00:00,0.349,exposed,mid_low
1_1_1_2_LE07_014036_19991009,0.1016654518376187,1999-10-09,34.56533830236853,-76.52496659073468,"{""type"":""MultiPoint"",""coordinates"":[]}",1999-10-09 00:00:00+00:00,1.212,exposed,high
1_1_1_2_LE07_014036_19991025,0.1181205982551255,1999-10-25,34.56533830236853,-76.52496659073468,"{""type"":""MultiPoint"",""coordinates"":[]}",1999-10-25 00:00:00+00:00,1.197,exposed,high
1_1_1_1_LT05_014036_19991118,0.1321484792704074,1999-11-18,34.56533830236853,-76.52496659073468,"{""type"":""MultiPoint"",""coordinates"":[]}",1999-11-18 00:00:00+00:00,0.413,exposed,mid_low
1_1_1_1_LT05_014036_19991204,0.1061782403009047,1999-12-04,34.56533830236853,-76.52496659073468,"{""type"":""MultiPoint"",""coordinates"":[]}",1999-12-04 00:00:00+00:00,0.695,exposed,mid_high
1_1_1_2_LE07_014036_19991228,0.1029398962239594,1999-12-28,34.56533830236853,-76.52496659073468,"{""type"":""MultiPoint"",""coordinates"":[]}",1999-12-28 00:00:00+00:00,0.066,exposed,low
1_1_1_1_LT05_014036_20000105,0.1333403399777561,2000-01-05,34.56533830236853,-76.52496659073468,"{""type"":""MultiPoint"",""coordinates"":[]}",2000-01-05 00:00:00+00:00,0.702,exposed,mid_high
1_1_1_2_LE07_014036_20000113,0.1416350687249325,2000-01-13,34.56533830236853,-76.52496659073468,"{""type"":""MultiPoint"",""coordinates"":[]}",2000-01-13 00:00:00+00:00,0.102,exposed,low
1_1_1_1_LT05_014036_20000121,0.1354676398200795,2000-01-21,34.56533830236853,-76.52496659073468,"{""type"":""MultiPoint"",""coordinates"":[]}",2000-01-21 00:00:00+00:00,0.994,exposed,mid_high
1_1_1_1_LT05_014036_20000206,0.1102687388691657,2000-02-06,34.56533830236853,-76.52496659073468,"{""type"":""MultiPoint"",""coordinates"":[]}",2000-02-06 00:00:00+00:00,0.727,exposed,mid_high
1_1_1_1_LT05_014036_20000222,0.1523391959906321,2000-02-22,34.56533830236853,-76.52496659073468,"{""type"":""MultiPoint"",""coordinates"":[]}",2000-02-22 00:00:00+00:00,0.592,exposed,mid_low
1_1_1_2_LE07_014036_20000301,0.1185460511388436,2000-03-01,34.56533830236853,-76.52496659073468,"{""type"":""MultiPoint"",""coordinates"":[]}",2000-03-01 00:00:00+00:00,0.346,exposed,mid_low
1_1_1_1_LT05_014036_20000309,0.1238836109582701,2000-03-09,34.56533830236853,-76.52496659073468,"{""type"":""MultiPoint"",""coordinates"":[]}",2000-03-09 00:00:00+00:00,0.627,exposed,mid_high
1_1_1_1_LT05_014036_20000410,0.1324811605321781,2000-04-10,34.56533830236853,-76.52496659073468,"{""type"":""MultiPoint"",""coordinates"":[]}",2000-04-10 00:00:00+00:00,0.179,exposed,low
1_1_1_2_LE07_014036_20000504,0.1013214953967359,2000-05-04,34.56533830236853,-76.52496659073468,"{""type"":""MultiPoint"",""coordinates"":[]}",2000-05-04 00:00:00+00:00,1.153,exposed,high
1_1_1_1_LT05_014036_20000512,0.1237418046790446,2000-05-12,34.56533830236853,-76.52496659073468,"{""type"":""MultiPoint"",""coordinates"":[]}",2000-05-12 00:00:00+00:00,0.192,exposed,low
1_1_1_2_LE07_014036_20000520,0.0799027821546203,2000-05-20,34.56533830236853,-76.52496659073468,"{""type"":""MultiPoint"",""coordinates"":[]}",2000-05-20 00:00:00+00:00,0.82,exposed,mid_high
1_1_1_2_LE07_014036_20000808,0.0866819837280577,2000-08-08,34.56533830236853,-76.52496659073468,"{""type"":""MultiPoint"",""coordinates"":[]}",2000-08-08 00:00:00+00:00,0.287,exposed,mid_low
1_1_1_1_LT05_014036_20000816,0.1272356564939296,2000-08-16,34.56533830236853,-76.52496659073468,"{""type"":""MultiPoint"",""coordinates"":[]}",2000-08-16 00:00:00+00:00,1.134,exposed,high
1_1_1_1_LT05_014036_20001003,0.1245860015502566,2000-10-03,34.56533830236853,-76.52496659073468,"{""type"":""MultiPoint"",""coordinates"":[]}",2000-10-03 00:00:00+00:00,0.596,exposed,mid_low
1_1_1_1_LT05_014036_20001019,0.1212040202634296,2000-10-19,34.56533830236853,-76.52496659073468,"{""type"":""MultiPoint"",""coordinates"":[]}",2000-10-19 00:00:00+00:00,0.392,exposed,mid_low
1_1_1_2_LE07_014036_20001128,0.1221809046541927,2000-11-28,34.56533830236853,-76.52496659073468,"{""type"":""MultiPoint"",""coordinates"":[]}",2000-11-28 00:00:00+00:00,0.808,exposed,mid_high
1_1_1_1_LT05_014036_20010208,0.1332824619552075,2001-02-08,34.56533830236853,-76.52496659073468,"{""type"":""MultiPoint"",""coordinates"":[]}",2001-02-08 00:00:00+00:00,0.839,exposed,mid_high
1_1_1_1_LT05_014036_20010224,0.1163075019249356,2001-02-24,34.56533830236853,-76.52496659073468,"{""type"":""MultiPoint"",""coordinates"":[]}",2001-02-24 00:00:00+00:00,0.839,exposed,mid_high
1_1_1_1_LT05_014036_20010328,0.1384631155594414,2001-03-28,34.56533830236853,-76.52496659073468,"{""type"":""MultiPoint"",""coordinates"":[]}",2001-03-28 00:00:00+00:00,0.672,exposed,mid_high
1_1_1_2_LE07_014036_20010405,0.1409517078889436,2001-04-05,34.56533830236853,-76.52496659073468,"{""type"":""MultiPoint"",""coordinates"":[]}",2001-04-05 00:00:00+00:00,0.617,exposed,mid_high
1_1_1_1_LT05_014036_20010429,0.1410787946782745,2001-04-29,34.56533830236853,-76.52496659073468,"{""type"":""MultiPoint"",""coordinates"":[]}",2001-04-29 00:00:00+00:00,0.174,exposed,low
1_1_1_1_LT05_014036_20010803,0.1171517687373514,2001-08-03,34.56533830236853,-76.52496659073468,"{""type"":""MultiPoint"",""coordinates"":[]}",2001-08-03 00:00:00+00:00,1.081,exposed,high
1_1_1_2_LE07_014036_20010827,0.1079928313795264,2001-08-27,34.56533830236853,-76.52496659073468,"{""type"":""MultiPoint"",""coordinates"":[]}",2001-08-27 00:00:00+00:00,0.437,exposed,mid_low
1_1_1_2_LE07_014036_20010912,0.123277417278964,2001-09-12,34.56533830236853,-76.52496659073468,"{""type"":""MultiPoint"",""coordinates"":[]}",2001-09-12 00:00:00+00:00,0.359,exposed,mid_low
1_1_1_2_LE07_014036_20010928,0.1237225157220061,2001-09-28,34.56533830236853,-76.52496659073468,"{""type"":""MultiPoint"",""coordinates"":[]}",2001-09-28 00:00:00+00:00,0.791,exposed,mid_high
1_1_1_2_LE07_014036_20011030,0.1148950644492944,2001-10-30,34.56533830236853,-76.52496659073468,"{""type"":""MultiPoint"",""coordinates"":[]}",2001-10-30 00:00:00+00:00,0.943,exposed,mid_high
1_1_1_1_LT05_014036_20011107,0.127158238818106,2001-11-07,34.56533830236853,-76.52496659073468,"{""type"":""MultiPoint"",""coordinates"":[]}",2001-11-07 00:00:00+00:00,0.261,exposed,mid_low
1_1_1_1_LT05_014036_20020110,0.1466185007272231,2002-01-10,34.56533830236853,-76.52496659073468,"{""type"":""MultiPoint"",""coordinates"":[]}",2002-01-10 00:00:00+00:00,0.334,exposed,mid_low
1_1_1_1_LT05_014036_20020126,0.1315325040634365,2002-01-26,34.56533830236853,-76.52496659073468,"{""type"":""MultiPoint"",""coordinates"":[]}",2002-01-26 00:00:00+00:00,0.393,exposed,mid_low
1_1_1_1_LT05_014036_20020211,0.1299753261505936,2002-02-11,34.56533830236853,-76.52496659073468,"{""type"":""MultiPoint"",""coordinates"":[]}",2002-02-11 00:00:00+00:00,0.831,exposed,mid_high
1_1_1_2_LE07_014036_20020219,0.1169740431903062,2002-02-19,34.56533830236853,-76.52496659073468,"{""type"":""MultiPoint"",""coordinates"":[]}",2002-02-19 00:00:00+00:00,0.215,exposed,mid_low
1_1_1_2_LE07_014036_20020323,0.1351216662958256,2002-03-23,34.56533830236853,-76.52496659073468,"{""type"":""MultiPoint"",""coordinates"":[]}",2002-03-23 00:00:00+00:00,0.221,exposed,mid_low
1_1_1_2_LE07_014036_20020424,0.1284570611976232,2002-04-24,34.56533830236853,-76.52496659073468,"{""type"":""MultiPoint"",""coordinates"":[]}",2002-04-24 00:00:00+00:00,0.773,exposed,mid_high
1_1_1_2_LE07_014036_20020510,0.1206791459595121,2002-05-10,34.56533830236853,-76.52496659073468,"{""type"":""MultiPoint"",""coordinates"":[]}",2002-05-10 00:00:00+00:00,0.938,exposed,mid_high
1_1_1_2_LE07_014036_20020611,0.1092138065241296,2002-06-11,34.56533830236853,-76.52496659073468,"{""type"":""MultiPoint"",""coordinates"":[]}",2002-06-11 00:00:00+00:00,1.175,exposed,high
1_1_1_1_LT05_014036_20020705,0.1705497122374841,2002-07-05,34.56533830236853,-76.52496659073468,"{""type"":""MultiPoint"",""coordinates"":[]}",2002-07-05 00:00:00+00:00,0.365,exposed,mid_low
1_1_1_2_LE07_014036_20020729,0.099936189149075,2002-07-29,34.56533830236853,-76.52496659073468,"{""type"":""MultiPoint"",""coordinates"":[]}",2002-07-29 00:00:00+00:00,0.496,exposed,mid_low
1_1_1_1_LT05_014036_20020822,0.1347329366763071,2002-08-22,34.56533830236853,-76.52496659073468,"{""type"":""MultiPoint"",""coordinates"":[]}",2002-08-22 00:00:00+00:00,1.181,exposed,high
1_1_1_2_LE07_014036_20021001,0.1323741921202476,2002-10-01,34.56533830236853,-76.52496659073468,"{""type"":""MultiPoint"",""coordinates"":[]}",2002-10-01 00:00:00+00:00,0.545,exposed,mid_low
1_1_1_2_LE07_014036_20021017,0.1353950905660793,2002-10-17,34.56533830236853,-76.52496659073468,"{""type"":""MultiPoint"",""coordinates"":[]}",2002-10-17 00:00:00+00:00,1.066,exposed,high
1_1_1_2_LE07_014036_20021102,0.1158960137464878,2002-11-02,34.56533830236853,-76.52496659073468,"{""type"":""MultiPoint"",""coordinates"":[]}",2002-11-02 00:00:00+00:00,0.782,exposed,mid_high
1_1_1_2_LE07_014036_20021118,0.1424121849052955,2002-11-18,34.56533830236853,-76.52496659073468,"{""type"":""MultiPoint"",""coordinates"":[]}",2002-11-18 00:00:00+00:00,1.238,exposed,high
1_1_1_1_LT05_014036_20021228,0.1545274660789941,2002-12-28,34.56533830236853,-76.52496659073468,"{""type"":""MultiPoint"",""coordinates"":[]}",2002-12-28 00:00:00+00:00,0.031,exposed,low
1_1_1_2_LE07_014036_20030105,0.117237133718148,2003-01-05,34.56533830236853,-76.52496659073468,"{""type"":""MultiPoint"",""coordinates"":[]}",2003-01-05 00:00:00+00:00,0.797,exposed,mid_high
1_1_1_2_LE07_014036_20030310,0.1110290556181413,2003-03-10,34.56533830236853,-76.52496659073468,"{""type"":""MultiPoint"",""coordinates"":[]}",2003-03-10 00:00:00+00:00,0.343,exposed,mid_low
1_1_1_2_LE07_014036_20030326,0.1221480918323938,2003-03-26,34.56533830236853,-76.52496659073468,"{""type"":""MultiPoint"",""coordinates"":[]}",2003-03-26 00:00:00+00:00,0.184,exposed,low
1_1_1_1_LT05_014036_20030403,0.14560113981977,2003-04-03,34.56533830236853,-76.52496659073468,"{""type"":""MultiPoint"",""coordinates"":[]}",2003-04-03 00:00:00+00:00,0.763,exposed,mid_high
1_1_1_2_LE07_014036_20030513,0.1091691900875559,2003-05-13,34.56533830236853,-76.52496659073468,"{""type"":""MultiPoint"",""coordinates"":[]}",2003-05-13 00:00:00+00:00,0.607,exposed,mid_high
1_1_1_1_LT05_014036_20030622,0.1126666280631242,2003-06-22,34.56533830236853,-76.52496659073468,"{""type"":""MultiPoint"",""coordinates"":[]}",2003-06-22 00:00:00+00:00,0.402,exposed,mid_low
1_1_1_1_LT05_014036_20030825,0.1501794081739548,2003-08-25,34.56533830236853,-76.52496659073468,"{""type"":""MultiPoint"",""coordinates"":[]}",2003-08-25 00:00:00+00:00,0.909,exposed,mid_high
1_1_1_2_LE07_014036_20030902,0.1006831565107717,2003-09-02,34.56533830236853,-76.52496659073468,"{""type"":""MultiPoint"",""coordinates"":[]}",2003-09-02 00:00:00+00:00,0.143,exposed,low
1_1_1_2_LE07_014036_20031020,0.1132738898297577,2003-10-20,34.56533830236853,-76.52496659073468,"{""type"":""MultiPoint"",""coordinates"":[]}",2003-10-20 00:00:00+00:00,0.458,exposed,mid_low
1_1_1_2_LE07_014036_20031121,0.1347924465151823,2003-11-21,34.56533830236853,-76.52496659073468,"{""type"":""MultiPoint"",""coordinates"":[]}",2003-11-21 00:00:00+00:00,0.733,exposed,mid_high
1_1_1_1_LT05_014036_20031129,0.1636794418364396,2003-11-29,34.56533830236853,-76.52496659073468,"{""type"":""MultiPoint"",""coordinates"":[]}",2003-11-29 00:00:00+00:00,0.369,exposed,mid_low
1_1_1_2_LE07_014036_20031207,0.1312609718380334,2003-12-07,34.56533830236853,-76.52496659073468,"{""type"":""MultiPoint"",""coordinates"":[]}",2003-12-07 00:00:00+00:00,0.813,exposed,mid_high
1_1_1_1_LT05_014036_20031215,0.1603733811574714,2003-12-15,34.56533830236853,-76.52496659073468,"{""type"":""MultiPoint"",""coordinates"":[]}",2003-12-15 00:00:00+00:00,0.257,exposed,mid_low
1_1_1_2_LE07_014036_20031223,0.1320806214318041,2003-12-23,34.56533830236853,-76.52496659073468,"{""type"":""MultiPoint"",""coordinates"":[]}",2003-12-23 00:00:00+00:00,0.823,exposed,mid_high
1_1_1_1_LT05_014036_20031231,0.1334636655855915,2003-12-31,34.56533830236853,-76.52496659073468,"{""type"":""MultiPoint"",""coordinates"":[]}",2003-12-31 00:00:00+00:00,-0.178,exposed,low
1_1_1_2_LE07_014036_20040108,0.1042880891659265,2004-01-08,34.56533830236853,-76.52496659073468,"{""type"":""MultiPoint"",""coordinates"":[]}",2004-01-08 00:00:00+00:00,0.758,exposed,mid_high
1_1_1_1_LT05_014036_20040116,0.1286728354594702,2004-01-16,34.56533830236853,-76.52496659073468,"{""type"":""MultiPoint"",""coordinates"":[]}",2004-01-16 00:00:00+00:00,0.015,exposed,low
1_1_1_2_LE07_014036_20040124,0.1391354683441398,2004-01-24,34.56533830236853,-76.52496659073468,"{""type"":""MultiPoint"",""coordinates"":[]}",2004-01-24 00:00:00+00:00,0.609,exposed,mid_high
1_1_1_2_LE07_014036_20040312,0.1332935193087567,2004-03-12,34.56533830236853,-76.52496659073468,"{""type"":""MultiPoint"",""coordinates"":[]}",2004-03-12 00:00:00+00:00,0.416,exposed,mid_low
1_1_1_1_LT05_014036_20040320,0.1387102222142455,2004-03-20,34.56533830236853,-76.52496659073468,"{""type"":""MultiPoint"",""coordinates"":[]}",2004-03-20 00:00:00+00:00,1.096,exposed,high
1_1_1_1_LT05_014036_20040405,0.1192808863294991,2004-04-05,34.56533830236853,-76.52496659073468,"{""type"":""MultiPoint"",""coordinates"":[]}",2004-04-05 00:00:00+00:00,1.078,exposed,high
1_1_1_1_LT05_014036_20040507,0.1306244663346866,2004-05-07,34.56533830236853,-76.52496659073468,"{""type"":""MultiPoint"",""coordinates"":[]}",2004-05-07 00:00:00+00:00,0.888,exposed,mid_high
1_1_1_1_LT05_014036_20040523,0.1161332619159667,2004-05-23,34.56533830236853,-76.52496659073468,"{""type"":""MultiPoint"",""coordinates"":[]}",2004-05-23 00:00:00+00:00,0.554,exposed,mid_low
1_1_1_1_LT05_014036_20040710,0.1123192176200774,2004-07-10,34.56533830236853,-76.52496659073468,"{""type"":""MultiPoint"",""coordinates"":[]}",2004-07-10 00:00:00+00:00,0.225,exposed,mid_low
1_1_1_2_LE07_014036_20040819,0.1088862589463539,2004-08-19,34.56533830236853,-76.52496659073468,"{""type"":""MultiPoint"",""coordinates"":[]}",2004-08-19 00:00:00+00:00,0.748,exposed,mid_high
1_1_1_1_LT05_014036_20041030,0.1369073064429793,2004-10-30,34.56533830236853,-76.52496659073468,"{""type"":""MultiPoint"",""coordinates"":[]}",2004-10-30 00:00:00+00:00,0.971,exposed,mid_high
1_1_1_2_LE07_014036_20041107,0.1135659462201066,2004-11-07,34.56533830236853,-76.52496659073468,"{""type"":""MultiPoint"",""coordinates"":[]}",2004-11-07 00:00:00+00:00,0.278,exposed,mid_low
1_1_1_1_LT05_014036_20041115,0.1344588119816423,2004-11-15,34.56533830236853,-76.52496659073468,"{""type"":""MultiPoint"",""coordinates"":[]}",2004-11-15 00:00:00+00:00,0.72,exposed,mid_high
1_1_1_1_LT05_014036_20050118,0.153672404732833,2005-01-18,34.56533830236853,-76.52496659073468,"{""type"":""MultiPoint"",""coordinates"":[]}",2005-01-18 00:00:00+00:00,0.216,exposed,mid_low
1_1_1_2_LE07_014036_20050211,0.115767788561358,2005-02-11,34.56533830236853,-76.52496659073468,"{""type"":""MultiPoint"",""coordinates"":[]}",2005-02-11 00:00:00+00:00,0.861,exposed,mid_high
1_1_1_1_LT05_014036_20050219,0.1242273584651239,2005-02-19,34.56533830236853,-76.52496659073468,"{""type"":""MultiPoint"",""coordinates"":[]}",2005-02-19 00:00:00+00:00,0.251,exposed,mid_low
1_1_1_1_LT05_014036_20050307,0.1438459534196698,2005-03-07,34.56533830236853,-76.52496659073468,"{""type"":""MultiPoint"",""coordinates"":[]}",2005-03-07 00:00:00+00:00,0.454,exposed,mid_low
1_1_1_2_LE07_014036_20050315,0.1467203914093983,2005-03-15,34.56533830236853,-76.52496659073468,"{""type"":""MultiPoint"",""coordinates"":[]}",2005-03-15 00:00:00+00:00,0.368,exposed,mid_low
1_1_1_2_LE07_014036_20050502,0.1223654274227986,2005-05-02,34.56533830236853,-76.52496659073468,"{""type"":""MultiPoint"",""coordinates"":[]}",2005-05-02 00:00:00+00:00,0.04,exposed,low
1_1_1_1_LT05_014036_20050510,0.1081727756221707,2005-05-10,34.56533830236853,-76.52496659073468,"{""type"":""MultiPoint"",""coordinates"":[]}",2005-05-10 00:00:00+00:00,1.135,exposed,high
1_1_1_2_LE07_014036_20050518,0.0958555065605414,2005-05-18,34.56533830236853,-76.52496659073468,"{""type"":""MultiPoint"",""coordinates"":[]}",2005-05-18 00:00:00+00:00,0.37,exposed,mid_low
1_1_1_1_LT05_014036_20050526,0.0913472400346836,2005-05-26,34.56533830236853,-76.52496659073468,"{""type"":""MultiPoint"",""coordinates"":[]}",2005-05-26 00:00:00+00:00,1.205,exposed,high
1_1_1_1_LT05_014036_20050814,0.1269030333243103,2005-08-14,34.56533830236853,-76.52496659073468,"{""type"":""MultiPoint"",""coordinates"":[]}",2005-08-14 00:00:00+00:00,0.285,exposed,mid_low
1_1_1_2_LE07_014036_20050923,0.1186891342777062,2005-09-23,34.56533830236853,-76.52496659073468,"{""type"":""MultiPoint"",""coordinates"":[]}",2005-09-23 00:00:00+00:00,0.41,exposed,mid_low
1_1_1_1_LT05_014036_20051017,0.121506512373592,2005-10-17,34.56533830236853,-76.52496659073468,"{""type"":""MultiPoint"",""coordinates"":[]}",2005-10-17 00:00:00+00:00,1.44,exposed,high
1_1_1_2_LE07_014036_20051025,0.1238067169191844,2005-10-25,34.56533830236853,-76.52496659073468,"{""type"":""MultiPoint"",""coordinates"":[]}",2005-10-25 00:00:00+00:00,0.43,exposed,mid_low
1_1_1_2_LE07_014036_20051126,0.0174114482766214,2005-11-26,34.56533830236853,-76.52496659073468,"{""type"":""MultiPoint"",""coordinates"":[]}",2005-11-26 00:00:00+00:00,0.214,exposed,mid_low
1_1_1_2_LE07_014036_20051212,0.1427465460811864,2005-12-12,34.56533830236853,-76.52496659073468,"{""type"":""MultiPoint"",""coordinates"":[]}",2005-12-12 00:00:00+00:00,0.377,exposed,mid_low
1_1_1_2_LE07_014036_20060214,0.1437519199666325,2006-02-14,34.56533830236853,-76.52496659073468,"{""type"":""MultiPoint"",""coordinates"":[]}",2006-02-14 00:00:00+00:00,0.833,exposed,mid_high
1_1_1_2_LE07_014036_20060302,0.1440120546998613,2006-03-02,34.56533830236853,-76.52496659073468,"{""type"":""MultiPoint"",""coordinates"":[]}",2006-03-02 00:00:00+00:00,0.899,exposed,mid_high
1_1_1_2_LE07_014036_20060318,0.1205840182633029,2006-03-18,34.56533830236853,-76.52496659073468,"{""type"":""MultiPoint"",""coordinates"":[]}",2006-03-18 00:00:00+00:00,0.744,exposed,mid_high
1_1_1_1_LT05_014036_20060411,0.1268897246093864,2006-04-11,34.56533830236853,-76.52496659073468,"{""type"":""MultiPoint"",""coordinates"":[]}",2006-04-11 00:00:00+00:00,0.897,exposed,mid_high
1_1_1_1_LT05_014036_20060513,0.1197267172091947,2006-05-13,34.56533830236853,-76.52496659073468,"{""type"":""MultiPoint"",""coordinates"":[]}",2006-05-13 00:00:00+00:00,1.278,exposed,high
1_1_1_2_LE07_014036_20060521,0.1111617559652302,2006-05-21,34.56533830236853,-76.52496659073468,"{""type"":""MultiPoint"",""coordinates"":[]}",2006-05-21 00:00:00+00:00,0.137,exposed,low
1_1_1_1_LT05_014036_20060630,0.1162392422354352,2006-06-30,34.56533830236853,-76.52496659073468,"{""type"":""MultiPoint"",""coordinates"":[]}",2006-06-30 00:00:00+00:00,0.546,exposed,mid_low
1_1_1_1_LT05_014036_20060801,0.1243857087072035,2006-08-01,34.56533830236853,-76.52496659073468,"{""type"":""MultiPoint"",""coordinates"":[]}",2006-08-01 00:00:00+00:00,0.253,exposed,mid_low
1_1_1_1_LT05_014036_20060918,0.1382531397063027,2006-09-18,34.56533830236853,-76.52496659073468,"{""type"":""MultiPoint"",""coordinates"":[]}",2006-09-18 00:00:00+00:00,1.003,exposed,high
1_1_1_2_LE07_014036_20060926,0.1104407097763613,2006-09-26,34.56533830236853,-76.52496659073468,"{""type"":""MultiPoint"",""coordinates"":[]}",2006-09-26 00:00:00+00:00,0.617,exposed,mid_high
1_1_1_1_LT05_014036_20061004,0.1364255408268008,2006-10-04,34.56533830236853,-76.52496659073468,"{""type"":""MultiPoint"",""coordinates"":[]}",2006-10-04 00:00:00+00:00,0.784,exposed,mid_high
1_1_1_2_LE07_014036_20061012,0.1199805121318748,2006-10-12,34.56533830236853,-76.52496659073468,"{""type"":""MultiPoint"",""coordinates"":[]}",2006-10-12 00:00:00+00:00,0.45,exposed,mid_low
1_1_1_1_LT05_014036_20061020,0.1346303987850777,2006-10-20,34.56533830236853,-76.52496659073468,"{""type"":""MultiPoint"",""coordinates"":[]}",2006-10-20 00:00:00+00:00,1.144,exposed,high
1_1_1_1_LT05_014036_20061105,0.1377581213325799,2006-11-05,34.56533830236853,-76.52496659073468,"{""type"":""MultiPoint"",""coordinates"":[]}",2006-11-05 00:00:00+00:00,1.074,exposed,high
1_1_1_2_LE07_014036_20070217,0.1282461818690292,2007-02-17,34.56533830236853,-76.52496659073468,"{""type"":""MultiPoint"",""coordinates"":[]}",2007-02-17 00:00:00+00:00,0.855,exposed,mid_high
1_1_1_2_LE07_014036_20070305,0.1315621911105028,2007-03-05,34.56533830236853,-76.52496659073468,"{""type"":""MultiPoint"",""coordinates"":[]}",2007-03-05 00:00:00+00:00,0.809,exposed,mid_high
1_1_1_1_LT05_014036_20070313,0.1430996694134805,2007-03-13,34.56533830236853,-76.52496659073468,"{""type"":""MultiPoint"",""coordinates"":[]}",2007-03-13 00:00:00+00:00,0.14,exposed,low
1_1_1_2_LE07_014036_20070422,0.1180229591199845,2007-04-22,34.56533830236853,-76.52496659073468,"{""type"":""MultiPoint"",""coordinates"":[]}",2007-04-22 00:00:00+00:00,0.427,exposed,mid_low
1_1_1_1_LT05_014036_20070430,0.1202634138312394,2007-04-30,34.56533830236853,-76.52496659073468,"{""type"":""MultiPoint"",""coordinates"":[]}",2007-04-30 00:00:00+00:00,1.001,exposed,high
1_1_1_2_LE07_014036_20070524,0.1191746230269413,2007-05-24,34.56533830236853,-76.52496659073468,"{""type"":""MultiPoint"",""coordinates"":[]}",2007-05-24 00:00:00+00:00,0.152,exposed,low
1_1_1_2_LE07_014036_20070609,0.0999099069290655,2007-06-09,34.56533830236853,-76.52496659073468,"{""type"":""MultiPoint"",""coordinates"":[]}",2007-06-09 00:00:00+00:00,0.303,exposed,mid_low
1_1_1_1_LT05_014036_20070617,0.0941340694002672,2007-06-17,34.56533830236853,-76.52496659073468,"{""type"":""MultiPoint"",""coordinates"":[]}",2007-06-17 00:00:00+00:00,1.144,exposed,high
1_1_1_1_LT05_014036_20070703,0.1048279354827401,2007-07-03,34.56533830236853,-76.52496659073468,"{""type"":""MultiPoint"",""coordinates"":[]}",2007-07-03 00:00:00+00:00,0.932,exposed,mid_high
1_1_1_1_LT05_014036_20070820,0.1135230187729823,2007-08-20,34.56533830236853,-76.52496659073468,"{""type"":""MultiPoint"",""coordinates"":[]}",2007-08-20 00:00:00+00:00,0.315,exposed,mid_low
1_1_1_1_LT05_014036_20070905,0.1305520878575927,2007-09-05,34.56533830236853,-76.52496659073468,"{""type"":""MultiPoint"",""coordinates"":[]}",2007-09-05 00:00:00+00:00,0.332,exposed,mid_low
1_1_1_2_LE07_014036_20070929,0.1089821396799452,2007-09-29,34.56533830236853,-76.52496659073468,"{""type"":""MultiPoint"",""coordinates"":[]}",2007-09-29 00:00:00+00:00,0.887,exposed,mid_high
1_1_1_2_LE07_014036_20071015,0.1072450434155765,2007-10-15,34.56533830236853,-76.52496659073468,"{""type"":""MultiPoint"",""coordinates"":[]}",2007-10-15 00:00:00+00:00,0.775,exposed,mid_high
1_1_1_2_LE07_014036_20071116,0.129128815435031,2007-11-16,34.56533830236853,-76.52496659073468,"{""type"":""MultiPoint"",""coordinates"":[]}",2007-11-16 00:00:00+00:00,0.162,exposed,low
1_1_1_2_LE07_014036_20071218,0.1372999601595886,2007-12-18,34.56533830236853,-76.52496659073468,"{""type"":""MultiPoint"",""coordinates"":[]}",2007-12-18 00:00:00+00:00,-0.029,exposed,low
1_1_1_2_LE07_014036_20080103,0.1465090862671316,2008-01-03,34.56533830236853,-76.52496659073468,"{""type"":""MultiPoint"",""coordinates"":[]}",2008-01-03 00:00:00+00:00,0.065,exposed,low
1_1_1_1_LT05_014036_20080127,0.1499066426881577,2008-01-27,34.56533830236853,-76.52496659073468,"{""type"":""MultiPoint"",""coordinates"":[]}",2008-01-27 00:00:00+00:00,0.355,exposed,mid_low
1_1_1_2_LE07_014036_20080220,0.1412276906934837,2008-02-20,34.56533830236853,-76.52496659073468,"{""type"":""MultiPoint"",""coordinates"":[]}",2008-02-20 00:00:00+00:00,0.709,exposed,mid_high
1_1_1_1_LT05_014036_20080228,0.1488958513417082,2008-02-28,34.56533830236853,-76.52496659073468,"{""type"":""MultiPoint"",""coordinates"":[]}",2008-02-28 00:00:00+00:00,0.158,exposed,low
1_1_1_1_LT05_014036_20080416,0.1474140838650453,2008-04-16,34.56533830236853,-76.52496659073468,"{""type"":""MultiPoint"",""coordinates"":[]}",2008-04-16 00:00:00+00:00,0.655,exposed,mid_high
1_1_1_1_LT05_014036_20080502,0.1351556026458037,2008-05-02,34.56533830236853,-76.52496659073468,"{""type"":""MultiPoint"",""coordinates"":[]}",2008-05-02 00:00:00+00:00,0.671,exposed,mid_high
1_1_1_2_LE07_014036_20080510,0.1105303938632689,2008-05-10,34.56533830236853,-76.52496659073468,"{""type"":""MultiPoint"",""coordinates"":[]}",2008-05-10 00:00:00+00:00,0.298,exposed,mid_low
1_1_1_2_LE07_014036_20080611,0.103552495019616,2008-06-11,34.56533830236853,-76.52496659073468,"{""type"":""MultiPoint"",""coordinates"":[]}",2008-06-11 00:00:00+00:00,0.074,exposed,low
1_1_1_1_LT05_014036_20080619,0.1128900300381538,2008-06-19,34.56533830236853,-76.52496659073468,"{""type"":""MultiPoint"",""coordinates"":[]}",2008-06-19 00:00:00+00:00,1.246,exposed,high
1_1_1_2_LE07_014036_20080627,0.0931532817501718,2008-06-27,34.56533830236853,-76.52496659073468,"{""type"":""MultiPoint"",""coordinates"":[]}",2008-06-27 00:00:00+00:00,0.127,exposed,low
1_1_1_2_LE07_014036_20080713,0.1166495576431877,2008-07-13,34.56533830236853,-76.52496659073468,"{""type"":""MultiPoint"",""coordinates"":[]}",2008-07-13 00:00:00+00:00,0.625,exposed,mid_high
1_1_1_1_LT05_014036_20080721,0.1231190047107225,2008-07-21,34.56533830236853,-76.52496659073468,"{""type"":""MultiPoint"",""coordinates"":[]}",2008-07-21 00:00:00+00:00,0.846,exposed,mid_high
1_1_1_2_LE07_014036_20080729,0.1101947111192387,2008-07-29,34.56533830236853,-76.52496659073468,"{""type"":""MultiPoint"",""coordinates"":[]}",2008-07-29 00:00:00+00:00,0.761,exposed,mid_high
1_1_1_1_LT05_014036_20080806,0.1202333997214295,2008-08-06,34.56533830236853,-76.52496659073468,"{""type"":""MultiPoint"",""coordinates"":[]}",2008-08-06 00:00:00+00:00,0.427,exposed,mid_low
1_1_1_2_LE07_014036_20080814,0.1269094261122962,2008-08-14,34.56533830236853,-76.52496659073468,"{""type"":""MultiPoint"",""coordinates"":[]}",2008-08-14 00:00:00+00:00,1.188,exposed,high
1_1_1_2_LE07_014036_20080830,0.1304398416356362,2008-08-30,34.56533830236853,-76.52496659073468,"{""type"":""MultiPoint"",""coordinates"":[]}",2008-08-30 00:00:00+00:00,1.331,exposed,high
1_1_1_1_LT05_014036_20080907,0.1683197426116281,2008-09-07,34.56533830236853,-76.52496659073468,"{""type"":""MultiPoint"",""coordinates"":[]}",2008-09-07 00:00:00+00:00,0.298,exposed,mid_low
1_1_1_2_LE07_014036_20080915,0.1220243027029497,2008-09-15,34.56533830236853,-76.52496659073468,"{""type"":""MultiPoint"",""coordinates"":[]}",2008-09-15 00:00:00+00:00,1.306,exposed,high
1_1_1_2_LE07_014036_20081001,0.1235018184557253,2008-10-01,34.56533830236853,-76.52496659073468,"{""type"":""MultiPoint"",""coordinates"":[]}",2008-10-01 00:00:00+00:00,1.067,exposed,high
1_1_1_2_LE07_014036_20081102,0.1151536684474322,2008-11-02,34.56533830236853,-76.52496659073468,"{""type"":""MultiPoint"",""coordinates"":[]}",2008-11-02 00:00:00+00:00,0.548,exposed,mid_low
1_1_1_1_LT05_014036_20081110,0.1513110989061646,2008-11-10,34.56533830236853,-76.52496659073468,"{""type"":""MultiPoint"",""coordinates"":[]}",2008-11-10 00:00:00+00:00,0.568,exposed,mid_low
1_1_1_1_LT05_014036_20081126,0.1453642721535304,2008-11-26,34.56533830236853,-76.52496659073468,"{""type"":""MultiPoint"",""coordinates"":[]}",2008-11-26 00:00:00+00:00,0.813,exposed,mid_high
1_1_1_2_LE07_014036_20081204,0.126008803320909,2008-12-04,34.56533830236853,-76.52496659073468,"{""type"":""MultiPoint"",""coordinates"":[]}",2008-12-04 00:00:00+00:00,0.124,exposed,low
1_1_1_2_LE07_014036_20090121,0.1717882987614375,2009-01-21,34.56533830236853,-76.52496659073468,"{""type"":""MultiPoint"",""coordinates"":[]}",2009-01-21 00:00:00+00:00,0.348,exposed,mid_low
1_1_1_1_LT05_014036_20090129,0.2036748895169212,2009-01-29,34.56533830236853,-76.52496659073468,"{""type"":""MultiPoint"",""coordinates"":[]}",2009-01-29 00:00:00+00:00,0.655,submerged,mid_high
1_1_1_2_LE07_014036_20090206,0.153410495213066,2009-02-06,34.56533830236853,-76.52496659073468,"{""type"":""MultiPoint"",""coordinates"":[]}",2009-02-06 00:00:00+00:00,0.162,exposed,low
1_1_1_2_LE07_014036_20090310,0.139212909516609,2009-03-10,34.56533830236853,-76.52496659073468,"{""type"":""MultiPoint"",""coordinates"":[]}",2009-03-10 00:00:00+00:00,0.859,exposed,mid_high
1_1_1_2_LE07_014036_20090427,0.1368972772081322,2009-04-27,34.56533830236853,-76.52496659073468,"{""type"":""MultiPoint"",""coordinates"":[]}",2009-04-27 00:00:00+00:00,0.889,exposed,mid_high
1_1_1_1_LT05_014036_20090622,0.1093939158755764,2009-06-22,34.56533830236853,-76.52496659073468,"{""type"":""MultiPoint"",""coordinates"":[]}",2009-06-22 00:00:00+00:00,1.466,exposed,high
1_1_1_2_LE07_014036_20090630,0.111234362658342,2009-06-30,34.56533830236853,-76.52496659073468,"{""type"":""MultiPoint"",""coordinates"":[]}",2009-06-30 00:00:00+00:00,0.408,exposed,mid_low
1_1_1_1_LT05_014036_20090809,0.1057223528026871,2009-08-09,34.56533830236853,-76.52496659073468,"{""type"":""MultiPoint"",""coordinates"":[]}",2009-08-09 00:00:00+00:00,0.711,exposed,mid_high
1_1_1_2_LE07_014036_20091020,0.1101190987085485,2009-10-20,34.56533830236853,-76.52496659073468,"{""type"":""MultiPoint"",""coordinates"":[]}",2009-10-20 00:00:00+00:00,1.258,exposed,high
1_1_1_2_LE07_014036_20091105,0.1086727332245526,2009-11-05,34.56533830236853,-76.52496659073468,"{""type"":""MultiPoint"",""coordinates"":[]}",2009-11-05 00:00:00+00:00,1.097,exposed,high
1_1_1_2_LE07_014036_20091223,0.1376699015673552,2009-12-23,34.56533830236853,-76.52496659073468,"{""type"":""MultiPoint"",""coordinates"":[]}",2009-12-23 00:00:00+00:00,0.39,exposed,mid_low
1_1_1_1_LT05_014036_20100217,0.1032783273649374,2010-02-17,34.56533830236853,-76.52496659073468,"{""type"":""MultiPoint"",""coordinates"":[]}",2010-02-17 00:00:00+00:00,0.667,exposed,mid_high
1_1_1_1_LT05_014036_20100305,0.1172006654809961,2010-03-05,34.56533830236853,-76.52496659073468,"{""type"":""MultiPoint"",""coordinates"":[]}",2010-03-05 00:00:00+00:00,0.488,exposed,mid_low
1_1_1_1_LT05_014036_20100406,0.114917783238463,2010-04-06,34.56533830236853,-76.52496659073468,"{""type"":""MultiPoint"",""coordinates"":[]}",2010-04-06 00:00:00+00:00,0.161,exposed,low
1_1_1_1_LT05_014036_20100422,0.123852514132603,2010-04-22,34.56533830236853,-76.52496659073468,"{""type"":""MultiPoint"",""coordinates"":[]}",2010-04-22 00:00:00+00:00,0.076,exposed,low
1_1_1_2_LE07_014036_20100430,0.1189116202393647,2010-04-30,34.56533830236853,-76.52496659073468,"{""type"":""MultiPoint"",""coordinates"":[]}",2010-04-30 00:00:00+00:00,1.056,exposed,high
1_1_1_1_LT05_014036_20100508,0.1094233035548477,2010-05-08,34.56533830236853,-76.52496659073468,"{""type"":""MultiPoint"",""coordinates"":[]}",2010-05-08 00:00:00+00:00,0.324,exposed,mid_low
1_1_1_2_LE07_014036_20100516,0.1078815344800668,2010-05-16,34.56533830236853,-76.52496659073468,"{""type"":""MultiPoint"",""coordinates"":[]}",2010-05-16 00:00:00+00:00,0.845,exposed,mid_high
1_1_1_2_LE07_014036_20100617,0.1016043987487094,2010-06-17,34.56533830236853,-76.52496659073468,"{""type"":""MultiPoint"",""coordinates"":[]}",2010-06-17 00:00:00+00:00,0.396,exposed,mid_low
1_1_1_1_LT05_014036_20100625,0.0945519168741419,2010-06-25,34.56533830236853,-76.52496659073468,"{""type"":""MultiPoint"",""coordinates"":[]}",2010-06-25 00:00:00+00:00,1.183,exposed,high
1_1_1_2_LE07_014036_20100703,0.0914441754271475,2010-07-03,34.56533830236853,-76.52496659073468,"{""type"":""MultiPoint"",""coordinates"":[]}",2010-07-03 00:00:00+00:00,0.323,exposed,mid_low
1_1_1_1_LT05_014036_20100913,0.0918454322268832,2010-09-13,34.56533830236853,-76.52496659073468,"{""type"":""MultiPoint"",""coordinates"":[]}",2010-09-13 00:00:00+00:00,0.399,exposed,mid_low
1_1_1_2_LE07_014036_20100921,0.1424123849775869,2010-09-21,34.56533830236853,-76.52496659073468,"{""type"":""MultiPoint"",""coordinates"":[]}",2010-09-21 00:00:00+00:00,1.096,exposed,high
1_1_1_2_LE07_014036_20101007,0.1025389464922832,2010-10-07,34.56533830236853,-76.52496659073468,"{""type"":""MultiPoint"",""coordinates"":[]}",2010-10-07 00:00:00+00:00,1.346,exposed,high
1_1_1_1_LT05_014036_20101015,0.0691958232852835,2010-10-15,34.56533830236853,-76.52496659073468,"{""type"":""MultiPoint"",""coordinates"":[]}",2010-10-15 00:00:00+00:00,0.443,exposed,mid_low
1_1_1_2_LE07_014036_20101023,0.0951543986665297,2010-10-23,34.56533830236853,-76.52496659073468,"{""type"":""MultiPoint"",""coordinates"":[]}",2010-10-23 00:00:00+00:00,0.997,exposed,mid_high
1_1_1_1_LT05_014036_20101031,0.092204454529371,2010-10-31,34.56533830236853,-76.52496659073468,"{""type"":""MultiPoint"",""coordinates"":[]}",2010-10-31 00:00:00+00:00,0.21,exposed,mid_low
1_1_1_2_LE07_014036_20101108,0.1204080304431257,2010-11-08,34.56533830236853,-76.52496659073468,"{""type"":""MultiPoint"",""coordinates"":[]}",2010-11-08 00:00:00+00:00,0.867,exposed,mid_high
1_1_1_2_LE07_014036_20101124,0.0894233541437925,2010-11-24,34.56533830236853,-76.52496659073468,"{""type"":""MultiPoint"",""coordinates"":[]}",2010-11-24 00:00:00+00:00,0.751,exposed,mid_high
1_1_1_2_LE07_014036_20101210,0.1136912629117533,2010-12-10,34.56533830236853,-76.52496659073468,"{""type"":""MultiPoint"",""coordinates"":[]}",2010-12-10 00:00:00+00:00,0.279,exposed,mid_low
1_1_1_1_LT05_014036_20110103,0.0946041116599526,2011-01-03,34.56533830236853,-76.52496659073468,"{""type"":""MultiPoint"",""coordinates"":[]}",2011-01-03 00:00:00+00:00,0.563,exposed,mid_low
1_1_1_2_LE07_014036_20110127,0.1237306147272658,2011-01-27,34.56533830236853,-76.52496659073468,"{""type"":""MultiPoint"",""coordinates"":[]}",2011-01-27 00:00:00+00:00,-0.105,exposed,low
1_1_1_2_LE07_014036_20110212,0.1098743461048382,2011-02-12,34.56533830236853,-76.52496659073468,"{""type"":""MultiPoint"",""coordinates"":[]}",2011-02-12 00:00:00+00:00,0.127,exposed,low
1_1_1_1_LT05_014036_20110220,0.0912967982479378,2011-02-20,34.56533830236853,-76.52496659073468,"{""type"":""MultiPoint"",""coordinates"":[]}",2011-02-20 00:00:00+00:00,0.88,exposed,mid_high
1_1_1_1_LT05_014036_20110308,0.1179960108826627,2011-03-08,34.56533830236853,-76.52496659073468,"{""type"":""MultiPoint"",""coordinates"":[]}",2011-03-08 00:00:00+00:00,0.762,exposed,mid_high
1_1_1_1_LT05_014036_20110324,0.1113809273962381,2011-03-24,34.56533830236853,-76.52496659073468,"{""type"":""MultiPoint"",""coordinates"":[]}",2011-03-24 00:00:00+00:00,0.51,exposed,mid_low
1_1_1_1_LT05_014036_20110425,0.0905486510678185,2011-04-25,34.56533830236853,-76.52496659073468,"{""type"":""MultiPoint"",""coordinates"":[]}",2011-04-25 00:00:00+00:00,-0.032,exposed,low
1_1_1_1_LT05_014036_20110527,0.0840125621069357,2011-05-27,34.56533830236853,-76.52496659073468,"{""type"":""MultiPoint"",""coordinates"":[]}",2011-05-27 00:00:00+00:00,0.473,exposed,mid_low
1_1_1_2_LE07_014036_20110604,0.0922991974083426,2011-06-04,34.56533830236853,-76.52496659073468,"{""type"":""MultiPoint"",""coordinates"":[]}",2011-06-04 00:00:00+00:00,1.023,exposed,high
1_1_1_1_LT05_014036_20110612,0.0917359698197759,2011-06-12,34.56533830236853,-76.52496659073468,"{""type"":""MultiPoint"",""coordinates"":[]}",2011-06-12 00:00:00+00:00,0.639,exposed,mid_high
1_1_1_2_LE07_014036_20110620,0.0850748016835357,2011-06-20,34.56533830236853,-76.52496659073468,"{""type"":""MultiPoint"",""coordinates"":[]}",2011-06-20 00:00:00+00:00,0.539,exposed,mid_low
1_1_1_2_LE07_014036_20110706,0.0844893133614229,2011-07-06,34.56533830236853,-76.52496659073468,"{""type"":""MultiPoint"",""coordinates"":[]}",2011-07-06 00:00:00+00:00,0.43,exposed,mid_low
1_1_1_2_LE07_014036_20110722,0.0788054838371561,2011-07-22,34.56533830236853,-76.52496659073468,"{""type"":""MultiPoint"",""coordinates"":[]}",2011-07-22 00:00:00+00:00,0.388,exposed,mid_low
1_1_1_1_LT05_014036_20110730,0.0932955832572061,2011-07-30,34.56533830236853,-76.52496659073468,"{""type"":""MultiPoint"",""coordinates"":[]}",2011-07-30 00:00:00+00:00,1.24,exposed,high
1_1_1_2_LE07_014036_20110807,0.096938791548455,2011-08-07,34.56533830236853,-76.52496659073468,"{""type"":""MultiPoint"",""coordinates"":[]}",2011-08-07 00:00:00+00:00,0.252,exposed,mid_low
1_1_1_1_LT05_014036_20110815,0.0929633818055481,2011-08-15,34.56533830236853,-76.52496659073468,"{""type"":""MultiPoint"",""coordinates"":[]}",2011-08-15 00:00:00+00:00,1.192,exposed,high
1_1_1_2_LE07_014036_20110823,0.0958458361261401,2011-08-23,34.56533830236853,-76.52496659073468,"{""type"":""MultiPoint"",""coordinates"":[]}",2011-08-23 00:00:00+00:00,0.469,exposed,mid_low
1_1_1_1_LT05_014036_20110831,0.1300557366770042,2011-08-31,34.56533830236853,-76.52496659073468,"{""type"":""MultiPoint"",""coordinates"":[]}",2011-08-31 00:00:00+00:00,0.989,exposed,mid_high
1_1_1_1_LT05_014036_20111018,0.1061109646778917,2011-10-18,34.56533830236853,-76.52496659073468,"{""type"":""MultiPoint"",""coordinates"":[]}",2011-10-18 00:00:00+00:00,0.459,exposed,mid_low
1_1_1_2_LE07_014036_20111026,0.1319021614657329,2011-10-26,34.56533830236853,-76.52496659073468,"{""type"":""MultiPoint"",""coordinates"":[]}",2011-10-26 00:00:00+00:00,1.146,exposed,high
1_1_1_2_LE07_014036_20111111,0.1557858636539739,2011-11-11,34.56533830236853,-76.52496659073468,"{""type"":""MultiPoint"",""coordinates"":[]}",2011-11-11 00:00:00+00:00,1.094,exposed,high
1_1_1_2_LE07_014036_20111213,0.0942747595138011,2011-12-13,34.56533830236853,-76.52496659073468,"{""type"":""MultiPoint"",""coordinates"":[]}",2011-12-13 00:00:00+00:00,0.716,exposed,mid_high
1_1_1_2_LE07_014036_20111229,0.1359844974699358,2011-12-29,34.56533830236853,-76.52496659073468,"{""type"":""MultiPoint"",""coordinates"":[]}",2011-12-29 00:00:00+00:00,0.28,exposed,mid_low
1_1_1_2_LE07_014036_20120114,0.1387598975224382,2012-01-14,34.56533830236853,-76.52496659073468,"{""type"":""MultiPoint"",""coordinates"":[]}",2012-01-14 00:00:00+00:00,0.221,exposed,mid_low
1_1_1_2_LE07_014036_20120130,0.1230727591861226,2012-01-30,34.56533830236853,-76.52496659073468,"{""type"":""MultiPoint"",""coordinates"":[]}",2012-01-30 00:00:00+00:00,0.133,exposed,low
1_1_1_2_LE07_014036_20120215,0.1349070144901425,2012-02-15,34.56533830236853,-76.52496659073468,"{""type"":""MultiPoint"",""coordinates"":[]}",2012-02-15 00:00:00+00:00,0.097,exposed,low
1_1_1_2_LE07_014036_20120403,0.1273799901539377,2012-04-03,34.56533830236853,-76.52496659073468,"{""type"":""MultiPoint"",""coordinates"":[]}",2012-04-03 00:00:00+00:00,0.742,exposed,mid_high
1_1_1_2_LE07_014036_20120622,0.0806139619712403,2012-06-22,34.56533830236853,-76.52496659073468,"{""type"":""MultiPoint"",""coordinates"":[]}",2012-06-22 00:00:00+00:00,0.977,exposed,mid_high
1_1_1_2_LE07_014036_20120724,0.0923750199857803,2012-07-24,34.56533830236853,-76.52496659073468,"{""type"":""MultiPoint"",""coordinates"":[]}",2012-07-24 00:00:00+00:00,0.572,exposed,mid_low
1_1_1_2_LE07_014036_20120910,0.11100390085953,2012-09-10,34.56533830236853,-76.52496659073468,"{""type"":""MultiPoint"",""coordinates"":[]}",2012-09-10 00:00:00+00:00,0.48,exposed,mid_low
1_1_1_2_LE07_014036_20120926,0.1147642706597026,2012-09-26,34.56533830236853,-76.52496659073468,"{""type"":""MultiPoint"",""coordinates"":[]}",2012-09-26 00:00:00+00:00,0.642,exposed,mid_high
1_1_1_2_LE07_014036_20121012,0.1086545660980365,2012-10-12,34.56533830236853,-76.52496659073468,"{""type"":""MultiPoint"",""coordinates"":[]}",2012-10-12 00:00:00+00:00,0.831,exposed,mid_high
1_1_1_2_LE07_014036_20121129,0.113269422597768,2012-11-29,34.56533830236853,-76.52496659073468,"{""type"":""MultiPoint"",""coordinates"":[]}",2012-11-29 00:00:00+00:00,0.888,exposed,mid_high
1_1_1_2_LE07_014036_20130201,0.1508401033805257,2013-02-01,34.56533830236853,-76.52496659073468,"{""type"":""MultiPoint"",""coordinates"":[]}",2013-02-01 00:00:00+00:00,0.253,exposed,mid_low
1_1_1_2_LE07_014036_20130305,0.1229309513061428,2013-03-05,34.56533830236853,-76.52496659073468,"{""type"":""MultiPoint"",""coordinates"":[]}",2013-03-05 00:00:00+00:00,0.065,exposed,low
1_1_1_2_LE07_014036_20130321,0.1177486944138307,2013-03-21,34.56533830236853,-76.52496659073468,"{""type"":""MultiPoint"",""coordinates"":[]}",2013-03-21 00:00:00+00:00,0.367,exposed,mid_low
1_1_1_2_LE07_014036_20130406,0.1249486232966767,2013-04-06,34.56533830236853,-76.52496659073468,"{""type"":""MultiPoint"",""coordinates"":[]}",2013-04-06 00:00:00+00:00,0.415,exposed,mid_low
1_1_1_2_LE07_014036_20130508,0.1185169085201421,2013-05-08,34.56533830236853,-76.52496659073468,"{""type"":""MultiPoint"",""coordinates"":[]}",2013-05-08 00:00:00+00:00,1.225,exposed,high
1_1_2_LC08_014036_20130601,0.0727248766883573,2013-06-01,34.56533830236853,-76.52496659073468,"{""type"":""MultiPoint"",""coordinates"":[]}",2013-06-01 00:00:00+00:00,0.074,exposed,low
1_1_2_LC08_014036_20130703,0.073030737835386,2013-07-03,34.56533830236853,-76.52496659073468,"{""type"":""MultiPoint"",""coordinates"":[]}",2013-07-03 00:00:00+00:00,0.423,exposed,mid_low
1_1_2_LC08_014036_20130719,0.084275694069329,2013-07-19,34.56533830236853,-76.52496659073468,"{""type"":""MultiPoint"",""coordinates"":[]}",2013-07-19 00:00:00+00:00,0.639,exposed,mid_high
1_1_1_2_LE07_014036_20130812,0.0996924215566798,2013-08-12,34.56533830236853,-76.52496659073468,"{""type"":""MultiPoint"",""coordinates"":[]}",2013-08-12 00:00:00+00:00,0.467,exposed,mid_low
1_1_2_LC08_014036_20131108,0.0984518187489737,2013-11-08,34.56533830236853,-76.52496659073468,"{""type"":""MultiPoint"",""coordinates"":[]}",2013-11-08 00:00:00+00:00,0.378,exposed,mid_low
1_1_2_LC08_014036_20131124,0.0725161979328156,2013-11-24,34.56533830236853,-76.52496659073468,"{""type"":""MultiPoint"",""coordinates"":[]}",2013-11-24 00:00:00+00:00,0.401,exposed,mid_low
1_1_1_2_LE07_014036_20131218,0.1409941315667236,2013-12-18,34.56533830236853,-76.52496659073468,"{""type"":""MultiPoint"",""coordinates"":[]}",2013-12-18 00:00:00+00:00,0.795,exposed,mid_high
1_1_1_2_LE07_014036_20140308,0.1421061909385959,2014-03-08,34.56533830236853,-76.52496659073468,"{""type"":""MultiPoint"",""coordinates"":[]}",2014-03-08 00:00:00+00:00,0.228,exposed,mid_low
1_1_1_2_LE07_014036_20140324,0.1224492815364352,2014-03-24,34.56533830236853,-76.52496659073468,"{""type"":""MultiPoint"",""coordinates"":[]}",2014-03-24 00:00:00+00:00,0.024,exposed,low
1_1_2_LC08_014036_20140401,0.1125305420989052,2014-04-01,34.56533830236853,-76.52496659073468,"{""type"":""MultiPoint"",""coordinates"":[]}",2014-04-01 00:00:00+00:00,1.151,exposed,high
1_1_2_LC08_014036_20140503,0.082341121823104,2014-05-03,34.56533830236853,-76.52496659073468,"{""type"":""MultiPoint"",""coordinates"":[]}",2014-05-03 00:00:00+00:00,0.815,exposed,mid_high
1_1_2_LC08_014036_20140519,0.0613882397140406,2014-05-19,34.56533830236853,-76.52496659073468,"{""type"":""MultiPoint"",""coordinates"":[]}",2014-05-19 00:00:00+00:00,0.431,exposed,mid_low
1_1_1_2_LE07_014036_20140527,0.0988350676800641,2014-05-27,34.56533830236853,-76.52496659073468,"{""type"":""MultiPoint"",""coordinates"":[]}",2014-05-27 00:00:00+00:00,1.255,exposed,high
1_1_1_2_LE07_014036_20140714,0.0940227121823913,2014-07-14,34.56533830236853,-76.52496659073468,"{""type"":""MultiPoint"",""coordinates"":[]}",2014-07-14 00:00:00+00:00,1.19,exposed,high
1_1_1_2_LE07_014036_20140730,0.0856406775825535,2014-07-30,34.56533830236853,-76.52496659073468,"{""type"":""MultiPoint"",""coordinates"":[]}",2014-07-30 00:00:00+00:00,0.887,exposed,mid_high
1_1_1_2_LE07_014036_20140815,0.1096492671098948,2014-08-15,34.56533830236853,-76.52496659073468,"{""type"":""MultiPoint"",""coordinates"":[]}",2014-08-15 00:00:00+00:00,0.581,exposed,mid_low
1_1_1_2_LE07_014036_20141002,0.0947384322267532,2014-10-02,34.56533830236853,-76.52496659073468,"{""type"":""MultiPoint"",""coordinates"":[]}",2014-10-02 00:00:00+00:00,0.402,exposed,mid_low
1_1_2_LC08_014036_20141010,0.0935649698544381,2014-10-10,34.56533830236853,-76.52496659073468,"{""type"":""MultiPoint"",""coordinates"":[]}",2014-10-10 00:00:00+00:00,1.076,exposed,high
1_1_1_2_LE07_014036_20141018,0.1170123429218315,2014-10-18,34.56533830236853,-76.52496659073468,"{""type"":""MultiPoint"",""coordinates"":[]}",2014-10-18 00:00:00+00:00,0.578,exposed,mid_low
1_1_2_LC08_014036_20141026,0.0786197012644559,2014-10-26,34.56533830236853,-76.52496659073468,"{""type"":""MultiPoint"",""coordinates"":[]}",2014-10-26 00:00:00+00:00,1.083,exposed,high
1_1_1_2_LE07_014036_20141103,0.1151929206029407,2014-11-03,34.56533830236853,-76.52496659073468,"{""type"":""MultiPoint"",""coordinates"":[]}",2014-11-03 00:00:00+00:00,0.806,exposed,mid_high
1_1_1_2_LE07_014036_20141119,0.1123617724358668,2014-11-19,34.56533830236853,-76.52496659073468,"{""type"":""MultiPoint"",""coordinates"":[]}",2014-11-19 00:00:00+00:00,0.613,exposed,mid_high
1_1_2_LC08_014036_20141213,0.1053537231934289,2014-12-13,34.56533830236853,-76.52496659073468,"{""type"":""MultiPoint"",""coordinates"":[]}",2014-12-13 00:00:00+00:00,0.216,exposed,mid_low
1_1_2_LC08_014036_20150215,0.1189385792270555,2015-02-15,34.56533830236853,-76.52496659073468,"{""type"":""MultiPoint"",""coordinates"":[]}",2015-02-15 00:00:00+00:00,0.605,exposed,mid_high
1_1_2_LC08_014036_20150607,-0.0806918465685099,2015-06-07,34.56533830236853,-76.52496659073468,"{""type"":""MultiPoint"",""coordinates"":[]}",2015-06-07 00:00:00+00:00,0.585,exposed,mid_low
1_1_1_2_LE07_014036_20150615,0.1141533288304845,2015-06-15,34.56533830236853,-76.52496659073468,"{""type"":""MultiPoint"",""coordinates"":[]}",2015-06-15 00:00:00+00:00,1.256,exposed,high
1_1_1_2_LE07_014036_20150717,0.0840970267342599,2015-07-17,34.56533830236853,-76.52496659073468,"{""type"":""MultiPoint"",""coordinates"":[]}",2015-07-17 00:00:00+00:00,1.187,exposed,high
1_1_2_LC08_014036_20150725,0.0638913957189143,2015-07-25,34.56533830236853,-76.52496659073468,"{""type"":""MultiPoint"",""coordinates"":[]}",2015-07-25 00:00:00+00:00,0.549,exposed,mid_low
1_1_1_2_LE07_014036_20150802,0.1035141979539414,2015-08-02,34.56533830236853,-76.52496659073468,"{""type"":""MultiPoint"",""coordinates"":[]}",2015-08-02 00:00:00+00:00,1.168,exposed,high
1_1_2_LC08_014036_20150810,0.0895252256034291,2015-08-10,34.56533830236853,-76.52496659073468,"{""type"":""MultiPoint"",""coordinates"":[]}",2015-08-10 00:00:00+00:00,0.909,exposed,mid_high
1_1_1_2_LE07_014036_20150903,0.0963106092640707,2015-09-03,34.56533830236853,-76.52496659073468,"{""type"":""MultiPoint"",""coordinates"":[]}",2015-09-03 00:00:00+00:00,0.466,exposed,mid_low
1_1_2_LC08_014036_20151013,0.0941874828646797,2015-10-13,34.56533830236853,-76.52496659073468,"{""type"":""MultiPoint"",""coordinates"":[]}",2015-10-13 00:00:00+00:00,1.245,exposed,high
1_1_1_2_LE07_014036_20151021,0.1079742836486297,2015-10-21,34.56533830236853,-76.52496659073468,"{""type"":""MultiPoint"",""coordinates"":[]}",2015-10-21 00:00:00+00:00,0.263,exposed,mid_low
2_20151021T155022_20151021T155229_T18SUD,0.862661837346057,2015-10-21,34.56533830236853,-76.52496659073468,"{""type"":""MultiPoint"",""coordinates"":[]}",2015-10-21 00:00:00+00:00,0.263,submerged,mid_low
2_20151113T160052_20151113T160054_T18SUD,0.8127415625466943,2015-11-13,34.56533830236853,-76.52496659073468,"{""type"":""MultiPoint"",""coordinates"":[]}",2015-11-13 00:00:00+00:00,1.107,submerged,high
1_1_2_LC08_014036_20151114,0.1058020102710881,2015-11-14,34.56533830236853,-76.52496659073468,"{""type"":""MultiPoint"",""coordinates"":[]}",2015-11-14 00:00:00+00:00,0.917,exposed,mid_high
2_20151120T154542_20151120T155116_T18SUD,0.7891654613910829,2015-11-20,34.56533830236853,-76.52496659073468,"{""type"":""MultiPoint"",""coordinates"":[]}",2015-11-20 00:00:00+00:00,0.347,submerged,mid_low
1_1_1_2_LE07_014036_20151208,0.1207260781555169,2015-12-08,34.56533830236853,-76.52496659073468,"{""type"":""MultiPoint"",""coordinates"":[]}",2015-12-08 00:00:00+00:00,0.825,exposed,mid_high
2_20151220T154652_20151220T154649_T18SUD,0.8326727949633987,2015-12-20,34.56533830236853,-76.52496659073468,"{""type"":""MultiPoint"",""coordinates"":[]}",2015-12-20 00:00:00+00:00,0.157,submerged,low
2_20160119T154552_20160119T154958_T18SUD,0.7926181666589277,2016-01-19,34.56533830236853,-76.52496659073468,"{""type"":""MultiPoint"",""coordinates"":[]}",2016-01-19 00:00:00+00:00,0.235,submerged,mid_low
1_1_1_2_LE07_014036_20160210,0.1640678596556586,2016-02-10,34.56533830236853,-76.52496659073468,"{""type"":""MultiPoint"",""coordinates"":[]}",2016-02-10 00:00:00+00:00,1.226,exposed,high
2_20160218T154412_20160218T154724_T18SUD,0.7262776091521045,2016-02-18,34.56533830236853,-76.52496659073468,"{""type"":""MultiPoint"",""coordinates"":[]}",2016-02-18 00:00:00+00:00,0.368,submerged,mid_low
1_1_2_LC08_014036_20160218,0.1245625605255786,2016-02-18,34.56533830236853,-76.52496659073468,"{""type"":""MultiPoint"",""coordinates"":[]}",2016-02-18 00:00:00+00:00,0.368,exposed,mid_low
1_1_1_2_LE07_014036_20160226,0.1461030501808929,2016-02-26,34.56533830236853,-76.52496659073468,"{""type"":""MultiPoint"",""coordinates"":[]}",2016-02-26 00:00:00+00:00,0.585,exposed,mid_low
2_20160302T155402_20160302T155615_T18SUD,0.7416351958482135,2016-03-02,34.56533830236853,-76.52496659073468,"{""type"":""MultiPoint"",""coordinates"":[]}",2016-03-02 00:00:00+00:00,0.097,submerged,low
1_1_2_LC08_014036_20160305,0.1311086547267605,2016-03-05,34.56533830236853,-76.52496659073468,"{""type"":""MultiPoint"",""coordinates"":[]}",2016-03-05 00:00:00+00:00,0.463,exposed,mid_low
1_1_1_2_LE07_014036_20160329,0.1229038831227039,2016-03-29,34.56533830236853,-76.52496659073468,"{""type"":""MultiPoint"",""coordinates"":[]}",2016-03-29 00:00:00+00:00,0.402,exposed,mid_low
1_1_1_2_LE07_014036_20160414,0.1262955912218087,2016-04-14,34.56533830236853,-76.52496659073468,"{""type"":""MultiPoint"",""coordinates"":[]}",2016-04-14 00:00:00+00:00,0.128,exposed,low
2_20160418T153932_20160418T155333_T18SUD,0.737662049309477,2016-04-18,34.56533830236853,-76.52496659073468,"{""type"":""MultiPoint"",""coordinates"":[]}",2016-04-18 00:00:00+00:00,0.905,submerged,mid_high
1_1_2_LC08_014036_20160524,0.0812869055078853,2016-05-24,34.56533830236853,-76.52496659073468,"{""type"":""MultiPoint"",""coordinates"":[]}",2016-05-24 00:00:00+00:00,0.987,exposed,mid_high
1_1_2_LC08_014036_20160609,0.0662142519290244,2016-06-09,34.56533830236853,-76.52496659073468,"{""type"":""MultiPoint"",""coordinates"":[]}",2016-06-09 00:00:00+00:00,0.723,exposed,mid_high
2_20160610T155412_20160610T155409_T18SUD,0.1559048949460113,2016-06-10,34.56533830236853,-76.52496659073468,"{""type"":""MultiPoint"",""coordinates"":[]}",2016-06-10 00:00:00+00:00,0.538,exposed,mid_low
2_20160720T154912_20160720T155244_T18SUD,0.1842389762174851,2016-07-20,34.56533830236853,-76.52496659073468,"{""type"":""MultiPoint"",""coordinates"":[]}",2016-07-20 00:00:00+00:00,1.138,exposed,high
1_1_2_LC08_014036_20160727,0.0736699776851236,2016-07-27,34.56533830236853,-76.52496659073468,"{""type"":""MultiPoint"",""coordinates"":[]}",2016-07-27 00:00:00+00:00,0.116,exposed,low
1_1_1_2_LE07_014036_20160804,0.0430587624624141,2016-08-04,34.56533830236853,-76.52496659073468,"{""type"":""MultiPoint"",""coordinates"":[]}",2016-08-04 00:00:00+00:00,1.182,exposed,high
1_1_2_LC08_014036_20160812,0.0828743439194912,2016-08-12,34.56533830236853,-76.52496659073468,"{""type"":""MultiPoint"",""coordinates"":[]}",2016-08-12 00:00:00+00:00,0.295,exposed,mid_low
1_1_1_2_LE07_014036_20161023,0.1004954549764283,2016-10-23,34.56533830236853,-76.52496659073468,"{""type"":""MultiPoint"",""coordinates"":[]}",2016-10-23 00:00:00+00:00,0.507,exposed,mid_low
2_20161107T160132_20161107T160127_T18SUD,0.59340894499793,2016-11-07,34.56533830236853,-76.52496659073468,"{""type"":""MultiPoint"",""coordinates"":[]}",2016-11-07 00:00:00+00:00,0.329,submerged,mid_low
1_1_1_2_LE07_014036_20161108,0.1180840323944899,2016-11-08,34.56533830236853,-76.52496659073468,"{""type"":""MultiPoint"",""coordinates"":[]}",2016-11-08 00:00:00+00:00,0.404,exposed,mid_low
1_1_2_LC08_014036_20161116,0.1011394580486117,2016-11-16,34.56533830236853,-76.52496659073468,"{""type"":""MultiPoint"",""coordinates"":[]}",2016-11-16 00:00:00+00:00,1.123,exposed,high
2_20161127T155612_20161127T155610_T18SUD,0.6933770387974099,2016-11-27,34.56533830236853,-76.52496659073468,"{""type"":""MultiPoint"",""coordinates"":[]}",2016-11-27 00:00:00+00:00,0.966,submerged,mid_high
1_1_2_LC08_014036_20161202,0.1184833303701548,2016-12-02,34.56533830236853,-76.52496659073468,"{""type"":""MultiPoint"",""coordinates"":[]}",2016-12-02 00:00:00+00:00,0.697,exposed,mid_high
1_1_1_2_LE07_014036_20161210,0.1101948504620637,2016-12-10,34.56533830236853,-76.52496659073468,"{""type"":""MultiPoint"",""coordinates"":[]}",2016-12-10 00:00:00+00:00,0.418,exposed,mid_low
1_1_2_LC08_014036_20170119,0.0325530934286134,2017-01-19,34.56533830236853,-76.52496659073468,"{""type"":""MultiPoint"",""coordinates"":[]}",2017-01-19 00:00:00+00:00,-0.003,exposed,low
1_1_1_2_LE07_014036_20170127,0.1192725597888638,2017-01-27,34.56533830236853,-76.52496659073468,"{""type"":""MultiPoint"",""coordinates"":[]}",2017-01-27 00:00:00+00:00,0.935,exposed,mid_high
1_1_2_LC08_014036_20170204,0.0971655414358158,2017-02-04,34.56533830236853,-76.52496659073468,"{""type"":""MultiPoint"",""coordinates"":[]}",2017-02-04 00:00:00+00:00,0.081,exposed,low
2_20170212T154411_20170212T154806_T18SUD,0.6929792043614479,2017-02-12,34.56533830236853,-76.52496659073468,"{""type"":""MultiPoint"",""coordinates"":[]}",2017-02-12 00:00:00+00:00,0.8,submerged,mid_high
1_1_1_2_LE07_014036_20170212,0.1175674617257576,2017-02-12,34.56533830236853,-76.52496659073468,"{""type"":""MultiPoint"",""coordinates"":[]}",2017-02-12 00:00:00+00:00,0.8,exposed,mid_high
1_1_2_LC08_014036_20170220,0.0904583993568085,2017-02-20,34.56533830236853,-76.52496659073468,"{""type"":""MultiPoint"",""coordinates"":[]}",2017-02-20 00:00:00+00:00,0.17,exposed,low
2_20170225T155221_20170225T155545_T18SUD,0.6169124939607773,2017-02-25,34.56533830236853,-76.52496659073468,"{""type"":""MultiPoint"",""coordinates"":[]}",2017-02-25 00:00:00+00:00,1.034,submerged,high
2_20170304T154121_20170304T155136_T18SUD,0.6866393619944491,2017-03-04,34.56533830236853,-76.52496659073468,"{""type"":""MultiPoint"",""coordinates"":[]}",2017-03-04 00:00:00+00:00,-0.143,submerged,low
2_20170317T154951_20170317T160212_T18SUD,0.6743363829528536,2017-03-17,34.56533830236853,-76.52496659073468,"{""type"":""MultiPoint"",""coordinates"":[]}",2017-03-17 00:00:00+00:00,0.328,submerged,mid_low
1_1_2_LC08_014036_20170324,0.0829393646933959,2017-03-24,34.56533830236853,-76.52496659073468,"{""type"":""MultiPoint"",""coordinates"":[]}",2017-03-24 00:00:00+00:00,0.576,exposed,mid_low
1_1_1_2_LE07_014036_20170401,0.112444213943389,2017-04-01,34.56533830236853,-76.52496659073468,"{""type"":""MultiPoint"",""coordinates"":[]}",2017-04-01 00:00:00+00:00,0.535,exposed,mid_low
1_1_2_LC08_014036_20170409,0.0872572831111882,2017-04-09,34.56533830236853,-76.52496659073468,"{""type"":""MultiPoint"",""coordinates"":[]}",2017-04-09 00:00:00+00:00,1.187,exposed,high
1_1_1_2_LE07_014036_20170417,0.0782828232866978,2017-04-17,34.56533830236853,-76.52496659073468,"{""type"":""MultiPoint"",""coordinates"":[]}",2017-04-17 00:00:00+00:00,0.396,exposed,mid_low
1_1_1_2_LE07_014036_20170503,0.075264423021365,2017-05-03,34.56533830236853,-76.52496659073468,"{""type"":""MultiPoint"",""coordinates"":[]}",2017-05-03 00:00:00+00:00,0.195,exposed,low
2_20170503T153911_20170503T154436_T18SUD,0.6079062107828166,2017-05-03,34.56533830236853,-76.52496659073468,"{""type"":""MultiPoint"",""coordinates"":[]}",2017-05-03 00:00:00+00:00,0.195,submerged,low
2_20170516T154911_20170516T160105_T18SUD,0.1095712853236756,2017-05-16,34.56533830236853,-76.52496659073468,"{""type"":""MultiPoint"",""coordinates"":[]}",2017-05-16 00:00:00+00:00,0.644,exposed,mid_high
1_1_2_LC08_014036_20170527,0.0579024725726405,2017-05-27,34.56533830236853,-76.52496659073468,"{""type"":""MultiPoint"",""coordinates"":[]}",2017-05-27 00:00:00+00:00,1.335,exposed,high
1_1_1_2_LE07_014036_20170604,0.0615228294562476,2017-06-04,34.56533830236853,-76.52496659073468,"{""type"":""MultiPoint"",""coordinates"":[]}",2017-06-04 00:00:00+00:00,0.732,exposed,mid_high
1_1_2_LC08_014036_20170628,0.0341833426374593,2017-06-28,34.56533830236853,-76.52496659073468,"{""type"":""MultiPoint"",""coordinates"":[]}",2017-06-28 00:00:00+00:00,0.604,exposed,mid_high
1_1_1_2_LE07_014036_20170706,0.0515645590940275,2017-07-06,34.56533830236853,-76.52496659073468,"{""type"":""MultiPoint"",""coordinates"":[]}",2017-07-06 00:00:00+00:00,0.96,exposed,mid_high
1_1_2_LC08_014036_20170714,0.0411746455153324,2017-07-14,34.56533830236853,-76.52496659073468,"{""type"":""MultiPoint"",""coordinates"":[]}",2017-07-14 00:00:00+00:00,0.439,exposed,mid_low
2_20170715T154911_20170715T155915_T18SUD,0.1389439691425852,2017-07-15,34.56533830236853,-76.52496659073468,"{""type"":""MultiPoint"",""coordinates"":[]}",2017-07-15 00:00:00+00:00,0.295,exposed,mid_low
1_1_1_2_LE07_014036_20170722,0.0579292266648054,2017-07-22,34.56533830236853,-76.52496659073468,"{""type"":""MultiPoint"",""coordinates"":[]}",2017-07-22 00:00:00+00:00,1.33,exposed,high
2_20170722T153911_20170722T154309_T18SUD,0.4501734005703015,2017-07-22,34.56533830236853,-76.52496659073468,"{""type"":""MultiPoint"",""coordinates"":[]}",2017-07-22 00:00:00+00:00,1.33,submerged,high
1_1_2_LC08_014036_20170815,0.0558690027700461,2017-08-15,34.56533830236853,-76.52496659073468,"{""type"":""MultiPoint"",""coordinates"":[]}",2017-08-15 00:00:00+00:00,0.221,exposed,mid_low
2_20170819T154859_20170819T160034_T18SUD,0.2398431631996059,2017-08-19,34.56533830236853,-76.52496659073468,"{""type"":""MultiPoint"",""coordinates"":[]}",2017-08-19 00:00:00+00:00,1.075,submerged,high
2_20170831T153911_20170831T154527_T18SUD,0.3096798093834228,2017-08-31,34.56533830236853,-76.52496659073468,"{""type"":""MultiPoint"",""coordinates"":[]}",2017-08-31 00:00:00+00:00,0.77,submerged,mid_high
2_20170913T154901_20170913T155123_T18SUD,0.505193873325548,2017-09-13,34.56533830236853,-76.52496659073468,"{""type"":""MultiPoint"",""coordinates"":[]}",2017-09-13 00:00:00+00:00,0.379,submerged,mid_low
1_1_2_LC08_014036_20170916,0.0691435418462731,2017-09-16,34.56533830236853,-76.52496659073468,"{""type"":""MultiPoint"",""coordinates"":[]}",2017-09-16 00:00:00+00:00,0.752,exposed,mid_high
2_20170920T153931_20170920T154710_T18SUD,0.6115928067051158,2017-09-20,34.56533830236853,-76.52496659073468,"{""type"":""MultiPoint"",""coordinates"":[]}",2017-09-20 00:00:00+00:00,1.591,submerged,high
2_20170928T155019_20170928T155933_T18SUD,0.6381239216069079,2017-09-28,34.56533830236853,-76.52496659073468,"{""type"":""MultiPoint"",""coordinates"":[]}",2017-09-28 00:00:00+00:00,0.8,submerged,mid_high
1_1_2_LC08_014036_20171002,0.0638411129871484,2017-10-02,34.56533830236853,-76.52496659073468,"{""type"":""MultiPoint"",""coordinates"":[]}",2017-10-02 00:00:00+00:00,1.025,exposed,high
2_20171003T155051_20171003T155835_T18SUD,0.3550956810650603,2017-10-03,34.56533830236853,-76.52496659073468,"{""type"":""MultiPoint"",""coordinates"":[]}",2017-10-03 00:00:00+00:00,1.134,submerged,high
1_1_2_LC08_014036_20171018,0.0709568297846489,2017-10-18,34.56533830236853,-76.52496659073468,"{""type"":""MultiPoint"",""coordinates"":[]}",2017-10-18 00:00:00+00:00,1.376,exposed,high
2_20171018T155239_20171018T160239_T18SUD,0.4742003189168431,2017-10-18,34.56533830236853,-76.52496659073468,"{""type"":""MultiPoint"",""coordinates"":[]}",2017-10-18 00:00:00+00:00,1.376,submerged,high
1_1_1_2_LE07_014036_20171026,0.0816438017549547,2017-10-26,34.56533830236853,-76.52496659073468,"{""type"":""MultiPoint"",""coordinates"":[]}",2017-10-26 00:00:00+00:00,0.43,exposed,mid_low
2_20171030T154351_20171030T155331_T18SUD,0.5779350716085514,2017-10-30,34.56533830236853,-76.52496659073468,"{""type"":""MultiPoint"",""coordinates"":[]}",2017-10-30 00:00:00+00:00,0.668,submerged,mid_high
1_1_2_LC08_014036_20171103,0.0768357379608177,2017-11-03,34.56533830236853,-76.52496659073468,"{""type"":""MultiPoint"",""coordinates"":[]}",2017-11-03 00:00:00+00:00,1.067,exposed,high
2_20171117T155519_20171117T155731_T18SUD,0.5707694390531463,2017-11-17,34.56533830236853,-76.52496659073468,"{""type"":""MultiPoint"",""coordinates"":[]}",2017-11-17 00:00:00+00:00,1.192,submerged,high
2_20171127T155559_20171127T155559_T18SUD,0.6498425602107045,2017-11-27,34.56533830236853,-76.52496659073468,"{""type"":""MultiPoint"",""coordinates"":[]}",2017-11-27 00:00:00+00:00,0.302,submerged,mid_low
1_1_1_2_LE07_014036_20171127,0.0647157135265095,2017-11-27,34.56533830236853,-76.52496659073468,"{""type"":""MultiPoint"",""coordinates"":[]}",2017-11-27 00:00:00+00:00,0.302,exposed,mid_low
1_1_1_2_LE07_014036_20171213,0.0724438076267345,2017-12-13,34.56533830236853,-76.52496659073468,"{""type"":""MultiPoint"",""coordinates"":[]}",2017-12-13 00:00:00+00:00,0.423,exposed,mid_low
2_20171214T154639_20171214T155143_T18SUD,0.5988824408525388,2017-12-14,34.56533830236853,-76.52496659073468,"{""type"":""MultiPoint"",""coordinates"":[]}",2017-12-14 00:00:00+00:00,0.666,submerged,mid_high
2_20180106T155629_20180106T155630_T18SUD,0.6670066888078551,2018-01-06,34.56533830236853,-76.52496659073468,"{""type"":""MultiPoint"",""coordinates"":[]}",2018-01-06 00:00:00+00:00,0.304,submerged,mid_low
1_1_2_LC08_014036_20180106,0.0715280245169584,2018-01-06,34.56533830236853,-76.52496659073468,"{""type"":""MultiPoint"",""coordinates"":[]}",2018-01-06 00:00:00+00:00,0.304,exposed,mid_low
2_20180113T154609_20180113T154608_T18SUD,0.2113548528139979,2018-01-13,34.56533830236853,-76.52496659073468,"{""type"":""MultiPoint"",""coordinates"":[]}",2018-01-13 00:00:00+00:00,0.573,submerged,mid_low
2_20180118T154551_20180118T154552_T18SUD,0.7835299914023552,2018-01-18,34.56533830236853,-76.52496659073468,"{""type"":""MultiPoint"",""coordinates"":[]}",2018-01-18 00:00:00+00:00,0.847,submerged,mid_high
2_20180131T155501_20180131T160135_T18SUD,0.6066052153221969,2018-01-31,34.56533830236853,-76.52496659073468,"{""type"":""MultiPoint"",""coordinates"":[]}",2018-01-31 00:00:00+00:00,1.043,submerged,high
2_20180205T155429_20180205T155429_T18SUD,0.625033878610176,2018-02-05,34.56533830236853,-76.52496659073468,"{""type"":""MultiPoint"",""coordinates"":[]}",2018-02-05 00:00:00+00:00,0.212,submerged,mid_low
2_20180207T154421_20180207T154417_T18SUD,0.5359331199650083,2018-02-07,34.56533830236853,-76.52496659073468,"{""type"":""MultiPoint"",""coordinates"":[]}",2018-02-07 00:00:00+00:00,-0.02,submerged,low
1_1_2_LC08_014036_20180207,0.0697457956588645,2018-02-07,34.56533830236853,-76.52496659073468,"{""type"":""MultiPoint"",""coordinates"":[]}",2018-02-07 00:00:00+00:00,-0.02,exposed,low
2_20180215T155329_20180215T155323_T18SUD,0.50366466956531,2018-02-15,34.56533830236853,-76.52496659073468,"{""type"":""MultiPoint"",""coordinates"":[]}",2018-02-15 00:00:00+00:00,0.85,submerged,mid_high
2_20180222T154239_20180222T154527_T18SUD,0.5209911337025195,2018-02-22,34.56533830236853,-76.52496659073468,"{""type"":""MultiPoint"",""coordinates"":[]}",2018-02-22 00:00:00+00:00,0.084,submerged,low
2_20180227T154211_20180227T154436_T18SUD,0.5521829126915402,2018-02-27,34.56533830236853,-76.52496659073468,"{""type"":""MultiPoint"",""coordinates"":[]}",2018-02-27 00:00:00+00:00,0.657,submerged,mid_high
2_20180302T155151_20180302T155903_T18SUD,0.4326578611918553,2018-03-02,34.56533830236853,-76.52496659073468,"{""type"":""MultiPoint"",""coordinates"":[]}",2018-03-02 00:00:00+00:00,1.278,submerged,high
1_1_1_2_LE07_014036_20180303,0.1170757496015483,2018-03-03,34.56533830236853,-76.52496659073468,"{""type"":""MultiPoint"",""coordinates"":[]}",2018-03-03 00:00:00+00:00,0.85,exposed,mid_high
2_20180309T154051_20180309T155116_T18SUD,0.618974337174323,2018-03-09,34.56533830236853,-76.52496659073468,"{""type"":""MultiPoint"",""coordinates"":[]}",2018-03-09 00:00:00+00:00,0.447,submerged,mid_low
2_20180322T154921_20180322T155535_T18SUD,0.3959147007237758,2018-03-22,34.56533830236853,-76.52496659073468,"{""type"":""MultiPoint"",""coordinates"":[]}",2018-03-22 00:00:00+00:00,0.618,submerged,mid_high
2_20180403T153859_20180403T154644_T18SUD,0.5301329419116687,2018-04-03,34.56533830236853,-76.52496659073468,"{""type"":""MultiPoint"",""coordinates"":[]}",2018-04-03 00:00:00+00:00,0.804,submerged,mid_high
2_20180411T155011_20180411T155628_T18SUD,0.2725951659613131,2018-04-11,34.56533830236853,-76.52496659073468,"{""type"":""MultiPoint"",""coordinates"":[]}",2018-04-11 00:00:00+00:00,0.623,submerged,mid_high
1_1_2_LC08_014036_20180412,0.0578170066153125,2018-04-12,34.56533830236853,-76.52496659073468,"{""type"":""MultiPoint"",""coordinates"":[]}",2018-04-12 00:00:00+00:00,0.649,exposed,mid_high
2_20180413T153909_20180413T155322_T18SUD,0.4293431231400859,2018-04-13,34.56533830236853,-76.52496659073468,"{""type"":""MultiPoint"",""coordinates"":[]}",2018-04-13 00:00:00+00:00,0.69,submerged,mid_high
2_20180416T154909_20180416T155453_T18SUD,0.3121670595301907,2018-04-16,34.56533830236853,-76.52496659073468,"{""type"":""MultiPoint"",""coordinates"":[]}",2018-04-16 00:00:00+00:00,1.111,submerged,high
1_1_1_2_LE07_014036_20180420,0.079425350433705,2018-04-20,34.56533830236853,-76.52496659073468,"{""type"":""MultiPoint"",""coordinates"":[]}",2018-04-20 00:00:00+00:00,0.422,exposed,mid_low
2_20180421T154911_20180421T155456_T18SUD,0.241855333432657,2018-04-21,34.56533830236853,-76.52496659073468,"{""type"":""MultiPoint"",""coordinates"":[]}",2018-04-21 00:00:00+00:00,0.351,submerged,mid_low
1_1_2_LC08_014036_20180428,0.0622836532517929,2018-04-28,34.56533830236853,-76.52496659073468,"{""type"":""MultiPoint"",""coordinates"":[]}",2018-04-28 00:00:00+00:00,1.154,exposed,high
2_20180428T153911_20180428T154834_T18SUD,0.5300466668475949,2018-04-28,34.56533830236853,-76.52496659073468,"{""type"":""MultiPoint"",""coordinates"":[]}",2018-04-28 00:00:00+00:00,1.154,submerged,high
2_20180501T154911_20180501T160329_T18SUD,0.1866161933603209,2018-05-01,34.56533830236853,-76.52496659073468,"{""type"":""MultiPoint"",""coordinates"":[]}",2018-05-01 00:00:00+00:00,1.059,exposed,high
2_20180503T153909_20180503T155033_T18SUD,0.4102394681531212,2018-05-03,34.56533830236853,-76.52496659073468,"{""type"":""MultiPoint"",""coordinates"":[]}",2018-05-03 00:00:00+00:00,0.659,submerged,mid_high
2_20180511T154911_20180511T155457_T18SUD,0.1206234990423907,2018-05-11,34.56533830236853,-76.52496659073468,"{""type"":""MultiPoint"",""coordinates"":[]}",2018-05-11 00:00:00+00:00,0.586,exposed,mid_low
2_20180513T153809_20180513T155049_T18SUD,0.4649609074832424,2018-05-13,34.56533830236853,-76.52496659073468,"{""type"":""MultiPoint"",""coordinates"":[]}",2018-05-13 00:00:00+00:00,0.991,submerged,mid_high
1_1_2_LC08_014036_20180514,0.0355096797796079,2018-05-14,34.56533830236853,-76.52496659073468,"{""type"":""MultiPoint"",""coordinates"":[]}",2018-05-14 00:00:00+00:00,1.19,exposed,high
2_20180523T153819_20180523T154030_T18SUD,0.3814694773409754,2018-05-23,34.56533830236853,-76.52496659073468,"{""type"":""MultiPoint"",""coordinates"":[]}",2018-05-23 00:00:00+00:00,0.156,submerged,low
2_20180620T155011_20180620T160326_T18SUD,0.0059516636556403,2018-06-20,34.56533830236853,-76.52496659073468,"{""type"":""MultiPoint"",""coordinates"":[]}",2018-06-20 00:00:00+00:00,0.128,exposed,low
2_20180622T153809_20180622T154500_T18SUD,0.4110330463245286,2018-06-22,34.56533830236853,-76.52496659073468,"{""type"":""MultiPoint"",""coordinates"":[]}",2018-06-22 00:00:00+00:00,0.366,submerged,mid_low
1_1_1_2_LE07_014036_20180623,0.0402845071662347,2018-06-23,34.56533830236853,-76.52496659073468,"{""type"":""MultiPoint"",""coordinates"":[]}",2018-06-23 00:00:00+00:00,0.635,exposed,mid_high
2_20180702T153809_20180702T154544_T18SUD,0.487102360316689,2018-07-02,34.56533830236853,-76.52496659073468,"{""type"":""MultiPoint"",""coordinates"":[]}",2018-07-02 00:00:00+00:00,0.702,submerged,mid_high
2_20180710T154911_20180710T160035_T18SUD,0.1295868555824985,2018-07-10,34.56533830236853,-76.52496659073468,"{""type"":""MultiPoint"",""coordinates"":[]}",2018-07-10 00:00:00+00:00,1.004,exposed,high
2_20180801T154109_20180801T154239_T18SUD,0.4054888249690113,2018-08-01,34.56533830236853,-76.52496659073468,"{""type"":""MultiPoint"",""coordinates"":[]}",2018-08-01 00:00:00+00:00,0.743,submerged,mid_high
2_20180806T153911_20180806T154402_T18SUD,0.4944455156444448,2018-08-06,34.56533830236853,-76.52496659073468,"{""type"":""MultiPoint"",""coordinates"":[]}",2018-08-06 00:00:00+00:00,0.283,submerged,mid_low
2_20180809T154901_20180809T160022_T18SUD,0.1459213471006772,2018-08-09,34.56533830236853,-76.52496659073468,"{""type"":""MultiPoint"",""coordinates"":[]}",2018-08-09 00:00:00+00:00,0.95,exposed,mid_high
1_1_1_2_LE07_014036_20180810,0.0513781692627954,2018-08-10,34.56533830236853,-76.52496659073468,"{""type"":""MultiPoint"",""coordinates"":[]}",2018-08-10 00:00:00+00:00,1.245,exposed,high
1_1_2_LC08_014036_20180818,0.0152462497855499,2018-08-18,34.56533830236853,-76.52496659073468,"{""type"":""MultiPoint"",""coordinates"":[]}",2018-08-18 00:00:00+00:00,0.221,exposed,mid_low
1_1_1_2_LE07_014036_20180826,0.0430978841856965,2018-08-26,34.56533830236853,-76.52496659073468,"{""type"":""MultiPoint"",""coordinates"":[]}",2018-08-26 00:00:00+00:00,1.252,exposed,high
2_20180826T153901_20180826T154349_T18SUD,0.4980287186408579,2018-08-26,34.56533830236853,-76.52496659073468,"{""type"":""MultiPoint"",""coordinates"":[]}",2018-08-26 00:00:00+00:00,1.252,submerged,high
2_20180829T154901_20180829T160018_T18SUD,0.2510049861488983,2018-08-29,34.56533830236853,-76.52496659073468,"{""type"":""MultiPoint"",""coordinates"":[]}",2018-08-29 00:00:00+00:00,0.799,submerged,mid_high
2_20180831T153759_20180831T154333_T18SUD,0.5435586753622459,2018-08-31,34.56533830236853,-76.52496659073468,"{""type"":""MultiPoint"",""coordinates"":[]}",2018-08-31 00:00:00+00:00,0.507,submerged,mid_low
2_20180905T153901_20180905T154359_T18SUD,0.4908020889432608,2018-09-05,34.56533830236853,-76.52496659073468,"{""type"":""MultiPoint"",""coordinates"":[]}",2018-09-05 00:00:00+00:00,0.571,submerged,mid_low
1_1_2_LC08_014036_20180919,0.1102947307875541,2018-09-19,34.56533830236853,-76.52496659073468,"{""type"":""MultiPoint"",""coordinates"":[]}",2018-09-19 00:00:00+00:00,0.622,exposed,mid_high
2_20180920T153919_20180920T154231_T18SUD,0.4715000100159129,2018-09-20,34.56533830236853,-76.52496659073468,"{""type"":""MultiPoint"",""coordinates"":[]}",2018-09-20 00:00:00+00:00,0.796,submerged,mid_high
2_20180923T154949_20180923T155223_T18SUD,0.6675130619814083,2018-09-23,34.56533830236853,-76.52496659073468,"{""type"":""MultiPoint"",""coordinates"":[]}",2018-09-23 00:00:00+00:00,1.27,submerged,high
1_1_1_2_LE07_014036_20180927,0.2236629196971896,2018-09-27,34.56533830236853,-76.52496659073468,"{""type"":""MultiPoint"",""coordinates"":[]}",2018-09-27 00:00:00+00:00,1.216,submerged,high
2_20181003T155049_20181003T160008_T18SUD,0.8317370605152571,2018-10-03,34.56533830236853,-76.52496659073468,"{""type"":""MultiPoint"",""coordinates"":[]}",2018-10-03 00:00:00+00:00,0.412,submerged,mid_low
2_20181005T154111_20181005T154439_T18SUD,0.7242166550677812,2018-10-05,34.56533830236853,-76.52496659073468,"{""type"":""MultiPoint"",""coordinates"":[]}",2018-10-05 00:00:00+00:00,0.791,submerged,mid_high
1_1_2_LC08_014036_20181005,0.1127713235208046,2018-10-05,34.56533830236853,-76.52496659073468,"{""type"":""MultiPoint"",""coordinates"":[]}",2018-10-05 00:00:00+00:00,0.791,exposed,mid_high
1_1_1_2_LE07_014036_20181013,0.1359183603835247,2018-10-13,34.56533830236853,-76.52496659073468,"{""type"":""MultiPoint"",""coordinates"":[]}",2018-10-13 00:00:00+00:00,0.73,exposed,mid_high
2_20181013T155209_20181013T155317_T18SUD,0.781761892564957,2018-10-13,34.56533830236853,-76.52496659073468,"{""type"":""MultiPoint"",""coordinates"":[]}",2018-10-13 00:00:00+00:00,0.73,submerged,mid_high
1_1_2_LC08_014036_20181021,0.0785093200416443,2018-10-21,34.56533830236853,-76.52496659073468,"{""type"":""MultiPoint"",""coordinates"":[]}",2018-10-21 00:00:00+00:00,0.913,exposed,mid_high
2_20181028T155341_20181028T155854_T18SUD,0.8111125571601967,2018-10-28,34.56533830236853,-76.52496659073468,"{""type"":""MultiPoint"",""coordinates"":[]}",2018-10-28 00:00:00+00:00,0.652,submerged,mid_high
1_1_1_2_LE07_014036_20181029,0.1530730088693574,2018-10-29,34.56533830236853,-76.52496659073468,"{""type"":""MultiPoint"",""coordinates"":[]}",2018-10-29 00:00:00+00:00,0.577,exposed,mid_low
2_20181030T154359_20181030T154852_T18SUD,0.9664649232900496,2018-10-30,34.56533830236853,-76.52496659073468,"{""type"":""MultiPoint"",""coordinates"":[]}",2018-10-30 00:00:00+00:00,0.291,submerged,mid_low
2_20181104T154421_20181104T155050_T18SUD,0.2497402829008248,2018-11-04,34.56533830236853,-76.52496659073468,"{""type"":""MultiPoint"",""coordinates"":[]}",2018-11-04 00:00:00+00:00,0.688,submerged,mid_high
2_20181117T155531_20181117T160112_T18SUD,0.7516159295839703,2018-11-17,34.56533830236853,-76.52496659073468,"{""type"":""MultiPoint"",""coordinates"":[]}",2018-11-17 00:00:00+00:00,0.432,submerged,mid_low
2_20181122T155549_20181122T160245_T18SUD,0.6438638535516519,2018-11-22,34.56533830236853,-76.52496659073468,"{""type"":""MultiPoint"",""coordinates"":[]}",2018-11-22 00:00:00+00:00,1.187,submerged,high
1_1_2_LC08_014036_20181122,0.1169857231068326,2018-11-22,34.56533830236853,-76.52496659073468,"{""type"":""MultiPoint"",""coordinates"":[]}",2018-11-22 00:00:00+00:00,1.187,exposed,high
2_20181129T154609_20181129T154717_T18SUD,0.934647544899924,2018-11-29,34.56533830236853,-76.52496659073468,"{""type"":""MultiPoint"",""coordinates"":[]}",2018-11-29 00:00:00+00:00,0.218,submerged,mid_low
1_1_1_2_LE07_014036_20181216,0.142845661344917,2018-12-16,34.56533830236853,-76.52496659073468,"{""type"":""MultiPoint"",""coordinates"":[]}",2018-12-16 00:00:00+00:00,0.401,exposed,mid_low
2_20181222T155649_20181222T155650_T18SUD,0.6679459526709082,2018-12-22,34.56533830236853,-76.52496659073468,"{""type"":""MultiPoint"",""coordinates"":[]}",2018-12-22 00:00:00+00:00,1.325,submerged,high
2_20181224T154641_20181224T155116_T18SUD,0.7946854527329479,2018-12-24,34.56533830236853,-76.52496659073468,"{""type"":""MultiPoint"",""coordinates"":[]}",2018-12-24 00:00:00+00:00,0.96,submerged,mid_high
1_1_2_LC08_014036_20181224,0.1261821228034255,2018-12-24,34.56533830236853,-76.52496659073468,"{""type"":""MultiPoint"",""coordinates"":[]}",2018-12-24 00:00:00+00:00,0.96,exposed,mid_high
2_20190106T155631_20190106T155840_T18SUD,0.7452987628833816,2019-01-06,34.56533830236853,-76.52496659073468,"{""type"":""MultiPoint"",""coordinates"":[]}",2019-01-06 00:00:00+00:00,0.897,submerged,mid_high
1_1_2_LC08_014036_20190109,0.1213643993974157,2019-01-09,34.56533830236853,-76.52496659073468,"{""type"":""MultiPoint"",""coordinates"":[]}",2019-01-09 00:00:00+00:00,0.681,exposed,mid_high
2_20190111T155629_20190111T155951_T18SUD,0.7809028285598226,2019-01-11,34.56533830236853,-76.52496659073468,"{""type"":""MultiPoint"",""coordinates"":[]}",2019-01-11 00:00:00+00:00,0.503,submerged,mid_low
1_1_2_LC08_014036_20190125,0.1477325521512992,2019-01-25,34.56533830236853,-76.52496659073468,"{""type"":""MultiPoint"",""coordinates"":[]}",2019-01-25 00:00:00+00:00,0.354,exposed,mid_low
2_20190126T155531_20190126T160114_T18SUD,0.8168865526066942,2019-01-26,34.56533830236853,-76.52496659073468,"{""type"":""MultiPoint"",""coordinates"":[]}",2019-01-26 00:00:00+00:00,0.122,submerged,low
2_20190131T155509_20190131T155737_T18SUD,0.5983333924030902,2019-01-31,34.56533830236853,-76.52496659073468,"{""type"":""MultiPoint"",""coordinates"":[]}",2019-01-31 00:00:00+00:00,0.551,submerged,mid_low
1_1_1_2_LE07_014036_20190202,0.1048080937100784,2019-02-02,34.56533830236853,-76.52496659073468,"{""type"":""MultiPoint"",""coordinates"":[]}",2019-02-02 00:00:00+00:00,0.72,exposed,mid_high
2_20190202T154451_20190202T155200_T18SUD,0.6737623545462516,2019-02-02,34.56533830236853,-76.52496659073468,"{""type"":""MultiPoint"",""coordinates"":[]}",2019-02-02 00:00:00+00:00,0.72,submerged,mid_high
2_20190205T155431_20190205T155944_T18SUD,0.7554441084885605,2019-02-05,34.56533830236853,-76.52496659073468,"{""type"":""MultiPoint"",""coordinates"":[]}",2019-02-05 00:00:00+00:00,1.021,submerged,high
2_20190207T154419_20190207T154956_T18SUD,0.757620062483979,2019-02-07,34.56533830236853,-76.52496659073468,"{""type"":""MultiPoint"",""coordinates"":[]}",2019-02-07 00:00:00+00:00,0.789,submerged,mid_high
1_1_2_LC08_014036_20190210,0.1087696435834687,2019-02-10,34.56533830236853,-76.52496659073468,"{""type"":""MultiPoint"",""coordinates"":[]}",2019-02-10 00:00:00+00:00,0.428,exposed,mid_low
2_20190225T155221_20190225T155738_T18SUD,0.5551343358062468,2019-02-25,34.56533830236853,-76.52496659073468,"{""type"":""MultiPoint"",""coordinates"":[]}",2019-02-25 00:00:00+00:00,0.152,submerged,low
1_1_1_2_LE07_014036_20190306,0.0948034264162,2019-03-06,34.56533830236853,-76.52496659073468,"{""type"":""MultiPoint"",""coordinates"":[]}",2019-03-06 00:00:00+00:00,1.168,exposed,high
2_20190307T155111_20190307T155625_T18SUD,0.2174274256071637,2019-03-07,34.56533830236853,-76.52496659073468,"{""type"":""MultiPoint"",""coordinates"":[]}",2019-03-07 00:00:00+00:00,1.093,submerged,high
1_1_2_LC08_014036_20190314,0.0713249178397991,2019-03-14,34.56533830236853,-76.52496659073468,"{""type"":""MultiPoint"",""coordinates"":[]}",2019-03-14 00:00:00+00:00,0.251,exposed,mid_low
2_20190322T154919_20190322T155800_T18SUD,0.5348280952099145,2019-03-22,34.56533830236853,-76.52496659073468,"{""type"":""MultiPoint"",""coordinates"":[]}",2019-03-22 00:00:00+00:00,1.227,submerged,high
1_1_1_2_LE07_014036_20190322,0.1123160734841524,2019-03-22,34.56533830236853,-76.52496659073468,"{""type"":""MultiPoint"",""coordinates"":[]}",2019-03-22 00:00:00+00:00,1.227,exposed,high
2_20190329T154019_20190329T155021_T18SUD,0.6235432720334576,2019-03-29,34.56533830236853,-76.52496659073468,"{""type"":""MultiPoint"",""coordinates"":[]}",2019-03-29 00:00:00+00:00,0.36,submerged,mid_low
2_20190403T153911_20190403T154551_T18SUD,0.6171702657337996,2019-04-03,34.56533830236853,-76.52496659073468,"{""type"":""MultiPoint"",""coordinates"":[]}",2019-04-03 00:00:00+00:00,1.163,submerged,high
1_1_1_2_LE07_014036_20190407,0.0941923567258902,2019-04-07,34.56533830236853,-76.52496659073468,"{""type"":""MultiPoint"",""coordinates"":[]}",2019-04-07 00:00:00+00:00,1.048,exposed,high
2_20190411T154819_20190411T160139_T18SUD,0.3982561724934058,2019-04-11,34.56533830236853,-76.52496659073468,"{""type"":""MultiPoint"",""coordinates"":[]}",2019-04-11 00:00:00+00:00,0.656,submerged,mid_high
1_1_2_LC08_014036_20190415,0.0633151669127059,2019-04-15,34.56533830236853,-76.52496659073468,"{""type"":""MultiPoint"",""coordinates"":[]}",2019-04-15 00:00:00+00:00,0.402,exposed,mid_low
2_20190416T154911_20190416T160007_T18SUD,0.3239778783267291,2019-04-16,34.56533830236853,-76.52496659073468,"{""type"":""MultiPoint"",""coordinates"":[]}",2019-04-16 00:00:00+00:00,0.562,submerged,mid_low
2_20190423T153911_20190423T154405_T18SUD,0.6611983562561237,2019-04-23,34.56533830236853,-76.52496659073468,"{""type"":""MultiPoint"",""coordinates"":[]}",2019-04-23 00:00:00+00:00,0.68,submerged,mid_high
1_1_1_2_LE07_014036_20190423,0.0868583272871145,2019-04-23,34.56533830236853,-76.52496659073468,"{""type"":""MultiPoint"",""coordinates"":[]}",2019-04-23 00:00:00+00:00,0.68,exposed,mid_high
2_20190501T154819_20190501T160328_T18SUD,0.234712796819941,2019-05-01,34.56533830236853,-76.52496659073468,"{""type"":""MultiPoint"",""coordinates"":[]}",2019-05-01 00:00:00+00:00,0.774,submerged,mid_high
1_1_2_LC08_014036_20190501,0.0625486863606322,2019-05-01,34.56533830236853,-76.52496659073468,"{""type"":""MultiPoint"",""coordinates"":[]}",2019-05-01 00:00:00+00:00,0.774,exposed,mid_high
1_1_1_2_LE07_014036_20190509,0.0917623834441841,2019-05-09,34.56533830236853,-76.52496659073468,"{""type"":""MultiPoint"",""coordinates"":[]}",2019-05-09 00:00:00+00:00,0.668,exposed,mid_high
2_20190513T153911_20190513T154941_T18SUD,0.4496365809750076,2019-05-13,34.56533830236853,-76.52496659073468,"{""type"":""MultiPoint"",""coordinates"":[]}",2019-05-13 00:00:00+00:00,0.308,submerged,mid_low
2_20190521T154819_20190521T160104_T18SUD,0.0788993196756026,2019-05-21,34.56533830236853,-76.52496659073468,"{""type"":""MultiPoint"",""coordinates"":[]}",2019-05-21 00:00:00+00:00,0.992,exposed,mid_high
1_1_1_2_LE07_014036_20190525,0.0400821051045631,2019-05-25,34.56533830236853,-76.52496659073468,"{""type"":""MultiPoint"",""coordinates"":[]}",2019-05-25 00:00:00+00:00,0.328,exposed,mid_low
2_20190528T153819_20190528T154246_T18SUD,0.530395920606832,2019-05-28,34.56533830236853,-76.52496659073468,"{""type"":""MultiPoint"",""coordinates"":[]}",2019-05-28 00:00:00+00:00,0.468,submerged,mid_low
2_20190617T153819_20190617T154310_T18SUD,0.5057229363497981,2019-06-17,34.56533830236853,-76.52496659073468,"{""type"":""MultiPoint"",""coordinates"":[]}",2019-06-17 00:00:00+00:00,1.343,submerged,high
1_1_2_LC08_014036_20190618,0.0332642292688281,2019-06-18,34.56533830236853,-76.52496659073468,"{""type"":""MultiPoint"",""coordinates"":[]}",2019-06-18 00:00:00+00:00,1.22,exposed,high
2_20190625T154911_20190625T155629_T18SUD,0.1018305064351875,2019-06-25,34.56533830236853,-76.52496659073468,"{""type"":""MultiPoint"",""coordinates"":[]}",2019-06-25 00:00:00+00:00,0.502,exposed,mid_low
2_20190630T154819_20190630T155839_T18SUD,0.0852863895291041,2019-06-30,34.56533830236853,-76.52496659073468,"{""type"":""MultiPoint"",""coordinates"":[]}",2019-06-30 00:00:00+00:00,1.05,exposed,high
1_1_2_LC08_014036_20190704,0.0448801194959054,2019-07-04,34.56533830236853,-76.52496659073468,"{""type"":""MultiPoint"",""coordinates"":[]}",2019-07-04 00:00:00+00:00,1.399,exposed,high
2_20190707T153819_20190707T155245_T18SUD,0.5374577632823161,2019-07-07,34.56533830236853,-76.52496659073468,"{""type"":""MultiPoint"",""coordinates"":[]}",2019-07-07 00:00:00+00:00,0.661,submerged,mid_high
2_20190717T153819_20190717T154521_T18SUD,0.5128091052101195,2019-07-17,34.56533830236853,-76.52496659073468,"{""type"":""MultiPoint"",""coordinates"":[]}",2019-07-17 00:00:00+00:00,1.302,submerged,high
2_20190720T154819_20190720T155318_T18SUD,0.1619829117192493,2019-07-20,34.56533830236853,-76.52496659073468,"{""type"":""MultiPoint"",""coordinates"":[]}",2019-07-20 00:00:00+00:00,0.837,exposed,mid_high
1_1_2_LC08_014036_20190720,0.0564425477164004,2019-07-20,34.56533830236853,-76.52496659073468,"{""type"":""MultiPoint"",""coordinates"":[]}",2019-07-20 00:00:00+00:00,0.837,exposed,mid_high
1_1_1_2_LE07_014036_20190728,0.0681727306042798,2019-07-28,34.56533830236853,-76.52496659073468,"{""type"":""MultiPoint"",""coordinates"":[]}",2019-07-28 00:00:00+00:00,0.726,exposed,mid_high
2_20190730T154819_20190730T160321_T18SUD,0.3016861568968031,2019-07-30,34.56533830236853,-76.52496659073468,"{""type"":""MultiPoint"",""coordinates"":[]}",2019-07-30 00:00:00+00:00,1.144,submerged,high
2_20190804T154911_20190804T160118_T18SUD,0.088309192166015,2019-08-04,34.56533830236853,-76.52496659073468,"{""type"":""MultiPoint"",""coordinates"":[]}",2019-08-04 00:00:00+00:00,0.958,exposed,mid_high
2_20190809T154819_20190809T160103_T18SUD,0.2259580992379559,2019-08-09,34.56533830236853,-76.52496659073468,"{""type"":""MultiPoint"",""coordinates"":[]}",2019-08-09 00:00:00+00:00,0.438,submerged,mid_low
2_20190811T153911_20190811T154405_T18SUD,0.3884382792434399,2019-08-11,34.56533830236853,-76.52496659073468,"{""type"":""MultiPoint"",""coordinates"":[]}",2019-08-11 00:00:00+00:00,0.808,submerged,mid_high
1_1_1_2_LE07_014036_20190813,0.0808002145917053,2019-08-13,34.56533830236853,-76.52496659073468,"{""type"":""MultiPoint"",""coordinates"":[]}",2019-08-13 00:00:00+00:00,1.266,exposed,high
1_1_1_2_LE07_014036_20190829,0.0776822287696209,2019-08-29,34.56533830236853,-76.52496659073468,"{""type"":""MultiPoint"",""coordinates"":[]}",2019-08-29 00:00:00+00:00,1.495,exposed,high
2_20190829T154819_20190829T160324_T18SUD,0.3496950871658617,2019-08-29,34.56533830236853,-76.52496659073468,"{""type"":""MultiPoint"",""coordinates"":[]}",2019-08-29 00:00:00+00:00,1.495,submerged,high
2_20190920T153931_20190920T154443_T18SUD,0.7397998416250755,2019-09-20,34.56533830236853,-76.52496659073468,"{""type"":""MultiPoint"",""coordinates"":[]}",2019-09-20 00:00:00+00:00,0.7,submerged,mid_high
1_1_2_LC08_014036_20190922,0.0725041166639991,2019-09-22,34.56533830236853,-76.52496659073468,"{""type"":""MultiPoint"",""coordinates"":[]}",2019-09-22 00:00:00+00:00,0.365,exposed,mid_low
2_20190925T153959_20190925T155023_T18SUD,0.5995675589042635,2019-09-25,34.56533830236853,-76.52496659073468,"{""type"":""MultiPoint"",""coordinates"":[]}",2019-09-25 00:00:00+00:00,0.802,submerged,mid_high
2_20190928T155029_20190928T155956_T18SUD,0.6050816931761442,2019-09-28,34.56533830236853,-76.52496659073468,"{""type"":""MultiPoint"",""coordinates"":[]}",2019-09-28 00:00:00+00:00,1.409,submerged,high
2_20191003T155101_20191003T155823_T18SUD,0.6060281460224547,2019-10-03,34.56533830236853,-76.52496659073468,"{""type"":""MultiPoint"",""coordinates"":[]}",2019-10-03 00:00:00+00:00,0.557,submerged,mid_low
2_20191013T155211_20191013T155920_T18SUD,0.6965909928450689,2019-10-13,34.56533830236853,-76.52496659073468,"{""type"":""MultiPoint"",""coordinates"":[]}",2019-10-13 00:00:00+00:00,1.642,submerged,high
2_20191018T155249_20191018T160207_T18SUD,0.7026649065797264,2019-10-18,34.56533830236853,-76.52496659073468,"{""type"":""MultiPoint"",""coordinates"":[]}",2019-10-18 00:00:00+00:00,0.741,submerged,mid_high
2_20191023T155321_20191023T155832_T18SUD,0.5270628975048745,2019-10-23,34.56533830236853,-76.52496659073468,"{""type"":""MultiPoint"",""coordinates"":[]}",2019-10-23 00:00:00+00:00,0.655,submerged,mid_high
1_1_2_LC08_014036_20191024,0.0432763997201489,2019-10-24,34.56533830236853,-76.52496659073468,"{""type"":""MultiPoint"",""coordinates"":[]}",2019-10-24 00:00:00+00:00,0.696,exposed,mid_high
2_20191028T155259_20191028T155902_T18SUD,0.5327150646022464,2019-10-28,34.56533830236853,-76.52496659073468,"{""type"":""MultiPoint"",""coordinates"":[]}",2019-10-28 00:00:00+00:00,1.273,submerged,high
1_1_1_2_LE07_014036_20191101,0.1120401140008665,2019-11-01,34.56533830236853,-76.52496659073468,"{""type"":""MultiPoint"",""coordinates"":[]}",2019-11-01 00:00:00+00:00,0.655,exposed,mid_high
1_1_2_LC08_014036_20191109,0.080545915303461,2019-11-09,34.56533830236853,-76.52496659073468,"{""type"":""MultiPoint"",""coordinates"":[]}",2019-11-09 00:00:00+00:00,1.056,exposed,high
2_20191109T154451_20191109T154857_T18SUD,0.6052612478078214,2019-11-09,34.56533830236853,-76.52496659073468,"{""type"":""MultiPoint"",""coordinates"":[]}",2019-11-09 00:00:00+00:00,1.056,submerged,high
2_20191124T154549_20191124T154739_T18SUD,0.6021915656716317,2019-11-24,34.56533830236853,-76.52496659073468,"{""type"":""MultiPoint"",""coordinates"":[]}",2019-11-24 00:00:00+00:00,0.973,submerged,mid_high
1_1_2_LC08_014036_20191125,0.0846306832558561,2019-11-25,34.56533830236853,-76.52496659073468,"{""type"":""MultiPoint"",""coordinates"":[]}",2019-11-25 00:00:00+00:00,0.992,exposed,mid_high
1_1_1_2_LE07_014036_20191203,0.1144510873785426,2019-12-03,34.56533830236853,-76.52496659073468,"{""type"":""MultiPoint"",""coordinates"":[]}",2019-12-03 00:00:00+00:00,0.27,exposed,mid_low
2_20191204T154619_20191204T154819_T18SUD,0.7298512978639012,2019-12-04,34.56533830236853,-76.52496659073468,"{""type"":""MultiPoint"",""coordinates"":[]}",2019-12-04 00:00:00+00:00,0.515,submerged,mid_low
2_20191207T155629_20191207T155631_T18SUD,0.429744863081467,2019-12-07,34.56533830236853,-76.52496659073468,"{""type"":""MultiPoint"",""coordinates"":[]}",2019-12-07 00:00:00+00:00,0.499,submerged,mid_low
2_20191212T155641_20191212T155828_T18SUD,0.4929816688418699,2019-12-12,34.56533830236853,-76.52496659073468,"{""type"":""MultiPoint"",""coordinates"":[]}",2019-12-12 00:00:00+00:00,0.829,submerged,mid_high
2_20191219T154641_20191219T155110_T18SUD,0.6343087475179513,2019-12-19,34.56533830236853,-76.52496659073468,"{""type"":""MultiPoint"",""coordinates"":[]}",2019-12-19 00:00:00+00:00,0.132,submerged,low
1_1_1_2_LE07_014036_20191219,0.1016224578553339,2019-12-19,34.56533830236853,-76.52496659073468,"{""type"":""MultiPoint"",""coordinates"":[]}",2019-12-19 00:00:00+00:00,0.132,exposed,low
2_20200106T155639_20200106T155634_T18SUD,0.6325191165871744,2020-01-06,34.56533830236853,-76.52496659073468,"{""type"":""MultiPoint"",""coordinates"":[]}",2020-01-06 00:00:00+00:00,0.366,submerged,mid_low
2_20200108T154631_20200108T155056_T18SUD,0.6051695436485403,2020-01-08,34.56533830236853,-76.52496659073468,"{""type"":""MultiPoint"",""coordinates"":[]}",2020-01-08 00:00:00+00:00,0.54,submerged,mid_low
1_1_1_2_LE07_014036_20200120,0.0946973383359678,2020-01-20,34.56533830236853,-76.52496659073468,"{""type"":""MultiPoint"",""coordinates"":[]}",2020-01-20 00:00:00+00:00,0.302,exposed,mid_low
2_20200126T155529_20200126T160132_T18SUD,0.6887397542451598,2020-01-26,34.56533830236853,-76.52496659073468,"{""type"":""MultiPoint"",""coordinates"":[]}",2020-01-26 00:00:00+00:00,0.785,submerged,mid_high
2_20200128T154511_20200128T154938_T18SUD,0.7038320252510568,2020-01-28,34.56533830236853,-76.52496659073468,"{""type"":""MultiPoint"",""coordinates"":[]}",2020-01-28 00:00:00+00:00,0.688,submerged,mid_high
1_1_2_LC08_014036_20200128,0.0800067729154699,2020-01-28,34.56533830236853,-76.52496659073468,"{""type"":""MultiPoint"",""coordinates"":[]}",2020-01-28 00:00:00+00:00,0.688,exposed,mid_high
2_20200215T155239_20200215T160119_T18SUD,0.5788870715761864,2020-02-15,34.56533830236853,-76.52496659073468,"{""type"":""MultiPoint"",""coordinates"":[]}",2020-02-15 00:00:00+00:00,0.065,submerged,low
2_20200217T154311_20200217T154553_T18SUD,0.5782804575316743,2020-02-17,34.56533830236853,-76.52496659073468,"{""type"":""MultiPoint"",""coordinates"":[]}",2020-02-17 00:00:00+00:00,0.144,submerged,low
2_20200222T154149_20200222T154332_T18SUD,0.6291356604213086,2020-02-22,34.56533830236853,-76.52496659073468,"{""type"":""MultiPoint"",""coordinates"":[]}",2020-02-22 00:00:00+00:00,1.106,submerged,high
2_20200227T154211_20200227T154337_T18SUD,0.6040779231379405,2020-02-27,34.56533830236853,-76.52496659073468,"{""type"":""MultiPoint"",""coordinates"":[]}",2020-02-27 00:00:00+00:00,0.88,submerged,mid_high
1_1_2_LC08_014036_20200229,0.079276758339733,2020-02-29,34.56533830236853,-76.52496659073468,"{""type"":""MultiPoint"",""coordinates"":[]}",2020-02-29 00:00:00+00:00,0.435,exposed,mid_low
2_20200301T155151_20200301T155659_T18SUD,0.5805874307014691,2020-03-01,34.56533830236853,-76.52496659073468,"{""type"":""MultiPoint"",""coordinates"":[]}",2020-03-01 00:00:00+00:00,0.186,submerged,low
2_20200308T154101_20200308T154114_T18SUD,0.6087522521037718,2020-03-08,34.56533830236853,-76.52496659073468,"{""type"":""MultiPoint"",""coordinates"":[]}",2020-03-08 00:00:00+00:00,0.931,submerged,mid_high
1_1_1_2_LE07_014036_20200308,0.1094533138629347,2020-03-08,34.56533830236853,-76.52496659073468,"{""type"":""MultiPoint"",""coordinates"":[]}",2020-03-08 00:00:00+00:00,0.931,exposed,mid_high
2_20200402T153809_20200402T154806_T18SUD,0.568527749507786,2020-04-02,34.56533830236853,-76.52496659073468,"{""type"":""MultiPoint"",""coordinates"":[]}",2020-04-02 00:00:00+00:00,0.534,submerged,mid_low
2_20200407T153901_20200407T155115_T18SUD,0.5230935249712939,2020-04-07,34.56533830236853,-76.52496659073468,"{""type"":""MultiPoint"",""coordinates"":[]}",2020-04-07 00:00:00+00:00,1.473,submerged,high
2_20200417T153911_20200417T154507_T18SUD,0.5924863043893206,2020-04-17,34.56533830236853,-76.52496659073468,"{""type"":""MultiPoint"",""coordinates"":[]}",2020-04-17 00:00:00+00:00,0.426,submerged,mid_low
1_1_2_LC08_014036_20200417,0.0600635763025331,2020-04-17,34.56533830236853,-76.52496659073468,"{""type"":""MultiPoint"",""coordinates"":[]}",2020-04-17 00:00:00+00:00,0.426,exposed,mid_low
2_20200422T153809_20200422T155006_T18SUD,0.5523250543759622,2020-04-22,34.56533830236853,-76.52496659073468,"{""type"":""MultiPoint"",""coordinates"":[]}",2020-04-22 00:00:00+00:00,1.278,submerged,high
2_20200502T153809_20200502T155128_T18SUD,0.571495714160679,2020-05-02,34.56533830236853,-76.52496659073468,"{""type"":""MultiPoint"",""coordinates"":[]}",2020-05-02 00:00:00+00:00,0.212,submerged,mid_low
1_1_2_LC08_014036_20200503,0.0491810110882582,2020-05-03,34.56533830236853,-76.52496659073468,"{""type"":""MultiPoint"",""coordinates"":[]}",2020-05-03 00:00:00+00:00,0.463,exposed,mid_low
1_1_1_2_LE07_014036_20200511,0.0721834178770293,2020-05-11,34.56533830236853,-76.52496659073468,"{""type"":""MultiPoint"",""coordinates"":[]}",2020-05-11 00:00:00+00:00,0.611,exposed,mid_high
2_20200601T153809_20200601T154518_T18SUD,0.4486424465355291,2020-06-01,34.56533830236853,-76.52496659073468,"{""type"":""MultiPoint"",""coordinates"":[]}",2020-06-01 00:00:00+00:00,0.533,submerged,mid_low
2_20200621T153819_20200621T155109_T18SUD,0.5940537435501031,2020-06-21,34.56533830236853,-76.52496659073468,"{""type"":""MultiPoint"",""coordinates"":[]}",2020-06-21 00:00:00+00:00,1.297,submerged,high
2_20200626T153911_20200626T154519_T18SUD,0.5762844200246252,2020-06-26,34.56533830236853,-76.52496659073468,"{""type"":""MultiPoint"",""coordinates"":[]}",2020-06-26 00:00:00+00:00,0.557,submerged,mid_low
2_20200706T153911_20200706T154131_T18SUD,0.5362445839106214,2020-07-06,34.56533830236853,-76.52496659073468,"{""type"":""MultiPoint"",""coordinates"":[]}",2020-07-06 00:00:00+00:00,1.406,submerged,high
1_1_1_2_LE07_014036_20200714,0.065739002081443,2020-07-14,34.56533830236853,-76.52496659073468,"{""type"":""MultiPoint"",""coordinates"":[]}",2020-07-14 00:00:00+00:00,0.482,exposed,mid_low
2_20200721T153809_20200721T155307_T18SUD,0.4911719701137885,2020-07-21,34.56533830236853,-76.52496659073468,"{""type"":""MultiPoint"",""coordinates"":[]}",2020-07-21 00:00:00+00:00,1.361,submerged,high
1_1_2_LC08_014036_20200722,0.0577641442191091,2020-07-22,34.56533830236853,-76.52496659073468,"{""type"":""MultiPoint"",""coordinates"":[]}",2020-07-22 00:00:00+00:00,1.247,exposed,high
2_20200726T153911_20200726T154432_T18SUD,0.6447387014656444,2020-07-26,34.56533830236853,-76.52496659073468,"{""type"":""MultiPoint"",""coordinates"":[]}",2020-07-26 00:00:00+00:00,0.232,submerged,mid_low
2_20200805T153911_20200805T154513_T18SUD,0.5101091114695611,2020-08-05,34.56533830236853,-76.52496659073468,"{""type"":""MultiPoint"",""coordinates"":[]}",2020-08-05 00:00:00+00:00,1.146,submerged,high
2_20200810T153819_20200810T154638_T18SUD,0.6544701320114608,2020-08-10,34.56533830236853,-76.52496659073468,"{""type"":""MultiPoint"",""coordinates"":[]}",2020-08-10 00:00:00+00:00,0.51,submerged,mid_low
2_20200830T153819_20200830T154649_T18SUD,0.3783109613372435,2020-08-30,34.56533830236853,-76.52496659073468,"{""type"":""MultiPoint"",""coordinates"":[]}",2020-08-30 00:00:00+00:00,1.029,submerged,high
2_20200904T153911_20200904T155003_T18SUD,0.5778852760744898,2020-09-04,34.56533830236853,-76.52496659073468,"{""type"":""MultiPoint"",""coordinates"":[]}",2020-09-04 00:00:00+00:00,1.083,submerged,high
2_20200922T154859_20200922T160118_T18SUD,0.6376269637092009,2020-09-22,34.56533830236853,-76.52496659073468,"{""type"":""MultiPoint"",""coordinates"":[]}",2020-09-22 00:00:00+00:00,0.671,submerged,mid_high
2_20201007T155141_20201007T155546_T18SUD,0.7297786328069837,2020-10-07,34.56533830236853,-76.52496659073468,"{""type"":""MultiPoint"",""coordinates"":[]}",2020-10-07 00:00:00+00:00,0.683,submerged,mid_high
2_20201012T155119_20201012T160019_T18SUD,0.6463163161045804,2020-10-12,34.56533830236853,-76.52496659073468,"{""type"":""MultiPoint"",""coordinates"":[]}",2020-10-12 00:00:00+00:00,0.642,submerged,mid_high
2_20201014T154231_20201014T154504_T18SUD,0.6900832821873497,2020-10-14,34.56533830236853,-76.52496659073468,"{""type"":""MultiPoint"",""coordinates"":[]}",2020-10-14 00:00:00+00:00,1.115,submerged,high
2_20201017T155251_20201017T155552_T18SUD,0.5050625980718492,2020-10-17,34.56533830236853,-76.52496659073468,"{""type"":""MultiPoint"",""coordinates"":[]}",2020-10-17 00:00:00+00:00,1.305,submerged,high
1_1_1_2_LE07_014036_20201018,0.1110970620227861,2020-10-18,34.56533830236853,-76.52496659073468,"{""type"":""MultiPoint"",""coordinates"":[]}",2020-10-18 00:00:00+00:00,1.309,exposed,high
2_20201024T154331_20201024T154931_T18SUD,0.653065871632768,2020-10-24,34.56533830236853,-76.52496659073468,"{""type"":""MultiPoint"",""coordinates"":[]}",2020-10-24 00:00:00+00:00,0.427,submerged,mid_low
2_20201103T154431_20201103T154911_T18SUD,0.7092336104334821,2020-11-03,34.56533830236853,-76.52496659073468,"{""type"":""MultiPoint"",""coordinates"":[]}",2020-11-03 00:00:00+00:00,0.899,submerged,mid_high
1_1_1_2_LE07_014036_20201103,0.0905216775591708,2020-11-03,34.56533830236853,-76.52496659073468,"{""type"":""MultiPoint"",""coordinates"":[]}",2020-11-03 00:00:00+00:00,0.899,exposed,mid_high
2_20201116T155531_20201116T160128_T18SUD,0.7030910644180515,2020-11-16,34.56533830236853,-76.52496659073468,"{""type"":""MultiPoint"",""coordinates"":[]}",2020-11-16 00:00:00+00:00,1.241,submerged,high
2_20201118T154539_20201118T155213_T18SUD,0.7269279610250451,2020-11-18,34.56533830236853,-76.52496659073468,"{""type"":""MultiPoint"",""coordinates"":[]}",2020-11-18 00:00:00+00:00,0.507,submerged,mid_low
1_1_1_2_LE07_014036_20201119,0.105489279025151,2020-11-19,34.56533830236853,-76.52496659073468,"{""type"":""MultiPoint"",""coordinates"":[]}",2020-11-19 00:00:00+00:00,0.464,exposed,mid_low
2_20201121T155549_20201121T155822_T18SUD,0.7406592138544325,2020-11-21,34.56533830236853,-76.52496659073468,"{""type"":""MultiPoint"",""coordinates"":[]}",2020-11-21 00:00:00+00:00,0.133,submerged,low
2_20201123T154601_20201123T154556_T18SUD,0.4327861515619363,2020-11-23,34.56533830236853,-76.52496659073468,"{""type"":""MultiPoint"",""coordinates"":[]}",2020-11-23 00:00:00+00:00,0.254,submerged,mid_low
1_1_1_2_LE07_014036_20201205,0.1329549856391645,2020-12-05,34.56533830236853,-76.52496659073468,"{""type"":""MultiPoint"",""coordinates"":[]}",2020-12-05 00:00:00+00:00,0.428,exposed,mid_low
2_20201226T155651_20201226T155914_T18SUD,0.6799207689842657,2020-12-26,34.56533830236853,-76.52496659073468,"{""type"":""MultiPoint"",""coordinates"":[]}",2020-12-26 00:00:00+00:00,0.414,submerged,mid_low
1_1_2_LC08_014036_20201229,0.084999567938031,2020-12-29,34.56533830236853,-76.52496659073468,"{""type"":""MultiPoint"",""coordinates"":[]}",2020-12-29 00:00:00+00:00,0.802,exposed,mid_high
1_1_1_2_LE07_014036_20210106,0.1175166823273307,2021-01-06,34.56533830236853,-76.52496659073468,"{""type"":""MultiPoint"",""coordinates"":[]}",2021-01-06 00:00:00+00:00,0.159,exposed,low
2_20210110T155629_20210110T155838_T18SUD,0.7280721101438552,2021-01-10,34.56533830236853,-76.52496659073468,"{""type"":""MultiPoint"",""coordinates"":[]}",2021-01-10 00:00:00+00:00,0.81,submerged,mid_high
2_20210115T155611_20210115T160250_T18SUD,0.7777316450206635,2021-01-15,34.56533830236853,-76.52496659073468,"{""type"":""MultiPoint"",""coordinates"":[]}",2021-01-15 00:00:00+00:00,1.034,submerged,high
2_20210117T154559_20210117T155216_T18SUD,0.7733193422292014,2021-01-17,34.56533830236853,-76.52496659073468,"{""type"":""MultiPoint"",""coordinates"":[]}",2021-01-17 00:00:00+00:00,0.354,submerged,mid_low
2_20210120T155559_20210120T155730_T18SUD,0.6361107094229106,2021-01-20,34.56533830236853,-76.52496659073468,"{""type"":""MultiPoint"",""coordinates"":[]}",2021-01-20 00:00:00+00:00,0.064,submerged,low
1_1_2_LC08_014036_20210130,0.1054669766966,2021-01-30,34.56533830236853,-76.52496659073468,"{""type"":""MultiPoint"",""coordinates"":[]}",2021-01-30 00:00:00+00:00,1.12,exposed,high
2_20210130T155509_20210130T155641_T18SUD,0.7087019351226355,2021-01-30,34.56533830236853,-76.52496659073468,"{""type"":""MultiPoint"",""coordinates"":[]}",2021-01-30 00:00:00+00:00,1.12,submerged,high
2_20210221T154251_20210221T155012_T18SUD,0.6825431521530516,2021-02-21,34.56533830236853,-76.52496659073468,"{""type"":""MultiPoint"",""coordinates"":[]}",2021-02-21 00:00:00+00:00,0.336,submerged,mid_low
1_1_1_2_LE07_014036_20210223,0.0963567197035879,2021-02-23,34.56533830236853,-76.52496659073468,"{""type"":""MultiPoint"",""coordinates"":[]}",2021-02-23 00:00:00+00:00,0.476,exposed,mid_low
2_20210224T155231_20210224T155529_T18SUD,0.6646168488449203,2021-02-24,34.56533830236853,-76.52496659073468,"{""type"":""MultiPoint"",""coordinates"":[]}",2021-02-24 00:00:00+00:00,0.659,submerged,mid_high
2_20210308T154009_20210308T154550_T18SUD,0.6782102296208358,2021-03-08,34.56533830236853,-76.52496659073468,"{""type"":""MultiPoint"",""coordinates"":[]}",2021-03-08 00:00:00+00:00,0.358,submerged,mid_low
1_1_1_2_LE07_014036_20210311,0.0788693482497769,2021-03-11,34.56533830236853,-76.52496659073468,"{""type"":""MultiPoint"",""coordinates"":[]}",2021-03-11 00:00:00+00:00,0.836,exposed,mid_high
2_20210311T154949_20210311T155312_T18SUD,0.6686633437814095,2021-03-11,34.56533830236853,-76.52496659073468,"{""type"":""MultiPoint"",""coordinates"":[]}",2021-03-11 00:00:00+00:00,0.836,submerged,mid_high
1_1_2_LC08_014036_20210404,0.0543789139860473,2021-04-04,34.56533830236853,-76.52496659073468,"{""type"":""MultiPoint"",""coordinates"":[]}",2021-04-04 00:00:00+00:00,0.074,exposed,low
2_20210405T154901_20210405T155835_T18SUD,0.3420104443191112,2021-04-05,34.56533830236853,-76.52496659073468,"{""type"":""MultiPoint"",""coordinates"":[]}",2021-04-05 00:00:00+00:00,0.059,submerged,low
2_20210407T153809_20210407T154509_T18SUD,0.6485659077690276,2021-04-07,34.56533830236853,-76.52496659073468,"{""type"":""MultiPoint"",""coordinates"":[]}",2021-04-07 00:00:00+00:00,0.463,submerged,mid_low
1_1_1_2_LE07_014036_20210412,0.0858928609507266,2021-04-12,34.56533830236853,-76.52496659073468,"{""type"":""MultiPoint"",""coordinates"":[]}",2021-04-12 00:00:00+00:00,1.229,exposed,high
2_20210412T153901_20210412T154729_T18SUD,0.6259317257947301,2021-04-12,34.56533830236853,-76.52496659073468,"{""type"":""MultiPoint"",""coordinates"":[]}",2021-04-12 00:00:00+00:00,1.229,submerged,high
2_20210422T153901_20210422T154136_T18SUD,0.558282437265968,2021-04-22,34.56533830236853,-76.52496659073468,"{""type"":""MultiPoint"",""coordinates"":[]}",2021-04-22 00:00:00+00:00,0.432,submerged,mid_low
2_20210427T153809_20210427T154626_T18SUD,0.6594092476329773,2021-04-27,34.56533830236853,-76.52496659073468,"{""type"":""MultiPoint"",""coordinates"":[]}",2021-04-27 00:00:00+00:00,1.505,submerged,high
1_1_1_2_LE07_014036_20210428,0.0871107197604486,2021-04-28,34.56533830236853,-76.52496659073468,"{""type"":""MultiPoint"",""coordinates"":[]}",2021-04-28 00:00:00+00:00,1.386,exposed,high
2_20210515T154911_20210515T160038_T18SUD,0.1590034670421849,2021-05-15,34.56533830236853,-76.52496659073468,"{""type"":""MultiPoint"",""coordinates"":[]}",2021-05-15 00:00:00+00:00,0.842,exposed,mid_high
2_20210520T154809_20210520T155531_T18SUD,0.1214092297285082,2021-05-20,34.56533830236853,-76.52496659073468,"{""type"":""MultiPoint"",""coordinates"":[]}",2021-05-20 00:00:00+00:00,0.12,exposed,low
1_1_2_LC08_014036_20210522,0.0424510124970667,2021-05-22,34.56533830236853,-76.52496659073468,"{""type"":""MultiPoint"",""coordinates"":[]}",2021-05-22 00:00:00+00:00,0.385,exposed,mid_low
2_20210616T153809_20210616T154549_T18SUD,0.5111190304769315,2021-06-16,34.56533830236853,-76.52496659073468,"{""type"":""MultiPoint"",""coordinates"":[]}",2021-06-16 00:00:00+00:00,0.533,submerged,mid_low
2_20210621T153911_20210621T154649_T18SUD,0.4170987903259315,2021-06-21,34.56533830236853,-76.52496659073468,"{""type"":""MultiPoint"",""coordinates"":[]}",2021-06-21 00:00:00+00:00,0.589,submerged,mid_low
1_1_1_2_LE07_014036_20210717,0.0621453529697886,2021-07-17,34.56533830236853,-76.52496659073468,"{""type"":""MultiPoint"",""coordinates"":[]}",2021-07-17 00:00:00+00:00,0.18,exposed,low
2_20210724T154911_20210724T155834_T18SUD,0.0890479449003731,2021-07-24,34.56533830236853,-76.52496659073468,"{""type"":""MultiPoint"",""coordinates"":[]}",2021-07-24 00:00:00+00:00,1.432,exposed,high
2_20210729T154819_20210729T155533_T18SUD,0.0841985557440617,2021-07-29,34.56533830236853,-76.52496659073468,"{""type"":""MultiPoint"",""coordinates"":[]}",2021-07-29 00:00:00+00:00,0.459,exposed,mid_low
2_20210813T154911_20210813T155956_T18SUD,0.2191939773019024,2021-08-13,34.56533830236853,-76.52496659073468,"{""type"":""MultiPoint"",""coordinates"":[]}",2021-08-13 00:00:00+00:00,0.571,submerged,mid_low
2_20210825T153809_20210825T154325_T18SUD,0.516296512816816,2021-08-25,34.56533830236853,-76.52496659073468,"{""type"":""MultiPoint"",""coordinates"":[]}",2021-08-25 00:00:00+00:00,0.917,submerged,mid_high
2_20210828T154809_20210828T155528_T18SUD,0.3316779882595546,2021-08-28,34.56533830236853,-76.52496659073468,"{""type"":""MultiPoint"",""coordinates"":[]}",2021-08-28 00:00:00+00:00,0.405,submerged,mid_low
2_20210830T153911_20210830T154823_T18SUD,0.5910112910738868,2021-08-30,34.56533830236853,-76.52496659073468,"{""type"":""MultiPoint"",""coordinates"":[]}",2021-08-30 00:00:00+00:00,0.449,submerged,mid_low
1_1_1_2_LE07_014036_20210903,0.0839401488141998,2021-09-03,34.56533830236853,-76.52496659073468,"{""type"":""MultiPoint"",""coordinates"":[]}",2021-09-03 00:00:00+00:00,0.854,exposed,mid_high
2_20210904T153809_20210904T154631_T18SUD,0.6639869389633323,2021-09-04,34.56533830236853,-76.52496659073468,"{""type"":""MultiPoint"",""coordinates"":[]}",2021-09-04 00:00:00+00:00,1.114,submerged,high
1_1_2_LC08_014036_20210911,0.0962524987142315,2021-09-11,34.56533830236853,-76.52496659073468,"{""type"":""MultiPoint"",""coordinates"":[]}",2021-09-11 00:00:00+00:00,0.69,exposed,mid_high
2_20210912T154911_20210912T160052_T18SUD,0.718325422199488,2021-09-12,34.56533830236853,-76.52496659073468,"{""type"":""MultiPoint"",""coordinates"":[]}",2021-09-12 00:00:00+00:00,0.391,submerged,mid_low
2_20210914T153809_20210914T155253_T18SUD,0.7430651514943607,2021-09-14,34.56533830236853,-76.52496659073468,"{""type"":""MultiPoint"",""coordinates"":[]}",2021-09-14 00:00:00+00:00,0.244,submerged,mid_low
1_1_1_2_LE07_014036_20210919,0.1059406442366178,2021-09-19,34.56533830236853,-76.52496659073468,"{""type"":""MultiPoint"",""coordinates"":[]}",2021-09-19 00:00:00+00:00,1.405,exposed,high
2_20210927T154929_20210927T155235_T18SUD,0.7961104778510256,2021-09-27,34.56533830236853,-76.52496659073468,"{""type"":""MultiPoint"",""coordinates"":[]}",2021-09-27 00:00:00+00:00,0.545,submerged,mid_low
1_1_2_LC08_014036_20210927,0.0948859789836833,2021-09-27,34.56533830236853,-76.52496659073468,"{""type"":""MultiPoint"",""coordinates"":[]}",2021-09-27 00:00:00+00:00,0.545,exposed,mid_low
2_20210929T154041_20210929T155332_T18SUD,0.7043101246252883,2021-09-29,34.56533830236853,-76.52496659073468,"{""type"":""MultiPoint"",""coordinates"":[]}",2021-09-29 00:00:00+00:00,0.51,submerged,mid_low
2_20211002T155101_20211002T160221_T18SUD,0.6533235547469244,2021-10-02,34.56533830236853,-76.52496659073468,"{""type"":""MultiPoint"",""coordinates"":[]}",2021-10-02 00:00:00+00:00,0.748,submerged,mid_high
2_20211017T155149_20211017T155351_T18SUD,0.5789539272322838,2021-10-17,34.56533830236853,-76.52496659073468,"{""type"":""MultiPoint"",""coordinates"":[]}",2021-10-17 00:00:00+00:00,1.048,submerged,high
2_20211019T154251_20211019T154735_T18SUD,0.7584520995931422,2021-10-19,34.56533830236853,-76.52496659073468,"{""type"":""MultiPoint"",""coordinates"":[]}",2021-10-19 00:00:00+00:00,1.202,submerged,high
2_20211024T154229_20211024T154855_T18SUD,0.7540791293589932,2021-10-24,34.56533830236853,-76.52496659073468,"{""type"":""MultiPoint"",""coordinates"":[]}",2021-10-24 00:00:00+00:00,0.715,submerged,mid_high
2_20211027T155249_20211027T155422_T18SUD,0.6683955484435279,2021-10-27,34.56533830236853,-76.52496659073468,"{""type"":""MultiPoint"",""coordinates"":[]}",2021-10-27 00:00:00+00:00,0.384,submerged,mid_low
2_20211101T155421_20211101T155916_T18SUD,0.7513517113005398,2021-11-01,34.56533830236853,-76.52496659073468,"{""type"":""MultiPoint"",""coordinates"":[]}",2021-11-01 00:00:00+00:00,0.899,submerged,mid_high
1_2_LC09_014036_20211109,0.1385656096332998,2021-11-09,34.56533830236853,-76.52496659073468,"{""type"":""MultiPoint"",""coordinates"":[]}",2021-11-09 00:00:00+00:00,0.794,exposed,mid_high
1_2_LC09_014036_20211114,0.095074540738023,2021-11-14,34.56533830236853,-76.52496659073468,"{""type"":""MultiPoint"",""coordinates"":[]}",2021-11-14 00:00:00+00:00,0.764,exposed,mid_high
1_1_2_LC08_014036_20211114,0.0946480630606965,2021-11-14,34.56533830236853,-76.52496659073468,"{""type"":""MultiPoint"",""coordinates"":[]}",2021-11-14 00:00:00+00:00,0.764,exposed,mid_high
2_20211116T155529_20211116T155657_T18SUD,0.7927790870040679,2021-11-16,34.56533830236853,-76.52496659073468,"{""type"":""MultiPoint"",""coordinates"":[]}",2021-11-16 00:00:00+00:00,0.879,submerged,mid_high
2_20211123T154549_20211123T154550_T18SUD,0.7168773789502089,2021-11-23,34.56533830236853,-76.52496659073468,"{""type"":""MultiPoint"",""coordinates"":[]}",2021-11-23 00:00:00+00:00,0.715,submerged,mid_high
1_1_2_LC08_014036_20211130,0.0866988668415062,2021-11-30,34.56533830236853,-76.52496659073468,"{""type"":""MultiPoint"",""coordinates"":[]}",2021-11-30 00:00:00+00:00,0.461,exposed,mid_low
2_20211223T154649_20211223T155324_T18SUD,0.776085393243,2021-12-23,34.56533830236853,-76.52496659073468,"{""type"":""MultiPoint"",""coordinates"":[]}",2021-12-23 00:00:00+00:00,0.747,submerged,mid_high
1_2_LC09_014036_20211224,0.0874812211310597,2021-12-24,34.56533830236853,-76.52496659073468,"{""type"":""MultiPoint"",""coordinates"":[]}",2021-12-24 00:00:00+00:00,0.553,exposed,mid_low
1_1_1_2_LE07_014036_20211224,0.093240869510081,2021-12-24,34.56533830236853,-76.52496659073468,"{""type"":""MultiPoint"",""coordinates"":[]}",2021-12-24 00:00:00+00:00,0.553,exposed,mid_low
2_20211226T155649_20211226T155928_T18SUD,0.7279524014047876,2021-12-26,34.56533830236853,-76.52496659073468,"{""type"":""MultiPoint"",""coordinates"":[]}",2021-12-26 00:00:00+00:00,0.241,submerged,mid_low
2_20211228T154651_20211228T155251_T18SUD,0.7107446679928933,2021-12-28,34.56533830236853,-76.52496659073468,"{""type"":""MultiPoint"",""coordinates"":[]}",2021-12-28 00:00:00+00:00,0.232,submerged,mid_low
2_20220107T154631_20220107T155223_T18SUD,0.790875529150908,2022-01-07,34.56533830236853,-76.52496659073468,"{""type"":""MultiPoint"",""coordinates"":[]}",2022-01-07 00:00:00+00:00,0.627,submerged,mid_high
2_20220112T154619_20220112T155255_T18SUD,0.770833737533527,2022-01-12,34.56533830236853,-76.52496659073468,"{""type"":""MultiPoint"",""coordinates"":[]}",2022-01-12 00:00:00+00:00,0.363,submerged,mid_low
2_20220115T155609_20220115T155610_T18SUD,0.7042761982145579,2022-01-15,34.56533830236853,-76.52496659073468,"{""type"":""MultiPoint"",""coordinates"":[]}",2022-01-15 00:00:00+00:00,0.761,submerged,mid_high
2_20220130T155511_20220130T160237_T18SUD,0.7723727075473447,2022-01-30,34.56533830236853,-76.52496659073468,"{""type"":""MultiPoint"",""coordinates"":[]}",2022-01-30 00:00:00+00:00,0.869,submerged,mid_high
2_20220201T154449_20220201T154448_T18SUD,0.7728001658161371,2022-02-01,34.56533830236853,-76.52496659073468,"{""type"":""MultiPoint"",""coordinates"":[]}",2022-02-01 00:00:00+00:00,1.15,submerged,high
2_20220209T155411_20220209T160030_T18SUD,0.673654077557441,2022-02-09,34.56533830236853,-76.52496659073468,"{""type"":""MultiPoint"",""coordinates"":[]}",2022-02-09 00:00:00+00:00,0.232,submerged,mid_low
1_1_1_2_LE07_014036_20220210,0.0941308463082884,2022-02-10,34.56533830236853,-76.52496659073468,"{""type"":""MultiPoint"",""coordinates"":[]}",2022-02-10 00:00:00+00:00,0.31,exposed,mid_low
1_2_LC09_014036_20220210,0.0906646724121647,2022-02-10,34.56533830236853,-76.52496659073468,"{""type"":""MultiPoint"",""coordinates"":[]}",2022-02-10 00:00:00+00:00,0.31,exposed,mid_low
2_20220211T154259_20220211T154253_T18SUD,0.7386156916449741,2022-02-11,34.56533830236853,-76.52496659073468,"{""type"":""MultiPoint"",""coordinates"":[]}",2022-02-11 00:00:00+00:00,0.373,submerged,mid_low
2_20220214T155239_20220214T160150_T18SUD,0.7273266595958034,2022-02-14,34.56533830236853,-76.52496659073468,"{""type"":""MultiPoint"",""coordinates"":[]}",2022-02-14 00:00:00+00:00,0.783,submerged,mid_high
2_20220216T154321_20220216T155117_T18SUD,0.7539345579947051,2022-02-16,34.56533830236853,-76.52496659073468,"{""type"":""MultiPoint"",""coordinates"":[]}",2022-02-16 00:00:00+00:00,0.883,submerged,mid_high
2_20220303T154039_20220303T154705_T18SUD,0.7825481998191015,2022-03-03,34.56533830236853,-76.52496659073468,"{""type"":""MultiPoint"",""coordinates"":[]}",2022-03-03 00:00:00+00:00,1.106,submerged,high
2_20220313T153929_20220313T154559_T18SUD,0.7369297045486584,2022-03-13,34.56533830236853,-76.52496659073468,"{""type"":""MultiPoint"",""coordinates"":[]}",2022-03-13 00:00:00+00:00,0.248,submerged,mid_low
2_20220318T154001_20220318T154353_T18SUD,0.7545854303367038,2022-03-18,34.56533830236853,-76.52496659073468,"{""type"":""MultiPoint"",""coordinates"":[]}",2022-03-18 00:00:00+00:00,0.966,submerged,mid_high
2_20220321T154941_20220321T155739_T18SUD,0.4739571523238677,2022-03-21,34.56533830236853,-76.52496659073468,"{""type"":""MultiPoint"",""coordinates"":[]}",2022-03-21 00:00:00+00:00,0.774,submerged,mid_high
2_20220326T154809_20220326T155438_T18SUD,0.533199601647499,2022-03-26,34.56533830236853,-76.52496659073468,"{""type"":""MultiPoint"",""coordinates"":[]}",2022-03-26 00:00:00+00:00,0.16,submerged,low
2_20220328T153841_20220328T154523_T18SUD,0.7046921374058503,2022-03-28,34.56533830236853,-76.52496659073468,"{""type"":""MultiPoint"",""coordinates"":[]}",2022-03-28 00:00:00+00:00,0.55,submerged,mid_low
2_20220402T153809_20220402T154632_T18SUD,0.715353195622676,2022-04-02,34.56533830236853,-76.52496659073468,"{""type"":""MultiPoint"",""coordinates"":[]}",2022-04-02 00:00:00+00:00,1.167,submerged,high
2_20220410T154811_20220410T155533_T18SUD,0.3817426365308947,2022-04-10,34.56533830236853,-76.52496659073468,"{""type"":""MultiPoint"",""coordinates"":[]}",2022-04-10 00:00:00+00:00,0.31,submerged,mid_low
2_20220415T154809_20220415T155531_T18SUD,0.4137911381931576,2022-04-15,34.56533830236853,-76.52496659073468,"{""type"":""MultiPoint"",""coordinates"":[]}",2022-04-15 00:00:00+00:00,1.075,submerged,high
1_2_LC09_014036_20220415,0.069856337380307,2022-04-15,34.56533830236853,-76.52496659073468,"{""type"":""MultiPoint"",""coordinates"":[]}",2022-04-15 00:00:00+00:00,1.075,exposed,high
2_20220420T154941_20220420T155638_T18SUD,0.3303147962333069,2022-04-20,34.56533830236853,-76.52496659073468,"{""type"":""MultiPoint"",""coordinates"":[]}",2022-04-20 00:00:00+00:00,0.799,submerged,mid_high
2_20220422T153809_20220422T154634_T18SUD,0.69848469265003,2022-04-22,34.56533830236853,-76.52496659073468,"{""type"":""MultiPoint"",""coordinates"":[]}",2022-04-22 00:00:00+00:00,0.218,submerged,mid_low
1_1_2_LC08_014036_20220423,0.0712230517734939,2022-04-23,34.56533830236853,-76.52496659073468,"{""type"":""MultiPoint"",""coordinates"":[]}",2022-04-23 00:00:00+00:00,0.076,exposed,low
2_20220425T154809_20220425T155528_T18SUD,0.2989449582176586,2022-04-25,34.56533830236853,-76.52496659073468,"{""type"":""MultiPoint"",""coordinates"":[]}",2022-04-25 00:00:00+00:00,0.278,submerged,mid_low
1_2_LC09_014036_20220501,0.0659235177658018,2022-05-01,34.56533830236853,-76.52496659073468,"{""type"":""MultiPoint"",""coordinates"":[]}",2022-05-01 00:00:00+00:00,1.214,exposed,high
2_20220507T153821_20220507T154640_T18SUD,0.5953006555858703,2022-05-07,34.56533830236853,-76.52496659073468,"{""type"":""MultiPoint"",""coordinates"":[]}",2022-05-07 00:00:00+00:00,0.613,submerged,mid_high
2_20220517T153821_20220517T154547_T18SUD,0.6227348555204483,2022-05-17,34.56533830236853,-76.52496659073468,"{""type"":""MultiPoint"",""coordinates"":[]}",2022-05-17 00:00:00+00:00,1.553,submerged,high
1_2_LC09_014036_20220517,0.0557045075702887,2022-05-17,34.56533830236853,-76.52496659073468,"{""type"":""MultiPoint"",""coordinates"":[]}",2022-05-17 00:00:00+00:00,1.553,exposed,high
2_20220520T154821_20220520T155606_T18SUD,0.1067871059902524,2022-05-20,34.56533830236853,-76.52496659073468,"{""type"":""MultiPoint"",""coordinates"":[]}",2022-05-20 00:00:00+00:00,0.693,exposed,mid_high
2_20220601T153809_20220601T155200_T18SUD,0.5940412560738554,2022-06-01,34.56533830236853,-76.52496659073468,"{""type"":""MultiPoint"",""coordinates"":[]}",2022-06-01 00:00:00+00:00,1.106,submerged,high
1_2_LC09_014036_20220602,0.0446698544651924,2022-06-02,34.56533830236853,-76.52496659073468,"{""type"":""MultiPoint"",""coordinates"":[]}",2022-06-02 00:00:00+00:00,1.031,exposed,high
1_2_LC09_014036_20220618,0.0473104317336386,2022-06-18,34.56533830236853,-76.52496659073468,"{""type"":""MultiPoint"",""coordinates"":[]}",2022-06-18 00:00:00+00:00,0.566,exposed,mid_low
2_20220619T154821_20220619T155634_T18SUD,0.1401379310545565,2022-06-19,34.56533830236853,-76.52496659073468,"{""type"":""MultiPoint"",""coordinates"":[]}",2022-06-19 00:00:00+00:00,0.45,exposed,mid_low
2_20220624T154819_20220624T160025_T18SUD,0.1660192748189534,2022-06-24,34.56533830236853,-76.52496659073468,"{""type"":""MultiPoint"",""coordinates"":[]}",2022-06-24 00:00:00+00:00,0.746,exposed,mid_high
2_20220626T153821_20220626T154605_T18SUD,0.5553930758116067,2022-06-26,34.56533830236853,-76.52496659073468,"{""type"":""MultiPoint"",""coordinates"":[]}",2022-06-26 00:00:00+00:00,1.111,submerged,high
1_1_2_LC08_014036_20220626,0.0673929674907086,2022-06-26,34.56533830236853,-76.52496659073468,"{""type"":""MultiPoint"",""coordinates"":[]}",2022-06-26 00:00:00+00:00,1.111,exposed,high
2_20220719T154951_20220719T160315_T18SUD,0.2148204679077568,2022-07-19,34.56533830236853,-76.52496659073468,"{""type"":""MultiPoint"",""coordinates"":[]}",2022-07-19 00:00:00+00:00,0.363,submerged,mid_low
1_2_LC09_014036_20220720,0.0697737223415127,2022-07-20,34.56533830236853,-76.52496659073468,"{""type"":""MultiPoint"",""coordinates"":[]}",2022-07-20 00:00:00+00:00,0.288,exposed,mid_low
2_20220721T153819_20220721T154951_T18SUD,0.4864649566967783,2022-07-21,34.56533830236853,-76.52496659073468,"{""type"":""MultiPoint"",""coordinates"":[]}",2022-07-21 00:00:00+00:00,0.37,submerged,mid_low
2_20220726T155141_20220726T155144_T18SUD,0.4714198260960824,2022-07-26,34.56533830236853,-76.52496659073468,"{""type"":""MultiPoint"",""coordinates"":[]}",2022-07-26 00:00:00+00:00,1.051,submerged,high
2_20220805T155151_20220805T155145_T18SUD,0.7138316420231765,2022-08-05,34.56533830236853,-76.52496659073468,"{""type"":""MultiPoint"",""coordinates"":[]}",2022-08-05 00:00:00+00:00,0.262,submerged,mid_low
1_2_LC09_014036_20220805,0.0612601168061831,2022-08-05,34.56533830236853,-76.52496659073468,"{""type"":""MultiPoint"",""coordinates"":[]}",2022-08-05 00:00:00+00:00,0.262,exposed,mid_low
2_20220808T154951_20220808T160022_T18SUD,0.1691766970216146,2022-08-08,34.56533830236853,-76.52496659073468,"{""type"":""MultiPoint"",""coordinates"":[]}",2022-08-08 00:00:00+00:00,0.525,exposed,mid_low
2_20220810T153819_20220810T155334_T18SUD,0.6123131860933447,2022-08-10,34.56533830236853,-76.52496659073468,"{""type"":""MultiPoint"",""coordinates"":[]}",2022-08-10 00:00:00+00:00,1.151,submerged,high
2_20220818T154821_20220818T155418_T18SUD,0.2839128640287798,2022-08-18,34.56533830236853,-76.52496659073468,"{""type"":""MultiPoint"",""coordinates"":[]}",2022-08-18 00:00:00+00:00,0.467,submerged,mid_low
2_20220825T155151_20220825T155147_T18SUD,0.7174654387180306,2022-08-25,34.56533830236853,-76.52496659073468,"{""type"":""MultiPoint"",""coordinates"":[]}",2022-08-25 00:00:00+00:00,1.024,submerged,high
2_20220904T153821_20220904T154347_T18SUD,0.7350660720121058,2022-09-04,34.56533830236853,-76.52496659073468,"{""type"":""MultiPoint"",""coordinates"":[]}",2022-09-04 00:00:00+00:00,0.326,submerged,mid_low
2_20220907T154951_20220907T160217_T18SUD,0.5294929348660763,2022-09-07,34.56533830236853,-76.52496659073468,"{""type"":""MultiPoint"",""coordinates"":[]}",2022-09-07 00:00:00+00:00,0.916,submerged,mid_high
1_2_LC09_014036_20220922,0.1103350130319803,2022-09-22,34.56533830236853,-76.52496659073468,"{""type"":""MultiPoint"",""coordinates"":[]}",2022-09-22 00:00:00+00:00,1.031,exposed,high
1_1_1_2_LE07_014036_20220922,0.1259365294658824,2022-09-22,34.56533830236853,-76.52496659073468,"{""type"":""MultiPoint"",""coordinates"":[]}",2022-09-22 00:00:00+00:00,1.031,exposed,high
2_20220922T154859_20220922T160246_T18SUD,0.6303974478740092,2022-09-22,34.56533830236853,-76.52496659073468,"{""type"":""MultiPoint"",""coordinates"":[]}",2022-09-22 00:00:00+00:00,1.031,submerged,high
2_20220924T154001_20220924T155109_T18SUD,0.8100565994372751,2022-09-24,34.56533830236853,-76.52496659073468,"{""type"":""MultiPoint"",""coordinates"":[]}",2022-09-24 00:00:00+00:00,1.401,submerged,high
2_20221002T155059_20221002T160307_T18SUD,0.7758382222637535,2022-10-02,34.56533830236853,-76.52496659073468,"{""type"":""MultiPoint"",""coordinates"":[]}",2022-10-02 00:00:00+00:00,0.577,submerged,mid_low
2_20221007T155141_20221007T155855_T18SUD,0.7764974141763461,2022-10-07,34.56533830236853,-76.52496659073468,"{""type"":""MultiPoint"",""coordinates"":[]}",2022-10-07 00:00:00+00:00,1.142,submerged,high
1_1_1_2_LE07_014036_20221009,0.0808566069715223,2022-10-09,34.56533830236853,-76.52496659073468,"{""type"":""MultiPoint"",""coordinates"":[]}",2022-10-09 00:00:00+00:00,1.333,exposed,high
2_20221009T154139_20221009T154138_T18SUD,0.7923647705402108,2022-10-09,34.56533830236853,-76.52496659073468,"{""type"":""MultiPoint"",""coordinates"":[]}",2022-10-09 00:00:00+00:00,1.333,submerged,high
2_20221012T155209_20221012T155952_T18SUD,0.73813161438782,2022-10-12,34.56533830236853,-76.52496659073468,"{""type"":""MultiPoint"",""coordinates"":[]}",2022-10-12 00:00:00+00:00,0.898,submerged,mid_high
1_1_2_LC08_014036_20221016,0.0861001852492095,2022-10-16,34.56533830236853,-76.52496659073468,"{""type"":""MultiPoint"",""coordinates"":[]}",2022-10-16 00:00:00+00:00,0.554,exposed,mid_low
2_20221019T154249_20221019T154623_T18SUD,0.8065838047197741,2022-10-19,34.56533830236853,-76.52496659073468,"{""type"":""MultiPoint"",""coordinates"":[]}",2022-10-19 00:00:00+00:00,0.63,submerged,mid_high
2_20221108T154449_20221108T155323_T18SUD,0.5731498992595288,2022-11-08,34.56533830236853,-76.52496659073468,"{""type"":""MultiPoint"",""coordinates"":[]}",2022-11-08 00:00:00+00:00,1.104,submerged,high
2_20221118T154529_20221118T154532_T18SUD,0.8384829586436986,2022-11-18,34.56533830236853,-76.52496659073468,"{""type"":""MultiPoint"",""coordinates"":[]}",2022-11-18 00:00:00+00:00,0.518,submerged,mid_low
2_20221128T154609_20221128T154608_T18SUD,0.8189277081241643,2022-11-28,34.56533830236853,-76.52496659073468,"{""type"":""MultiPoint"",""coordinates"":[]}",2022-11-28 00:00:00+00:00,0.542,submerged,mid_low
1_1_1_2_LE07_014036_20221129,0.1060945098306152,2022-11-29,34.56533830236853,-76.52496659073468,"{""type"":""MultiPoint"",""coordinates"":[]}",2022-11-29 00:00:00+00:00,0.23,exposed,mid_low
2_20221201T155619_20221201T160055_T18SUD,0.7646305395290423,2022-12-01,34.56533830236853,-76.52496659073468,"{""type"":""MultiPoint"",""coordinates"":[]}",2022-12-01 00:00:00+00:00,0.146,submerged,low
1_1_1_2_LE07_014036_20221216,0.0723793500007601,2022-12-16,34.56533830236853,-76.52496659073468,"{""type"":""MultiPoint"",""coordinates"":[]}",2022-12-16 00:00:00+00:00,0.572,exposed,mid_low
2_20221216T155651_20221216T155651_T18SUD,0.5787729238048424,2022-12-16,34.56533830236853,-76.52496659073468,"{""type"":""MultiPoint"",""coordinates"":[]}",2022-12-16 00:00:00+00:00,0.572,submerged,mid_low
2_20221218T154649_20221218T154647_T18SUD,0.8158951924658179,2022-12-18,34.56533830236853,-76.52496659073468,"{""type"":""MultiPoint"",""coordinates"":[]}",2022-12-18 00:00:00+00:00,0.57,submerged,mid_low
1_1_2_LC08_014036_20221219,0.1063927836772819,2022-12-19,34.56533830236853,-76.52496659073468,"{""type"":""MultiPoint"",""coordinates"":[]}",2022-12-19 00:00:00+00:00,0.566,exposed,mid_low
2_20221226T155651_20221226T155652_T18SUD,0.8711988576743426,2022-12-26,34.56533830236853,-76.52496659073468,"{""type"":""MultiPoint"",""coordinates"":[]}",2022-12-26 00:00:00+00:00,0.653,submerged,mid_high
1_2_LC09_014036_20221227,0.1091614459568322,2022-12-27,34.56533830236853,-76.52496659073468,"{""type"":""MultiPoint"",""coordinates"":[]}",2022-12-27 00:00:00+00:00,0.313,exposed,mid_low
2_20221228T154649_20221228T154647_T18SUD,0.8796234194396323,2022-12-28,34.56533830236853,-76.52496659073468,"{""type"":""MultiPoint"",""coordinates"":[]}",2022-12-28 00:00:00+00:00,0.09,submerged,low
2_20230102T154641_20230102T155307_T18SUD,0.816934691115858,2023-01-02,34.56533830236853,-76.52496659073468,"{""type"":""MultiPoint"",""coordinates"":[]}",2023-01-02 00:00:00+00:00,0.431,submerged,mid_low
1_1_1_2_LE07_013036_20230102,0.095393873318175,2023-01-02,34.56533830236853,-76.52496659073468,"{""type"":""MultiPoint"",""coordinates"":[]}",2023-01-02 00:00:00+00:00,0.431,exposed,mid_low
2_20230115T155611_20230115T155611_T18SUD,0.7337786896474631,2023-01-15,34.56533830236853,-76.52496659073468,"{""type"":""MultiPoint"",""coordinates"":[]}",2023-01-15 00:00:00+00:00,0.332,submerged,mid_low
1_1_1_2_LE07_014036_20230124,0.1378729736779936,2023-01-24,34.56533830236853,-76.52496659073468,"{""type"":""MultiPoint"",""coordinates"":[]}",2023-01-24 00:00:00+00:00,0.75,exposed,mid_high
2_20230127T154519_20230127T154519_T18SUD,0.8408749363469978,2023-01-27,34.56533830236853,-76.52496659073468,"{""type"":""MultiPoint"",""coordinates"":[]}",2023-01-27 00:00:00+00:00,0.067,submerged,low
1_2_LC09_014036_20230128,0.1006903934971884,2023-01-28,34.56533830236853,-76.52496659073468,"{""type"":""MultiPoint"",""coordinates"":[]}",2023-01-28 00:00:00+00:00,0.024,exposed,low
2_20230204T155441_20230204T160022_T18SUD,0.695522370262852,2023-02-04,34.56533830236853,-76.52496659073468,"{""type"":""MultiPoint"",""coordinates"":[]}",2023-02-04 00:00:00+00:00,0.934,submerged,mid_high
2_20230206T154429_20230206T155015_T18SUD,0.766115896853773,2023-02-06,34.56533830236853,-76.52496659073468,"{""type"":""MultiPoint"",""coordinates"":[]}",2023-02-06 00:00:00+00:00,0.881,submerged,mid_high
1_2_LC09_014036_20230213,0.1136471278144346,2023-02-13,34.56533830236853,-76.52496659073468,"{""type"":""MultiPoint"",""coordinates"":[]}",2023-02-13 00:00:00+00:00,0.461,exposed,mid_low
2_20230214T155331_20230214T155701_T18SUD,0.7718132042003525,2023-02-14,34.56533830236853,-76.52496659073468,"{""type"":""MultiPoint"",""coordinates"":[]}",2023-02-14 00:00:00+00:00,0.264,submerged,mid_low
1_1_1_2_LE07_014036_20230304,0.1409239126654157,2023-03-04,34.56533830236853,-76.52496659073468,"{""type"":""MultiPoint"",""coordinates"":[]}",2023-03-04 00:00:00+00:00,0.973,exposed,mid_high
2_20230306T155121_20230306T155410_T18SUD,0.8020190447156634,2023-03-06,34.56533830236853,-76.52496659073468,"{""type"":""MultiPoint"",""coordinates"":[]}",2023-03-06 00:00:00+00:00,1.149,submerged,high
2_20230308T154109_20230308T155020_T18SUD,0.7546475514604357,2023-03-08,34.56533830236853,-76.52496659073468,"{""type"":""MultiPoint"",""coordinates"":[]}",2023-03-08 00:00:00+00:00,1.174,submerged,high
1_1_2_LC08_014036_20230309,0.1142140999703976,2023-03-09,34.56533830236853,-76.52496659073468,"{""type"":""MultiPoint"",""coordinates"":[]}",2023-03-09 00:00:00+00:00,1.166,exposed,high
2_20230311T154959_20230311T155744_T18SUD,0.5802806215643265,2023-03-11,34.56533830236853,-76.52496659073468,"{""type"":""MultiPoint"",""coordinates"":[]}",2023-03-11 00:00:00+00:00,1.096,submerged,high
2_20230316T155001_20230316T160104_T18SUD,0.7080624383650864,2023-03-16,34.56533830236853,-76.52496659073468,"{""type"":""MultiPoint"",""coordinates"":[]}",2023-03-16 00:00:00+00:00,0.338,submerged,mid_low
1_1_1_2_LE07_014036_20230321,0.107667202808408,2023-03-21,34.56533830236853,-76.52496659073468,"{""type"":""MultiPoint"",""coordinates"":[]}",2023-03-21 00:00:00+00:00,1.357,exposed,high
2_20230321T154849_20230321T160212_T18SUD,0.5647921266410323,2023-03-21,34.56533830236853,-76.52496659073468,"{""type"":""MultiPoint"",""coordinates"":[]}",2023-03-21 00:00:00+00:00,1.357,submerged,high
1_2_LC09_014036_20230402,0.0956546479845412,2023-04-02,34.56533830236853,-76.52496659073468,"{""type"":""MultiPoint"",""coordinates"":[]}",2023-04-02 00:00:00+00:00,0.83,exposed,mid_high
2_20230402T153811_20230402T154341_T18SUD,0.7350440182206769,2023-04-02,34.56533830236853,-76.52496659073468,"{""type"":""MultiPoint"",""coordinates"":[]}",2023-04-02 00:00:00+00:00,0.83,submerged,mid_high
2_20230410T154819_20230410T155439_T18SUD,0.487120122911051,2023-04-10,34.56533830236853,-76.52496659073468,"{""type"":""MultiPoint"",""coordinates"":[]}",2023-04-10 00:00:00+00:00,0.794,submerged,mid_high
1_1_2_LC08_014036_20230410,0.1154295161139264,2023-04-10,34.56533830236853,-76.52496659073468,"{""type"":""MultiPoint"",""coordinates"":[]}",2023-04-10 00:00:00+00:00,0.794,exposed,mid_high
1_1_1_2_LE07_014036_20230412,0.1214165979344523,2023-04-12,34.56533830236853,-76.52496659073468,"{""type"":""MultiPoint"",""coordinates"":[]}",2023-04-12 00:00:00+00:00,0.419,exposed,mid_low
2_20230412T153811_20230412T154328_T18SUD,0.7497260342126215,2023-04-12,34.56533830236853,-76.52496659073468,"{""type"":""MultiPoint"",""coordinates"":[]}",2023-04-12 00:00:00+00:00,0.419,submerged,mid_low
2_20230415T154931_20230415T155600_T18SUD,0.4212248036834146,2023-04-15,34.56533830236853,-76.52496659073468,"{""type"":""MultiPoint"",""coordinates"":[]}",2023-04-15 00:00:00+00:00,0.366,submerged,mid_low
1_2_LC09_014036_20230418,0.0705343012725733,2023-04-18,34.56533830236853,-76.52496659073468,"{""type"":""MultiPoint"",""coordinates"":[]}",2023-04-18 00:00:00+00:00,1.171,exposed,high
2_20230420T154819_20230420T155302_T18SUD,0.5213297828954375,2023-04-20,34.56533830236853,-76.52496659073468,"{""type"":""MultiPoint"",""coordinates"":[]}",2023-04-20 00:00:00+00:00,1.345,submerged,high
1_1_1_2_LE07_013036_20230429,0.1038209741176214,2023-04-29,34.56533830236853,-76.52496659073468,"{""type"":""MultiPoint"",""coordinates"":[]}",2023-04-29 00:00:00+00:00,0.567,exposed,mid_low
2_20230502T153811_20230502T154449_T18SUD,0.6339951491463507,2023-05-02,34.56533830236853,-76.52496659073468,"{""type"":""MultiPoint"",""coordinates"":[]}",2023-05-02 00:00:00+00:00,1.034,submerged,high
1_1_1_2_LE07_014036_20230504,0.1040829869222978,2023-05-04,34.56533830236853,-76.52496659073468,"{""type"":""MultiPoint"",""coordinates"":[]}",2023-05-04 00:00:00+00:00,1.231,exposed,high
1_2_LC09_014036_20230504,0.0744292239704283,2023-05-04,34.56533830236853,-76.52496659073468,"{""type"":""MultiPoint"",""coordinates"":[]}",2023-05-04 00:00:00+00:00,1.231,exposed,high
2_20230507T153819_20230507T154616_T18SUD,0.637074133966966,2023-05-07,34.56533830236853,-76.52496659073468,"{""type"":""MultiPoint"",""coordinates"":[]}",2023-05-07 00:00:00+00:00,1.276,submerged,high
2_20230510T154819_20230510T155833_T18SUD,0.3000068893127158,2023-05-10,34.56533830236853,-76.52496659073468,"{""type"":""MultiPoint"",""coordinates"":[]}",2023-05-10 00:00:00+00:00,0.602,submerged,mid_high
1_1_2_LC08_014036_20230512,0.0616247951953479,2023-05-12,34.56533830236853,-76.52496659073468,"{""type"":""MultiPoint"",""coordinates"":[]}",2023-05-12 00:00:00+00:00,0.173,exposed,low
2_20230512T153811_20230512T155244_T18SUD,0.6484435083654249,2023-05-12,34.56533830236853,-76.52496659073468,"{""type"":""MultiPoint"",""coordinates"":[]}",2023-05-12 00:00:00+00:00,0.173,submerged,low
1_2_LC09_014036_20230605,0.0565107871558749,2023-06-05,34.56533830236853,-76.52496659073468,"{""type"":""MultiPoint"",""coordinates"":[]}",2023-06-05 00:00:00+00:00,1.642,exposed,high
2_20230606T153819_20230606T155122_T18SUD,0.4855808114569827,2023-06-06,34.56533830236853,-76.52496659073468,"{""type"":""MultiPoint"",""coordinates"":[]}",2023-06-06 00:00:00+00:00,1.355,submerged,high
2_20230609T154819_20230609T155952_T18SUD,-0.0011587516218399,2023-06-09,34.56533830236853,-76.52496659073468,"{""type"":""MultiPoint"",""coordinates"":[]}",2023-06-09 00:00:00+00:00,0.424,exposed,mid_low
2_20230611T153821_20230611T154752_T18SUD,0.6017079565981318,2023-06-11,34.56533830236853,-76.52496659073468,"{""type"":""MultiPoint"",""coordinates"":[]}",2023-06-11 00:00:00+00:00,0.278,submerged,mid_low
1_1_1_2_LE07_014036_20230617,0.1330699829332253,2023-06-17,34.56533830236853,-76.52496659073468,"{""type"":""MultiPoint"",""coordinates"":[]}",2023-06-17 00:00:00+00:00,1.448,exposed,high
2_20230619T154819_20230619T160002_T18SUD,-0.0046653628357013,2023-06-19,34.56533830236853,-76.52496659073468,"{""type"":""MultiPoint"",""coordinates"":[]}",2023-06-19 00:00:00+00:00,1.336,exposed,high
2_20230701T155141_20230701T155137_T18SUD,0.5885999735346898,2023-07-01,34.56533830236853,-76.52496659073468,"{""type"":""MultiPoint"",""coordinates"":[]}",2023-07-01 00:00:00+00:00,1.175,submerged,high
1_1_1_2_LE07_014036_20230709,0.0881354233087719,2023-07-09,34.56533830236853,-76.52496659073468,"{""type"":""MultiPoint"",""coordinates"":[]}",2023-07-09 00:00:00+00:00,0.402,exposed,mid_low
2_20230711T153821_20230711T154201_T18SUD,0.64683350106549,2023-07-11,34.56533830236853,-76.52496659073468,"{""type"":""MultiPoint"",""coordinates"":[]}",2023-07-11 00:00:00+00:00,0.497,submerged,mid_low
1_2_LC09_014036_20230723,0.0629073061003435,2023-07-23,34.56533830236853,-76.52496659073468,"{""type"":""MultiPoint"",""coordinates"":[]}",2023-07-23 00:00:00+00:00,0.651,exposed,mid_high
1_2_LC09_014036_20230808,0.1394779278507592,2023-08-08,34.56533830236853,-76.52496659073468,"{""type"":""MultiPoint"",""coordinates"":[]}",2023-08-08 00:00:00+00:00,0.299,exposed,mid_low
2_20230813T154941_20230813T155808_T18SUD,0.2556305258578131,2023-08-13,34.56533830236853,-76.52496659073468,"{""type"":""MultiPoint"",""coordinates"":[]}",2023-08-13 00:00:00+00:00,0.959,submerged,mid_high
2_20230818T154819_20230818T160224_T18SUD,0.3430222420500087,2023-08-18,34.56533830236853,-76.52496659073468,"{""type"":""MultiPoint"",""coordinates"":[]}",2023-08-18 00:00:00+00:00,1.096,submerged,high
2_20230820T153821_20230820T154817_T18SUD,0.7952048553444584,2023-08-20,34.56533830236853,-76.52496659073468,"{""type"":""MultiPoint"",""coordinates"":[]}",2023-08-20 00:00:00+00:00,0.746,submerged,mid_high
2_20230823T154821_20230823T155606_T18SUD,0.324342052620806,2023-08-23,34.56533830236853,-76.52496659073468,"{""type"":""MultiPoint"",""coordinates"":[]}",2023-08-23 00:00:00+00:00,0.388,submerged,mid_low
1_2_LC09_014036_20230824,0.0633356065101079,2023-08-24,34.56533830236853,-76.52496659073468,"{""type"":""MultiPoint"",""coordinates"":[]}",2023-08-24 00:00:00+00:00,0.501,exposed,mid_low
2_20230825T153819_20230825T154325_T18SUD,0.6525299970861738,2023-08-25,34.56533830236853,-76.52496659073468,"{""type"":""MultiPoint"",""coordinates"":[]}",2023-08-25 00:00:00+00:00,0.403,submerged,mid_low
1_1_1_2_LE07_014036_20230827,0.1078922645271444,2023-08-27,34.56533830236853,-76.52496659073468,"{""type"":""MultiPoint"",""coordinates"":[]}",2023-08-27 00:00:00+00:00,0.656,exposed,mid_high
1_1_2_LC08_014036_20230901,0.0911917087887285,2023-09-01,34.56533830236853,-76.52496659073468,"{""type"":""MultiPoint"",""coordinates"":[]}",2023-09-01 00:00:00+00:00,1.504,exposed,high
1_1_1_2_LE07_014036_20230901,0.1530272254269599,2023-09-01,34.56533830236853,-76.52496659073468,"{""type"":""MultiPoint"",""coordinates"":[]}",2023-09-01 00:00:00+00:00,1.504,exposed,high
2_20230904T153819_20230904T154218_T18SUD,0.7992912337295225,2023-09-04,34.56533830236853,-76.52496659073468,"{""type"":""MultiPoint"",""coordinates"":[]}",2023-09-04 00:00:00+00:00,0.776,submerged,mid_high
2_20230907T154819_20230907T155745_T18SUD,0.4668155390280513,2023-09-07,34.56533830236853,-76.52496659073468,"{""type"":""MultiPoint"",""coordinates"":[]}",2023-09-07 00:00:00+00:00,0.527,submerged,mid_low
2_20230912T154841_20230912T155652_T18SUD,0.6235143639241694,2023-09-12,34.56533830236853,-76.52496659073468,"{""type"":""MultiPoint"",""coordinates"":[]}",2023-09-12 00:00:00+00:00,1.087,submerged,high
2_20230914T153909_20230914T154251_T18SUD,0.6626912865103801,2023-09-14,34.56533830236853,-76.52496659073468,"{""type"":""MultiPoint"",""coordinates"":[]}",2023-09-14 00:00:00+00:00,1.208,submerged,high
1_2_LC09_014036_20230925,0.0916693091140162,2023-09-25,34.56533830236853,-76.52496659073468,"{""type"":""MultiPoint"",""coordinates"":[]}",2023-09-25 00:00:00+00:00,0.836,exposed,mid_high
2_20231002T155101_20231002T155442_T18SUD,0.5702149633702158,2023-10-02,34.56533830236853,-76.52496659073468,"{""type"":""MultiPoint"",""coordinates"":[]}",2023-10-02 00:00:00+00:00,1.135,submerged,high
1_1_2_LC08_014036_20231003,0.1044945618649394,2023-10-03,34.56533830236853,-76.52496659073468,"{""type"":""MultiPoint"",""coordinates"":[]}",2023-10-03 00:00:00+00:00,0.926,exposed,mid_high
2_20231007T155039_20231007T160049_T18SUD,0.6999155026591669,2023-10-07,34.56533830236853,-76.52496659073468,"{""type"":""MultiPoint"",""coordinates"":[]}",2023-10-07 00:00:00+00:00,0.673,submerged,mid_high
2_20231009T154141_20231009T154614_T18SUD,0.79762156201948,2023-10-09,34.56533830236853,-76.52496659073468,"{""type"":""MultiPoint"",""coordinates"":[]}",2023-10-09 00:00:00+00:00,0.894,submerged,mid_high
2_20231017T155149_20231017T155218_T18SUD,0.7491156921015327,2023-10-17,34.56533830236853,-76.52496659073468,"{""type"":""MultiPoint"",""coordinates"":[]}",2023-10-17 00:00:00+00:00,1.236,submerged,high
2_20231022T155311_20231022T155514_T18SUD,0.6752480020873176,2023-10-22,34.56533830236853,-76.52496659073468,"{""type"":""MultiPoint"",""coordinates"":[]}",2023-10-22 00:00:00+00:00,0.418,submerged,mid_low
2_20231024T154229_20231024T154653_T18SUD,0.7631887111530383,2023-10-24,34.56533830236853,-76.52496659073468,"{""type"":""MultiPoint"",""coordinates"":[]}",2023-10-24 00:00:00+00:00,0.564,submerged,mid_low
1_1_1_2_LE07_014036_20231025,0.1019758328814363,2023-10-25,34.56533830236853,-76.52496659073468,"{""type"":""MultiPoint"",""coordinates"":[]}",2023-10-25 00:00:00+00:00,0.749,exposed,mid_high
1_2_LC09_014036_20231027,0.0755248065052452,2023-10-27,34.56533830236853,-76.52496659073468,"{""type"":""MultiPoint"",""coordinates"":[]}",2023-10-27 00:00:00+00:00,1.143,exposed,high
2_20231029T154351_20231029T154535_T18SUD,0.8041166859030883,2023-10-29,34.56533830236853,-76.52496659073468,"{""type"":""MultiPoint"",""coordinates"":[]}",2023-10-29 00:00:00+00:00,1.26,submerged,high
2_20231103T154329_20231103T155145_T18SUD,0.7962061784516801,2023-11-03,34.56533830236853,-76.52496659073468,"{""type"":""MultiPoint"",""coordinates"":[]}",2023-11-03 00:00:00+00:00,0.57,submerged,mid_low
2_20231106T155439_20231106T160236_T18SUD,0.7601896789540257,2023-11-06,34.56533830236853,-76.52496659073468,"{""type"":""MultiPoint"",""coordinates"":[]}",2023-11-06 00:00:00+00:00,0.608,submerged,mid_high
2_20231108T154441_20231108T154813_T18SUD,0.7920292925469978,2023-11-08,34.56533830236853,-76.52496659073468,"{""type"":""MultiPoint"",""coordinates"":[]}",2023-11-08 00:00:00+00:00,0.712,submerged,mid_high
2_20231113T154509_20231113T155122_T18SUD,0.8017803138868379,2023-11-13,34.56533830236853,-76.52496659073468,"{""type"":""MultiPoint"",""coordinates"":[]}",2023-11-13 00:00:00+00:00,1.144,submerged,high
2_20231123T154549_20231123T154653_T18SUD,0.8171357250405775,2023-11-23,34.56533830236853,-76.52496659073468,"{""type"":""MultiPoint"",""coordinates"":[]}",2023-11-23 00:00:00+00:00,0.677,submerged,mid_high
1_2_LC09_014036_20231214,0.1125335584603953,2023-12-14,34.56533830236853,-76.52496659073468,"{""type"":""MultiPoint"",""coordinates"":[]}",2023-12-14 00:00:00+00:00,0.808,exposed,mid_high
2_20231218T154651_20231218T155157_T18SUD,0.7689637561474888,2023-12-18,34.56533830236853,-76.52496659073468,"{""type"":""MultiPoint"",""coordinates"":[]}",2023-12-18 00:00:00+00:00,0.738,submerged,mid_high
2_20231221T155651_20231221T155651_T18SUD,0.7320278460554165,2023-12-21,34.56533830236853,-76.52496659073468,"{""type"":""MultiPoint"",""coordinates"":[]}",2023-12-21 00:00:00+00:00,0.115,submerged,low
2_20231231T155651_20231231T160325_T18SUD,0.8433027870962342,2023-12-31,34.56533830236853,-76.52496659073468,"{""type"":""MultiPoint"",""coordinates"":[]}",2023-12-31 00:00:00+00:00,0.549,submerged,mid_low
2_20240105T155639_20240105T160141_T18SUD,0.7924283399456485,2024-01-05,34.56533830236853,-76.52496659073468,"{""type"":""MultiPoint"",""coordinates"":[]}",2024-01-05 00:00:00+00:00,0.257,submerged,mid_low
2_20240110T155631_20240110T160302_T18SUD,0.6917566303131758,2024-01-10,34.56533830236853,-76.52496659073468,"{""type"":""MultiPoint"",""coordinates"":[]}",2024-01-10 00:00:00+00:00,1.36,submerged,high
2_20240117T154601_20240117T155110_T18SUD,0.8406190112653097,2024-01-17,34.56533830236853,-76.52496659073468,"{""type"":""MultiPoint"",""coordinates"":[]}",2024-01-17 00:00:00+00:00,0.17,submerged,low
2_20240120T155551_20240120T160153_T18SUD,0.7510444823110999,2024-01-20,34.56533830236853,-76.52496659073468,"{""type"":""MultiPoint"",""coordinates"":[]}",2024-01-20 00:00:00+00:00,0.046,submerged,low
2_20240122T154549_20240122T154816_T18SUD,0.827931880134068,2024-01-22,34.56533830236853,-76.52496659073468,"{""type"":""MultiPoint"",""coordinates"":[]}",2024-01-22 00:00:00+00:00,0.446,submerged,mid_low
2_20240130T155511_20240130T160018_T18SUD,0.8006031693830968,2024-01-30,34.56533830236853,-76.52496659073468,"{""type"":""MultiPoint"",""coordinates"":[]}",2024-01-30 00:00:00+00:00,0.681,submerged,mid_high
2_20240201T154459_20240201T154737_T18SUD,0.8344138932659916,2024-02-01,34.56533830236853,-76.52496659073468,"{""type"":""MultiPoint"",""coordinates"":[]}",2024-02-01 00:00:00+00:00,0.465,submerged,mid_low
2_20240204T155449_20240204T155841_T18SUD,0.7839243769201348,2024-02-04,34.56533830236853,-76.52496659073468,"{""type"":""MultiPoint"",""coordinates"":[]}",2024-02-04 00:00:00+00:00,0.422,submerged,mid_low
2_20240214T155249_20240214T155705_T18SUD,0.764548316145545,2024-02-14,34.56533830236853,-76.52496659073468,"{""type"":""MultiPoint"",""coordinates"":[]}",2024-02-14 00:00:00+00:00,0.594,submerged,mid_low
2_20240219T155311_20240219T155530_T18SUD,0.6583607383637856,2024-02-19,34.56533830236853,-76.52496659073468,"{""type"":""MultiPoint"",""coordinates"":[]}",2024-02-19 00:00:00+00:00,0.52,submerged,mid_low
2_20240221T154159_20240221T154352_T18SUD,0.7487177254700533,2024-02-21,34.56533830236853,-76.52496659073468,"{""type"":""MultiPoint"",""coordinates"":[]}",2024-02-21 00:00:00+00:00,0.736,submerged,mid_high
1_1_2_LC08_014036_20240224,0.1093591928018106,2024-02-24,34.56533830236853,-76.52496659073468,"{""type"":""MultiPoint"",""coordinates"":[]}",2024-02-24 00:00:00+00:00,1.036,exposed,high
2_20240226T154221_20240226T155243_T18SUD,0.826689914418123,2024-02-26,34.56533830236853,-76.52496659073468,"{""type"":""MultiPoint"",""coordinates"":[]}",2024-02-26 00:00:00+00:00,1.119,submerged,high
1_1_2_LC08_014036_20240311,0.0975146327784456,2024-03-11,34.56533830236853,-76.52496659073468,"{""type"":""MultiPoint"",""coordinates"":[]}",2024-03-11 00:00:00+00:00,1.377,exposed,high
2_20240312T153929_20240312T155238_T18SUD,0.8210455070447654,2024-03-12,34.56533830236853,-76.52496659073468,"{""type"":""MultiPoint"",""coordinates"":[]}",2024-03-12 00:00:00+00:00,1.203,submerged,high
2_20240317T154001_20240317T154912_T18SUD,0.7225568956601824,2024-03-17,34.56533830236853,-76.52496659073468,"{""type"":""MultiPoint"",""coordinates"":[]}",2024-03-17 00:00:00+00:00,0.383,submerged,mid_low
1_2_LC09_014036_20240319,0.095111786389057,2024-03-19,34.56533830236853,-76.52496659073468,"{""type"":""MultiPoint"",""coordinates"":[]}",2024-03-19 00:00:00+00:00,0.595,exposed,mid_low
2_20240320T154941_20240320T160036_T18SUD,0.6179561892713583,2024-03-20,34.56533830236853,-76.52496659073468,"{""type"":""MultiPoint"",""coordinates"":[]}",2024-03-20 00:00:00+00:00,0.821,submerged,mid_high
2_20240330T154821_20240330T155310_T18SUD,0.5628427525206223,2024-03-30,34.56533830236853,-76.52496659073468,"{""type"":""MultiPoint"",""coordinates"":[]}",2024-03-30 00:00:00+00:00,0.728,submerged,mid_high
1_2_LC09_014036_20240404,0.102273932682874,2024-04-04,34.56533830236853,-76.52496659073468,"{""type"":""MultiPoint"",""coordinates"":[]}",2024-04-04 00:00:00+00:00,0.545,exposed,mid_low
2_20240404T154819_20240404T155446_T18SUD,0.516713977129663,2024-04-04,34.56533830236853,-76.52496659073468,"{""type"":""MultiPoint"",""coordinates"":[]}",2024-04-04 00:00:00+00:00,0.545,submerged,mid_low
2_20240406T153941_20240406T154948_T18SUD,0.7124896615336643,2024-04-06,34.56533830236853,-76.52496659073468,"{""type"":""MultiPoint"",""coordinates"":[]}",2024-04-06 00:00:00+00:00,0.924,submerged,mid_high
1_1_2_LC08_014036_20240412,0.1376216108168029,2024-04-12,34.56533830236853,-76.52496659073468,"{""type"":""MultiPoint"",""coordinates"":[]}",2024-04-12 00:00:00+00:00,1.021,exposed,high
2_20240414T154809_20240414T155510_T18SUD,0.6564832917745413,2024-04-14,34.56533830236853,-76.52496659073468,"{""type"":""MultiPoint"",""coordinates"":[]}",2024-04-14 00:00:00+00:00,0.379,submerged,mid_low
2_20240424T154809_20240424T155508_T18SUD,0.3654416929879614,2024-04-24,34.56533830236853,-76.52496659073468,"{""type"":""MultiPoint"",""coordinates"":[]}",2024-04-24 00:00:00+00:00,1.289,submerged,high
1_1_2_LC08_014036_20240428,0.0821123286750436,2024-04-28,34.56533830236853,-76.52496659073468,"{""type"":""MultiPoint"",""coordinates"":[]}",2024-04-28 00:00:00+00:00,0.669,exposed,mid_high
2_20240429T154941_20240429T160323_T18SUD,0.2421898601012511,2024-04-29,34.56533830236853,-76.52496659073468,"{""type"":""MultiPoint"",""coordinates"":[]}",2024-04-29 00:00:00+00:00,0.496,submerged,mid_low
2_20240516T153941_20240516T155242_T18SUD,0.4633057966918338,2024-05-16,34.56533830236853,-76.52496659073468,"{""type"":""MultiPoint"",""coordinates"":[]}",2024-05-16 00:00:00+00:00,0.486,submerged,mid_low
1_2_LC09_014036_20240522,0.0696226649857636,2024-05-22,34.56533830236853,-76.52496659073468,"{""type"":""MultiPoint"",""coordinates"":[]}",2024-05-22 00:00:00+00:00,1.409,exposed,high
2_20240526T153941_20240526T154400_T18SUD,0.6453104960244194,2024-05-26,34.56533830236853,-76.52496659073468,"{""type"":""MultiPoint"",""coordinates"":[]}",2024-05-26 00:00:00+00:00,1.077,submerged,high
1_1_2_LC08_014036_20240530,0.053020746811695,2024-05-30,34.56533830236853,-76.52496659073468,"{""type"":""MultiPoint"",""coordinates"":[]}",2024-05-30 00:00:00+00:00,0.302,exposed,mid_low
2_20240531T153809_20240531T154615_T18SUD,0.6004501419784621,2024-05-31,34.56533830236853,-76.52496659073468,"{""type"":""MultiPoint"",""coordinates"":[]}",2024-05-31 00:00:00+00:00,0.251,submerged,mid_low
1_2_LC09_014036_20240607,0.0716553494026498,2024-06-07,34.56533830236853,-76.52496659073468,"{""type"":""MultiPoint"",""coordinates"":[]}",2024-06-07 00:00:00+00:00,1.457,exposed,high
1_1_2_LC08_014036_20240615,0.0464358786115724,2024-06-15,34.56533830236853,-76.52496659073468,"{""type"":""MultiPoint"",""coordinates"":[]}",2024-06-15 00:00:00+00:00,0.479,exposed,mid_low
2_20240620T153819_20240620T155105_T18SUD,0.4969820254833759,2024-06-20,34.56533830236853,-76.52496659073468,"{""type"":""MultiPoint"",""coordinates"":[]}",2024-06-20 00:00:00+00:00,1.199,submerged,high
1_2_LC09_014036_20240623,0.0706970221284062,2024-06-23,34.56533830236853,-76.52496659073468,"{""type"":""MultiPoint"",""coordinates"":[]}",2024-06-23 00:00:00+00:00,1.231,exposed,high
2_20240623T154819_20240623T155531_T18SUD,0.1606025729593891,2024-06-23,34.56533830236853,-76.52496659073468,"{""type"":""MultiPoint"",""coordinates"":[]}",2024-06-23 00:00:00+00:00,1.231,exposed,high
2_20240630T153819_20240630T154640_T18SUD,0.6106940863417485,2024-06-30,34.56533830236853,-76.52496659073468,"{""type"":""MultiPoint"",""coordinates"":[]}",2024-06-30 00:00:00+00:00,0.319,submerged,mid_low
2_20240715T153941_20240715T154930_T18SUD,0.6010088998088796,2024-07-15,34.56533830236853,-76.52496659073468,"{""type"":""MultiPoint"",""coordinates"":[]}",2024-07-15 00:00:00+00:00,0.377,submerged,mid_low
2_20240723T154819_20240723T160316_T18SUD,0.1819140914981572,2024-07-23,34.56533830236853,-76.52496659073468,"{""type"":""MultiPoint"",""coordinates"":[]}",2024-07-23 00:00:00+00:00,1.21,exposed,high
2_20240728T154941_20240728T160102_T18SUD,0.2030286591635111,2024-07-28,34.56533830236853,-76.52496659073468,"{""type"":""MultiPoint"",""coordinates"":[]}",2024-07-28 00:00:00+00:00,0.347,submerged,mid_low
2_20240814T153941_20240814T154651_T18SUD,0.6746967553826865,2024-08-14,34.56533830236853,-76.52496659073468,"{""type"":""MultiPoint"",""coordinates"":[]}",2024-08-14 00:00:00+00:00,0.486,submerged,mid_low
2_20240817T154931_20240817T155517_T18SUD,0.3332122858031281,2024-08-17,34.56533830236853,-76.52496659073468,"{""type"":""MultiPoint"",""coordinates"":[]}",2024-08-17 00:00:00+00:00,1.063,submerged,high
2_20240827T154931_20240827T160119_T18SUD,0.541081093609526,2024-08-27,34.56533830236853,-76.52496659073468,"{""type"":""MultiPoint"",""coordinates"":[]}",2024-08-27 00:00:00+00:00,0.319,submerged,mid_low
2_20240901T154819_20240901T155454_T18SUD,0.4628975401984166,2024-09-01,34.56533830236853,-76.52496659073468,"{""type"":""MultiPoint"",""coordinates"":[]}",2024-09-01 00:00:00+00:00,1.282,submerged,high
2_20240903T153941_20240903T155224_T18SUD,0.5501783721571145,2024-09-03,34.56533830236853,-76.52496659073468,"{""type"":""MultiPoint"",""coordinates"":[]}",2024-09-03 00:00:00+00:00,1.13,submerged,high
2_20240921T154849_20240921T160259_T18SUD,0.5581317561307871,2024-09-21,34.56533830236853,-76.52496659073468,"{""type"":""MultiPoint"",""coordinates"":[]}",2024-09-21 00:00:00+00:00,1.137,submerged,high
2_20240923T153951_20240923T154833_T18SUD,0.761510115647833,2024-09-23,34.56533830236853,-76.52496659073468,"{""type"":""MultiPoint"",""coordinates"":[]}",2024-09-23 00:00:00+00:00,0.713,submerged,mid_high
2_20240928T153929_20240928T154210_T18SUD,0.696770033380378,2024-09-28,34.56533830236853,-76.52496659073468,"{""type"":""MultiPoint"",""coordinates"":[]}",2024-09-28 00:00:00+00:00,1.111,submerged,high
2_20241003T154111_20241003T155335_T18SUD,0.7333581582410438,2024-10-03,34.56533830236853,-76.52496659073468,"{""type"":""MultiPoint"",""coordinates"":[]}",2024-10-03 00:00:00+00:00,1.432,submerged,high
2_20241011T155109_20241011T155627_T18SUD,0.6392815224949913,2024-10-11,34.56533830236853,-76.52496659073468,"{""type"":""MultiPoint"",""coordinates"":[]}",2024-10-11 00:00:00+00:00,0.655,submerged,mid_high
1_2_LC09_014036_20241013,0.0887581358522162,2024-10-13,34.56533830236853,-76.52496659073468,"{""type"":""MultiPoint"",""coordinates"":[]}",2024-10-13 00:00:00+00:00,0.736,exposed,mid_high
2_20241013T154211_20241013T154501_T18SUD,0.7788204238170563,2024-10-13,34.56533830236853,-76.52496659073468,"{""type"":""MultiPoint"",""coordinates"":[]}",2024-10-13 00:00:00+00:00,0.736,submerged,mid_high
2_20241018T154159_20241018T155051_T18SUD,0.7730679317380247,2024-10-18,34.56533830236853,-76.52496659073468,"{""type"":""MultiPoint"",""coordinates"":[]}",2024-10-18 00:00:00+00:00,1.212,submerged,high
1_1_2_LC08_014036_20241021,0.0926298842049923,2024-10-21,34.56533830236853,-76.52496659073468,"{""type"":""MultiPoint"",""coordinates"":[]}",2024-10-21 00:00:00+00:00,0.697,exposed,mid_high
2_20241021T155219_20241021T155603_T18SUD,0.6158066502498812,2024-10-21,34.56533830236853,-76.52496659073468,"{""type"":""MultiPoint"",""coordinates"":[]}",2024-10-21 00:00:00+00:00,0.697,submerged,mid_high
2_20241023T154321_20241023T154929_T18SUD,0.7866505993927593,2024-10-23,34.56533830236853,-76.52496659073468,"{""type"":""MultiPoint"",""coordinates"":[]}",2024-10-23 00:00:00+00:00,0.312,submerged,mid_low
2_20241026T155341_20241026T155709_T18SUD,0.713293284514444,2024-10-26,34.56533830236853,-76.52496659073468,"{""type"":""MultiPoint"",""coordinates"":[]}",2024-10-26 00:00:00+00:00,0.56,submerged,mid_low
2_20241028T154259_20241028T154525_T18SUD,0.7294276819792104,2024-10-28,34.56533830236853,-76.52496659073468,"{""type"":""MultiPoint"",""coordinates"":[]}",2024-10-28 00:00:00+00:00,0.936,submerged,mid_high
2_20241031T155319_20241031T155727_T18SUD,0.7312190846450715,2024-10-31,34.56533830236853,-76.52496659073468,"{""type"":""MultiPoint"",""coordinates"":[]}",2024-10-31 00:00:00+00:00,1.05,submerged,high
2_20241117T154439_20241117T154703_T18SUD,0.86329824881633,2024-11-17,34.56533830236853,-76.52496659073468,"{""type"":""MultiPoint"",""coordinates"":[]}",2024-11-17 00:00:00+00:00,1.357,submerged,high
2_20241122T154551_20241122T155207_T18SUD,0.7799014296997381,2024-11-22,34.56533830236853,-76.52496659073468,"{""type"":""MultiPoint"",""coordinates"":[]}",2024-11-22 00:00:00+00:00,0.535,submerged,mid_low
1_1_2_LC08_014036_20241122,0.0878396655074786,2024-11-22,34.56533830236853,-76.52496659073468,"{""type"":""MultiPoint"",""coordinates"":[]}",2024-11-22 00:00:00+00:00,0.535,exposed,mid_low
2_20241125T155611_20241125T160218_T18SUD,0.7649064074478515,2024-11-25,34.56533830236853,-76.52496659073468,"{""type"":""MultiPoint"",""coordinates"":[]}",2024-11-25 00:00:00+00:00,0.45,submerged,mid_low
2_20241130T155529_20241130T160010_T18SUD,0.744629260555277,2024-11-30,34.56533830236853,-76.52496659073468,"{""type"":""MultiPoint"",""coordinates"":[]}",2024-11-30 00:00:00+00:00,1.036,submerged,high
1_2_LC09_014036_20241130,0.0933906835185401,2024-11-30,34.56533830236853,-76.52496659073468,"{""type"":""MultiPoint"",""coordinates"":[]}",2024-11-30 00:00:00+00:00,1.036,exposed,high
2_20241202T154631_20241202T155241_T18SUD,0.7452997482170232,2024-12-02,34.56533830236853,-76.52496659073468,"{""type"":""MultiPoint"",""coordinates"":[]}",2024-12-02 00:00:00+00:00,0.916,submerged,mid_high
2_20241205T155641_20241205T160303_T18SUD,0.3825643998626333,2024-12-05,34.56533830236853,-76.52496659073468,"{""type"":""MultiPoint"",""coordinates"":[]}",2024-12-05 00:00:00+00:00,0.607,submerged,mid_high
2_20241207T154549_20241207T155155_T18SUD,0.8185091618750323,2024-12-07,34.56533830236853,-76.52496659073468,"{""type"":""MultiPoint"",""coordinates"":[]}",2024-12-07 00:00:00+00:00,0.245,submerged,mid_low
1_1_2_LC08_014036_20241208,0.1018028553334075,2024-12-08,34.56533830236853,-76.52496659073468,"{""type"":""MultiPoint"",""coordinates"":[]}",2024-12-08 00:00:00+00:00,0.085,exposed,low
2_20241212T154651_20241212T155304_T18SUD,0.738273209832429,2024-12-12,34.56533830236853,-76.52496659073468,"{""type"":""MultiPoint"",""coordinates"":[]}",2024-12-12 00:00:00+00:00,0.556,submerged,mid_low
2_20241212T154711_20241212T154933_T18SUD,0.7203129307035129,2024-12-12,34.56533830236853,-76.52496659073468,"{""type"":""MultiPoint"",""coordinates"":[]}",2024-12-12 00:00:00+00:00,0.556,submerged,mid_low
2_20241222T154651_20241222T155310_T18SUD,0.7827616812084701,2024-12-22,34.56533830236853,-76.52496659073468,"{""type"":""MultiPoint"",""coordinates"":[]}",2024-12-22 00:00:00+00:00,0.276,submerged,mid_low
2_20250101T154641_20250101T154644_T18SUD,0.7077993508631902,2025-01-01,34.56533830236853,-76.52496659073468,"{""type"":""MultiPoint"",""coordinates"":[]}",2025-01-01 00:00:00+00:00,1.03,submerged,high
1_2_LC09_014036_20250101,0.0984917535907708,2025-01-01,34.56533830236853,-76.52496659073468,"{""type"":""MultiPoint"",""coordinates"":[]}",2025-01-01 00:00:00+00:00,1.03,exposed,high
2_20250104T155641_20250104T160319_T18SUD,0.7061007723970554,2025-01-04,34.56533830236853,-76.52496659073468,"{""type"":""MultiPoint"",""coordinates"":[]}",2025-01-04 00:00:00+00:00,0.257,submerged,mid_low
1_1_2_LC08_014036_20250109,0.0937519825217045,2025-01-09,34.56533830236853,-76.52496659073468,"{""type"":""MultiPoint"",""coordinates"":[]}",2025-01-09 00:00:00+00:00,0.116,exposed,low
2_20250109T155539_20250109T160302_T18SUD,0.6653731322092227,2025-01-09,34.56533830236853,-76.52496659073468,"{""type"":""MultiPoint"",""coordinates"":[]}",2025-01-09 00:00:00+00:00,0.116,submerged,low
2_20250114T155621_20250114T160237_T18SUD,0.7125372812367367,2025-01-14,34.56533830236853,-76.52496659073468,"{""type"":""MultiPoint"",""coordinates"":[]}",2025-01-14 00:00:00+00:00,0.942,submerged,mid_high
2_20250116T154509_20250116T154508_T18SUD,0.8114904021497613,2025-01-16,34.56533830236853,-76.52496659073468,"{""type"":""MultiPoint"",""coordinates"":[]}",2025-01-16 00:00:00+00:00,0.719,submerged,mid_high
1_2_LC09_014036_20250117,0.1027946919347477,2025-01-17,34.56533830236853,-76.52496659073468,"{""type"":""MultiPoint"",""coordinates"":[]}",2025-01-17 00:00:00+00:00,0.553,exposed,mid_low
1_1_2_LC08_014036_20250125,0.0998098929667549,2025-01-25,34.56533830236853,-76.52496659073468,"{""type"":""MultiPoint"",""coordinates"":[]}",2025-01-25 00:00:00+00:00,0.292,exposed,mid_low
2_20250129T155419_20250129T155903_T18SUD,0.7428506082718798,2025-01-29,34.56533830236853,-76.52496659073468,"{""type"":""MultiPoint"",""coordinates"":[]}",2025-01-29 00:00:00+00:00,0.847,submerged,mid_high
1_2_LC09_014036_20250218,0.0989402513843562,2025-02-18,34.56533830236853,-76.52496659073468,"{""type"":""MultiPoint"",""coordinates"":[]}",2025-02-18 00:00:00+00:00,0.308,exposed,mid_low
2_20250218T155219_20250218T155619_T18SUD,0.7709054525878657,2025-02-18,34.56533830236853,-76.52496659073468,"{""type"":""MultiPoint"",""coordinates"":[]}",2025-02-18 00:00:00+00:00,0.308,submerged,mid_low
2_20250223T155301_20250223T160243_T18SUD,0.7108621013992286,2025-02-23,34.56533830236853,-76.52496659073468,"{""type"":""MultiPoint"",""coordinates"":[]}",2025-02-23 00:00:00+00:00,0.212,submerged,mid_low
1_1_2_LC08_014036_20250226,0.1012099170908545,2025-02-26,34.56533830236853,-76.52496659073468,"{""type"":""MultiPoint"",""coordinates"":[]}",2025-02-26 00:00:00+00:00,0.999,exposed,mid_high
2_20250228T155109_20250228T155129_T18SUD,0.779135691706751,2025-02-28,34.56533830236853,-76.52496659073468,"{""type"":""MultiPoint"",""coordinates"":[]}",2025-02-28 00:00:00+00:00,1.209,submerged,high
2_20250312T154101_20250312T154617_T18SUD,0.7603245048153505,2025-03-12,34.56533830236853,-76.52496659073468,"{""type"":""MultiPoint"",""coordinates"":[]}",2025-03-12 00:00:00+00:00,1.158,submerged,high
2_20250322T153941_20250322T154639_T18SUD,0.6409820086109936,2025-03-22,34.56533830236853,-76.52496659073468,"{""type"":""MultiPoint"",""coordinates"":[]}",2025-03-22 00:00:00+00:00,0.343,submerged,mid_low
1_2_LC09_014036_20250322,0.0934614164700009,2025-03-22,34.56533830236853,-76.52496659073468,"{""type"":""MultiPoint"",""coordinates"":[]}",2025-03-22 00:00:00+00:00,0.343,exposed,mid_low
2_20250325T154931_20250325T160150_T18SUD,0.5265232641277214,2025-03-25,34.56533830236853,-76.52496659073468,"{""type"":""MultiPoint"",""coordinates"":[]}",2025-03-25 00:00:00+00:00,0.399,submerged,mid_low
2_20250327T155701_20250327T155839_T18SUD,0.5255882608146784,2025-03-27,34.56533830236853,-76.52496659073468,"{""type"":""MultiPoint"",""coordinates"":[]}",2025-03-27 00:00:00+00:00,0.768,submerged,mid_high
2_20250327T153819_20250327T154613_T18SUD,0.7068979993421842,2025-03-27,34.56533830236853,-76.52496659073468,"{""type"":""MultiPoint"",""coordinates"":[]}",2025-03-27 00:00:00+00:00,0.768,submerged,mid_high
2_20250406T153809_20250406T154608_T18SUD,0.5512839969200145,2025-04-06,34.56533830236853,-76.52496659073468,"{""type"":""MultiPoint"",""coordinates"":[]}",2025-04-06 00:00:00+00:00,-0.015,submerged,low
2_20250409T154819_20250409T155352_T18SUD,0.4265877760221505,2025-04-09,34.56533830236853,-76.52496659073468,"{""type"":""MultiPoint"",""coordinates"":[]}",2025-04-09 00:00:00+00:00,0.795,submerged,mid_high
2_20250414T155001_20250414T160146_T18SUD,0.3041517161496493,2025-04-14,34.56533830236853,-76.52496659073468,"{""type"":""MultiPoint"",""coordinates"":[]}",2025-04-14 00:00:00+00:00,1.152,submerged,high
1_1_2_LC08_014036_20250415,0.0585404917543262,2025-04-15,34.56533830236853,-76.52496659073468,"{""type"":""MultiPoint"",""coordinates"":[]}",2025-04-15 00:00:00+00:00,1.004,exposed,high
2_20250416T155701_20250416T155703_T18SUD,0.3105000845256837,2025-04-16,34.56533830236853,-76.52496659073468,"{""type"":""MultiPoint"",""coordinates"":[]}",2025-04-16 00:00:00+00:00,0.716,submerged,mid_high
2_20250416T153819_20250416T154444_T18SUD,0.6735842225038656,2025-04-16,34.56533830236853,-76.52496659073468,"{""type"":""MultiPoint"",""coordinates"":[]}",2025-04-16 00:00:00+00:00,0.716,submerged,mid_high
2_20250419T154819_20250419T155508_T18SUD,0.3222960331614799,2025-04-19,34.56533830236853,-76.52496659073468,"{""type"":""MultiPoint"",""coordinates"":[]}",2025-04-19 00:00:00+00:00,0.377,submerged,mid_low
1_1_2_LC08_014036_20250501,0.0418246696995395,2025-05-01,34.56533830236853,-76.52496659073468,"{""type"":""MultiPoint"",""coordinates"":[]}",2025-05-01 00:00:00+00:00,0.707,exposed,mid_high
2_20250524T154831_20250524T155850_T18SUD,0.1056490641845866,2025-05-24,34.56533830236853,-76.52496659073468,"{""type"":""MultiPoint"",""coordinates"":[]}",2025-05-24 00:00:00+00:00,0.942,exposed,mid_high
2_20250602T154711_20250602T154709_T18SUD,0.6906555120742504,2025-06-02,34.56533830236853,-76.52496659073468,"{""type"":""MultiPoint"",""coordinates"":[]}",2025-06-02 00:00:00+00:00,0.283,submerged,mid_low
1_1_2_LC08_014036_20250602,0.0714761859956746,2025-06-02,34.56533830236853,-76.52496659073468,"{""type"":""MultiPoint"",""coordinates"":[]}",2025-06-02 00:00:00+00:00,0.283,exposed,mid_low
2_20250603T155001_20250603T155650_T18SUD,0.0179890096939542,2025-06-03,34.56533830236853,-76.52496659073468,"{""type"":""MultiPoint"",""coordinates"":[]}",2025-06-03 00:00:00+00:00,0.18,exposed,low
2_20250618T154809_20250618T155755_T18SUD,0.1998510539108294,2025-06-18,34.56533830236853,-76.52496659073468,"{""type"":""MultiPoint"",""coordinates"":[]}",2025-06-18 00:00:00+00:00,0.288,exposed,mid_low
1_1_2_LC08_014036_20250618,0.0276592634684747,2025-06-18,34.56533830236853,-76.52496659073468,"{""type"":""MultiPoint"",""coordinates"":[]}",2025-06-18 00:00:00+00:00,0.288,exposed,mid_low
2_20250622T154711_20250622T154706_T18SUD,0.6366570253078478,2025-06-22,34.56533830236853,-76.52496659073468,"{""type"":""MultiPoint"",""coordinates"":[]}",2025-06-22 00:00:00+00:00,0.712,submerged,mid_high
2_20250625T153819_20250625T154906_T18SUD,0.6033848959149467,2025-06-25,34.56533830236853,-76.52496659073468,"{""type"":""MultiPoint"",""coordinates"":[]}",2025-06-25 00:00:00+00:00,1.379,submerged,high
1_2_LC09_014036_20250626,0.0541508790168797,2025-06-26,34.56533830236853,-76.52496659073468,"{""type"":""MultiPoint"",""coordinates"":[]}",2025-06-26 00:00:00+00:00,1.328,exposed,high
1_2_LC09_014036_20250712,0.0532164521569231,2025-07-12,34.56533830236853,-76.52496659073468,"{""type"":""MultiPoint"",""coordinates"":[]}",2025-07-12 00:00:00+00:00,1.148,exposed,high
2_20250712T154711_20250712T155254_T18SUD,0.6786341336108491,2025-07-12,34.56533830236853,-76.52496659073468,"{""type"":""MultiPoint"",""coordinates"":[]}",2025-07-12 00:00:00+00:00,1.148,submerged,high
2_20250718T154819_20250718T160128_T18SUD,0.2184589640546176,2025-07-18,34.56533830236853,-76.52496659073468,"{""type"":""MultiPoint"",""coordinates"":[]}",2025-07-18 00:00:00+00:00,0.182,submerged,low
1_1_2_LC08_014036_20250720,0.0574459531097329,2025-07-20,34.56533830236853,-76.52496659073468,"{""type"":""MultiPoint"",""coordinates"":[]}",2025-07-20 00:00:00+00:00,0.559,exposed,mid_low
2_20250804T153809_20250804T154608_T18SUD,0.5815262027869297,2025-08-04,34.56533830236853,-76.52496659073468,"{""type"":""MultiPoint"",""coordinates"":[]}",2025-08-04 00:00:00+00:00,0.881,submerged,mid_high
2_20250817T154819_20250817T160109_T18SUD,0.2998691086035183,2025-08-17,34.56533830236853,-76.52496659073468,"{""type"":""MultiPoint"",""coordinates"":[]}",2025-08-17 00:00:00+00:00,0.45,submerged,mid_low
2_20250819T153831_20250819T155311_T18SUD,0.6707777672096413,2025-08-19,34.56533830236853,-76.52496659073468,"{""type"":""MultiPoint"",""coordinates"":[]}",2025-08-19 00:00:00+00:00,0.822,submerged,mid_high
2_20250827T154819_20250827T155453_T18SUD,0.4016786118848358,2025-08-27,34.56533830236853,-76.52496659073468,"{""type"":""MultiPoint"",""coordinates"":[]}",2025-08-27 00:00:00+00:00,0.889,submerged,mid_high
1_2_LC09_014036_20250829,0.0698166642288938,2025-08-29,34.56533830236853,-76.52496659073468,"{""type"":""MultiPoint"",""coordinates"":[]}",2025-08-29 00:00:00+00:00,0.586,exposed,mid_low
2_20250829T153831_20250829T155046_T18SUD,0.7480651519507752,2025-08-29,34.56533830236853,-76.52496659073468,"{""type"":""MultiPoint"",""coordinates"":[]}",2025-08-29 00:00:00+00:00,0.586,submerged,mid_low
2_20250903T153809_20250903T154412_T18SUD,0.708890026349434,2025-09-03,34.56533830236853,-76.52496659073468,"{""type"":""MultiPoint"",""coordinates"":[]}",2025-09-03 00:00:00+00:00,0.943,submerged,mid_high
2_20250903T155701_20250903T155704_T18SUD,0.39358772638165,2025-09-03,34.56533830236853,-76.52496659073468,"{""type"":""MultiPoint"",""coordinates"":[]}",2025-09-03 00:00:00+00:00,0.943,submerged,mid_high
2_20250921T155001_20250921T155208_T18SUD,0.4268280054185027,2025-09-21,34.56533830236853,-76.52496659073468,"{""type"":""MultiPoint"",""coordinates"":[]}",2025-09-21 00:00:00+00:00,1.281,submerged,high
2_20250923T153859_20250923T155102_T18SUD,0.7591716650076313,2025-09-23,34.56533830236853,-76.52496659073468,"{""type"":""MultiPoint"",""coordinates"":[]}",2025-09-23 00:00:00+00:00,1.242,submerged,high
2_20251006T155029_20251006T160200_T18SUD,0.6731207145182587,2025-10-06,34.56533830236853,-76.52496659073468,"{""type"":""MultiPoint"",""coordinates"":[]}",2025-10-06 00:00:00+00:00,1.317,submerged,high
2_20251016T155139_20251016T155307_T18SUD,0.6057371214000724,2025-10-16,34.56533830236853,-76.52496659073468,"{""type"":""MultiPoint"",""coordinates"":[]}",2025-10-16 00:00:00+00:00,1.042,submerged,high
1_2_LC09_014036_20251016,0.0966465181155819,2025-10-16,34.56533830236853,-76.52496659073468,"{""type"":""MultiPoint"",""coordinates"":[]}",2025-10-16 00:00:00+00:00,1.042,exposed,high
2_20251020T154711_20251020T154707_T18SUD,0.7950187075537065,2025-10-20,34.56533830236853,-76.52496659073468,"{""type"":""MultiPoint"",""coordinates"":[]}",2025-10-20 00:00:00+00:00,1.409,submerged,high
2_20251021T155321_20251021T155319_T18SUD,0.7623172310388,2025-10-21,34.56533830236853,-76.52496659073468,"{""type"":""MultiPoint"",""coordinates"":[]}",2025-10-21 00:00:00+00:00,1.258,submerged,high
2_20251023T154219_20251023T154221_T18SUD,0.7874207422303664,2025-10-23,34.56533830236853,-76.52496659073468,"{""type"":""MultiPoint"",""coordinates"":[]}",2025-10-23 00:00:00+00:00,1.08,submerged,high
1_1_2_LC08_014036_20251024,0.0886638040548905,2025-10-24,34.56533830236853,-76.52496659073468,"{""type"":""MultiPoint"",""coordinates"":[]}",2025-10-24 00:00:00+00:00,0.894,exposed,mid_high
2_20251031T155421_20251031T155634_T18SUD,0.6895272168119846,2025-10-31,34.56533830236853,-76.52496659073468,"{""type"":""MultiPoint"",""coordinates"":[]}",2025-10-31 00:00:00+00:00,0.731,submerged,mid_high
1_2_LC09_014036_20251101,0.1126558159074129,2025-11-01,34.56533830236853,-76.52496659073468,"{""type"":""MultiPoint"",""coordinates"":[]}",2025-11-01 00:00:00+00:00,0.64,exposed,mid_high
2_20251105T155329_20251105T155443_T18SUD,0.8258804479444629,2025-11-05,34.56533830236853,-76.52496659073468,"{""type"":""MultiPoint"",""coordinates"":[]}",2025-11-05 00:00:00+00:00,1.138,submerged,high
2_20251107T154451_20251107T154909_T18SUD,0.358122384097975,2025-11-07,34.56533830236853,-76.52496659073468,"{""type"":""MultiPoint"",""coordinates"":[]}",2025-11-07 00:00:00+00:00,0.93,submerged,mid_high
1_1_2_LC08_014036_20251109,0.0872569096562869,2025-11-09,34.56533830236853,-76.52496659073468,"{""type"":""MultiPoint"",""coordinates"":[]}",2025-11-09 00:00:00+00:00,0.571,exposed,mid_low
2_20251109T154711_20251109T155043_T18SUD,0.8151484719547181,2025-11-09,34.56533830236853,-76.52496659073468,"{""type"":""MultiPoint"",""coordinates"":[]}",2025-11-09 00:00:00+00:00,0.571,submerged,mid_low
2_20251112T154359_20251112T154401_T18SUD,0.7607789066449694,2025-11-12,34.56533830236853,-76.52496659073468,"{""type"":""MultiPoint"",""coordinates"":[]}",2025-11-12 00:00:00+00:00,0.055,submerged,low
1_2_LC09_014036_20251117,0.1091123457862295,2025-11-17,34.56533830236853,-76.52496659073468,"{""type"":""MultiPoint"",""coordinates"":[]}",2025-11-17 00:00:00+00:00,0.919,exposed,mid_high
2_20251117T154541_20251117T155022_T18SUD,0.8250037675164716,2025-11-17,34.56533830236853,-76.52496659073468,"{""type"":""MultiPoint"",""coordinates"":[]}",2025-11-17 00:00:00+00:00,0.919,submerged,mid_high
1_2_LC09_014036_20251203,0.1101273527929574,2025-12-03,34.56533830236853,-76.52496659073468,"{""type"":""MultiPoint"",""coordinates"":[]}",2025-12-03 00:00:00+00:00,0.926,exposed,mid_high
1_2_LC09_014036_20251219,0.1067361931745564,2025-12-19,34.56533830236853,-76.52496659073468,"{""type"":""MultiPoint"",""coordinates"":[]}",2025-12-19 00:00:00+00:00,0.839,exposed,mid_high
2_20251219T154711_20251219T154708_T18SUD,0.7422193620068229,2025-12-19,34.56533830236853,-76.52496659073468,"{""type"":""MultiPoint"",""coordinates"":[]}",2025-12-19 00:00:00+00:00,0.839,submerged,mid_high
2_20251220T155701_20251220T155814_T18SUD,0.7024490285336596,2025-12-20,34.56533830236853,-76.52496659073468,"{""type"":""MultiPoint"",""coordinates"":[]}",2025-12-20 00:00:00+00:00,0.732,submerged,mid_high
2_20251227T154701_20251227T154920_T18SUD,0.7427483038431025,2025-12-27,34.56533830236853,-76.52496659073468,"{""type"":""MultiPoint"",""coordinates"":[]}",2025-12-27 00:00:00+00:00,0.37,submerged,mid_low
1_1_2_LC08_014036_20251227,0.1074850781675679,2025-12-27,34.56533830236853,-76.52496659073468,"{""type"":""MultiPoint"",""coordinates"":[]}",2025-12-27 00:00:00+00:00,0.37,exposed,mid_low
2_20251230T155701_20251230T155748_T18SUD,0.7265678492011044,2025-12-30,34.56533830236853,-76.52496659073468,"{""type"":""MultiPoint"",""coordinates"":[]}",2025-12-30 00:00:00+00:00,0.463,submerged,mid_low
2_20260101T154549_20260101T154729_T18SUD,0.7357897993291405,2026-01-01,34.56533830236853,-76.52496659073468,"{""type"":""MultiPoint"",""coordinates"":[]}",2026-01-01 00:00:00+00:00,0.701,submerged,mid_high
2_20260104T155549_20260104T160221_T18SUD,0.7483151374676021,2026-01-04,34.56533830236853,-76.52496659073468,"{""type"":""MultiPoint"",""coordinates"":[]}",2026-01-04 00:00:00+00:00,1.031,submerged,high
1_2_LC09_014036_20260104,0.1196586267918149,2026-01-04,34.56533830236853,-76.52496659073468,"{""type"":""MultiPoint"",""coordinates"":[]}",2026-01-04 00:00:00+00:00,1.031,exposed,high
2_20260108T154711_20260108T154941_T18SUD,0.8260741929914273,2026-01-08,34.56533830236853,-76.52496659073468,"{""type"":""MultiPoint"",""coordinates"":[]}",2026-01-08 00:00:00+00:00,0.261,submerged,mid_low
2_20260109T155641_20260109T155727_T18SUD,0.7549037883807527,2026-01-09,34.56533830236853,-76.52496659073468,"{""type"":""MultiPoint"",""coordinates"":[]}",2026-01-09 00:00:00+00:00,0.157,submerged,low
1_1_2_LC08_014036_20260112,0.0773953913299805,2026-01-12,34.56533830236853,-76.52496659073468,"{""type"":""MultiPoint"",""coordinates"":[]}",2026-01-12 00:00:00+00:00,-0.108,exposed,low
2_20260116T154611_20260116T154811_T18SUD,0.7294443333894538,2026-01-16,34.56533830236853,-76.52496659073468,"{""type"":""MultiPoint"",""coordinates"":[]}",2026-01-16 00:00:00+00:00,0.643,submerged,mid_high
2_20260119T155601_20260119T155611_T18SUD,0.7884471805071053,2026-01-19,34.56533830236853,-76.52496659073468,"{""type"":""MultiPoint"",""coordinates"":[]}",2026-01-19 00:00:00+00:00,0.897,submerged,mid_high
1_1_2_LC08_014036_20260128,0.101522421838879,2026-01-28,34.56533830236853,-76.52496659073468,"{""type"":""MultiPoint"",""coordinates"":[]}",2026-01-28 00:00:00+00:00,0.065,exposed,low
2_20260129T155511_20260129T155511_T18SUD,0.58009030604423,2026-01-29,34.56533830236853,-76.52496659073468,"{""type"":""MultiPoint"",""coordinates"":[]}",2026-01-29 00:00:00+00:00,0.21,submerged,mid_low
2_20260210T154259_20260210T154757_T18SUD,0.8307631373977029,2026-02-10,34.56533830236853,-76.52496659073468,"{""type"":""MultiPoint"",""coordinates"":[]}",2026-02-10 00:00:00+00:00,0.263,submerged,mid_low
1_1_2_LC08_014036_20260213,0.118960375077733,2026-02-13,34.56533830236853,-76.52496659073468,"{""type"":""MultiPoint"",""coordinates"":[]}",2026-02-13 00:00:00+00:00,0.564,exposed,mid_low
2_20260213T155249_20260213T160008_T18SUD,0.7116807996640524,2026-02-13,34.56533830236853,-76.52496659073468,"{""type"":""MultiPoint"",""coordinates"":[]}",2026-02-13 00:00:00+00:00,0.564,submerged,mid_low
1_1_2_LC08_014036_20260301,0.112269766082326,2026-03-01,34.56533830236853,-76.52496659073468,"{""type"":""MultiPoint"",""coordinates"":[]}",2026-03-01 00:00:00+00:00,0.898,exposed,mid_high
2_20260307T154111_20260307T154731_T18SUD,0.7347334488497295,2026-03-07,34.56533830236853,-76.52496659073468,"{""type"":""MultiPoint"",""coordinates"":[]}",2026-03-07 00:00:00+00:00,0.577,submerged,mid_low
1_1_2_LC08_014036_20260317,0.1000983269932695,2026-03-17,34.56533830236853,-76.52496659073468,"{""type"":""MultiPoint"",""coordinates"":[]}",2026-03-17 00:00:00+00:00,0.956,exposed,mid_high
2_20260317T154001_20260317T155229_T18SUD,0.6555373863277716,2026-03-17,34.56533830236853,-76.52496659073468,"{""type"":""MultiPoint"",""coordinates"":[]}",2026-03-17 00:00:00+00:00,0.956,submerged,mid_high
2_20260319T154711_20260319T155227_T18SUD,0.6936801140726478,2026-03-19,34.56533830236853,-76.52496659073468,"{""type"":""MultiPoint"",""coordinates"":[]}",2026-03-19 00:00:00+00:00,1.085,submerged,high
2_20260320T154941_20260320T160011_T18SUD,0.6058444230438589,2026-03-20,34.56533830236853,-76.52496659073468,"{""type"":""MultiPoint"",""coordinates"":[]}",2026-03-20 00:00:00+00:00,1.105,submerged,high
2_20260322T153819_20260322T154434_T18SUD,0.7161982170991849,2026-03-22,34.56533830236853,-76.52496659073468,"{""type"":""MultiPoint"",""coordinates"":[]}",2026-03-22 00:00:00+00:00,0.808,submerged,mid_high
1_1_2_LC08_014036_20260402,0.0986626501022766,2026-04-02,34.56533830236853,-76.52496659073468,"{""type"":""MultiPoint"",""coordinates"":[]}",2026-04-02 00:00:00+00:00,,exposed,unknown
1_2_LC09_014036_20260410,0.1009233791479314,2026-04-10,34.56533830236853,-76.52496659073468,"{""type"":""MultiPoint"",""coordinates"":[]}",2026-04-10 00:00:00+00:00,,exposed,unknown
1_1_2_LC08_014036_20260418,-0.0937537133435812,2026-04-18,34.56533830236853,-76.52496659073468,"{""type"":""MultiPoint"",""coordinates"":[]}",2026-04-18 00:00:00+00:00,,exposed,unknown
2_20260421T155711_20260421T160233_T18SUD,0.3352139747296292,2026-04-21,34.56533830236853,-76.52496659073468,"{""type"":""MultiPoint"",""coordinates"":[]}",2026-04-21 00:00:00+00:00,,submerged,unknown
2_20260421T153809_20260421T154947_T18SUD,0.6626861027246845,2026-04-21,34.56533830236853,-76.52496659073468,"{""type"":""MultiPoint"",""coordinates"":[]}",2026-04-21 00:00:00+00:00,,submerged,unknown
2_20260424T154809_20260424T155238_T18SUD,0.3156452142482913,2026-04-24,34.56533830236853,-76.52496659073468,"{""type"":""MultiPoint"",""coordinates"":[]}",2026-04-24 00:00:00+00:00,,submerged,unknown
