system:index,MNDWI,date,.geo,datetime,water_level_m,tidal_stage
1_1_1_1_LT05_014036_19840414,0.2944675055725352,1984-04-14,"{""type"":""MultiPoint"",""coordinates"":[]}",1984-04-14 00:00:00+00:00,1.163,high
1_1_1_1_LT05_014036_19840820,0.1862401610216634,1984-08-20,"{""type"":""MultiPoint"",""coordinates"":[]}",1984-08-20 00:00:00+00:00,0.285,mid_low
1_1_1_1_LT05_014036_19840905,0.1548528094023283,1984-09-05,"{""type"":""MultiPoint"",""coordinates"":[]}",1984-09-05 00:00:00+00:00,0.487,mid_low
1_1_1_1_LT05_014036_19840921,0.1170935541380569,1984-09-21,"{""type"":""MultiPoint"",""coordinates"":[]}",1984-09-21 00:00:00+00:00,0.566,mid_low
1_1_1_1_LT05_014036_19841007,0.1150440263589892,1984-10-07,"{""type"":""MultiPoint"",""coordinates"":[]}",1984-10-07 00:00:00+00:00,0.962,mid_high
1_1_1_1_LT05_014036_19841124,0.1540078120058527,1984-11-24,"{""type"":""MultiPoint"",""coordinates"":[]}",1984-11-24 00:00:00+00:00,0.959,mid_high
1_1_1_1_LT05_014036_19850127,0.1251779024313675,1985-01-27,"{""type"":""MultiPoint"",""coordinates"":[]}",1985-01-27 00:00:00+00:00,0.017,low
1_1_1_1_LT05_014036_19850604,0.1300553795897072,1985-06-04,"{""type"":""MultiPoint"",""coordinates"":[]}",1985-06-04 00:00:00+00:00,1.16,high
1_1_1_1_LT05_014036_19850807,0.0962415951730162,1985-08-07,"{""type"":""MultiPoint"",""coordinates"":[]}",1985-08-07 00:00:00+00:00,0.374,mid_low
1_1_1_1_LT05_014036_19850908,0.1299010406276803,1985-09-08,"{""type"":""MultiPoint"",""coordinates"":[]}",1985-09-08 00:00:00+00:00,0.319,mid_low
1_1_1_1_LT05_014036_19851111,0.044015550225757,1985-11-11,"{""type"":""MultiPoint"",""coordinates"":[]}",1985-11-11 00:00:00+00:00,0.889,mid_high
1_1_1_1_LT05_014036_19851127,0.1452175849556164,1985-11-27,"{""type"":""MultiPoint"",""coordinates"":[]}",1985-11-27 00:00:00+00:00,0.849,mid_high
1_1_1_1_LT05_014036_19860130,0.1662641724415439,1986-01-30,"{""type"":""MultiPoint"",""coordinates"":[]}",1986-01-30 00:00:00+00:00,0.325,mid_low
1_1_1_1_LT05_014036_19860420,0.1110683641863469,1986-04-20,"{""type"":""MultiPoint"",""coordinates"":[]}",1986-04-20 00:00:00+00:00,0.633,mid_high
1_1_1_1_LT05_014036_19860506,0.1092516182349753,1986-05-06,"{""type"":""MultiPoint"",""coordinates"":[]}",1986-05-06 00:00:00+00:00,0.831,mid_high
1_1_1_1_LT05_014036_19860810,0.1045847866206659,1986-08-10,"{""type"":""MultiPoint"",""coordinates"":[]}",1986-08-10 00:00:00+00:00,0.41,mid_low
1_1_1_1_LT05_014036_19860826,0.1067547671146008,1986-08-26,"{""type"":""MultiPoint"",""coordinates"":[]}",1986-08-26 00:00:00+00:00,0.234,mid_low
1_1_1_1_LT05_014036_19860927,0.1406262863855467,1986-09-27,"{""type"":""MultiPoint"",""coordinates"":[]}",1986-09-27 00:00:00+00:00,0.291,mid_low
1_1_1_1_LT05_014036_19861216,0.1172554979649102,1986-12-16,"{""type"":""MultiPoint"",""coordinates"":[]}",1986-12-16 00:00:00+00:00,0.743,mid_high
1_1_1_1_LT05_014036_19870306,0.1441628624219179,1987-03-06,"{""type"":""MultiPoint"",""coordinates"":[]}",1987-03-06 00:00:00+00:00,0.124,low
1_1_1_1_LT05_014036_19870322,0.1079002793928044,1987-03-22,"{""type"":""MultiPoint"",""coordinates"":[]}",1987-03-22 00:00:00+00:00,0.282,mid_low
1_1_1_1_LT05_014036_19870407,0.1308902586860742,1987-04-07,"{""type"":""MultiPoint"",""coordinates"":[]}",1987-04-07 00:00:00+00:00,0.151,low
1_1_1_1_LT05_014036_19870509,0.1157405655281772,1987-05-09,"{""type"":""MultiPoint"",""coordinates"":[]}",1987-05-09 00:00:00+00:00,0.493,mid_low
1_1_1_1_LT05_014036_19870525,0.1244752379201876,1987-05-25,"{""type"":""MultiPoint"",""coordinates"":[]}",1987-05-25 00:00:00+00:00,0.849,mid_high
1_1_1_1_LT05_014036_19870829,0.129164180764346,1987-08-29,"{""type"":""MultiPoint"",""coordinates"":[]}",1987-08-29 00:00:00+00:00,0.334,mid_low
1_1_1_1_LT05_014036_19870914,0.100163506614646,1987-09-14,"{""type"":""MultiPoint"",""coordinates"":[]}",1987-09-14 00:00:00+00:00,0.188,low
1_1_1_1_LT05_014036_19871016,0.1309186872849964,1987-10-16,"{""type"":""MultiPoint"",""coordinates"":[]}",1987-10-16 00:00:00+00:00,0.615,mid_high
1_1_1_1_LT05_014036_19871203,0.1282156219705,1987-12-03,"{""type"":""MultiPoint"",""coordinates"":[]}",1987-12-03 00:00:00+00:00,0.621,mid_high
1_1_1_1_LT05_014036_19880308,0.124934272591995,1988-03-08,"{""type"":""MultiPoint"",""coordinates"":[]}",1988-03-08 00:00:00+00:00,0.435,mid_low
1_1_1_1_LT05_014036_19880612,0.1125902907280062,1988-06-12,"{""type"":""MultiPoint"",""coordinates"":[]}",1988-06-12 00:00:00+00:00,1.069,high
1_1_1_1_LT05_014036_19880628,0.0981435455067449,1988-06-28,"{""type"":""MultiPoint"",""coordinates"":[]}",1988-06-28 00:00:00+00:00,1.166,high
1_1_1_1_LT05_014036_19880730,0.1242658483235715,1988-07-30,"{""type"":""MultiPoint"",""coordinates"":[]}",1988-07-30 00:00:00+00:00,1.06,high
1_1_1_1_LT05_014036_19881002,0.0526860807020891,1988-10-02,"{""type"":""MultiPoint"",""coordinates"":[]}",1988-10-02 00:00:00+00:00,0.246,mid_low
1_1_1_1_LT05_014036_19881103,0.0997956793529005,1988-11-03,"{""type"":""MultiPoint"",""coordinates"":[]}",1988-11-03 00:00:00+00:00,0.374,mid_low
1_1_1_1_LT05_014036_19881205,0.1208280447428307,1988-12-05,"{""type"":""MultiPoint"",""coordinates"":[]}",1988-12-05 00:00:00+00:00,0.383,mid_low
1_1_1_1_LT05_014036_19890311,0.1518111978215073,1989-03-11,"{""type"":""MultiPoint"",""coordinates"":[]}",1989-03-11 00:00:00+00:00,0.761,mid_high
1_1_1_1_LT05_014036_19890327,0.1120072672917845,1989-03-27,"{""type"":""MultiPoint"",""coordinates"":[]}",1989-03-27 00:00:00+00:00,0.462,mid_low
1_1_1_1_LT05_014036_19890530,0.1130149181701387,1989-05-30,"{""type"":""MultiPoint"",""coordinates"":[]}",1989-05-30 00:00:00+00:00,0.243,mid_low
1_1_1_1_LT05_014036_19890615,0.1162221187537012,1989-06-15,"{""type"":""MultiPoint"",""coordinates"":[]}",1989-06-15 00:00:00+00:00,0.608,mid_high
1_1_1_1_LT05_014036_19891005,0.1049954670375869,1989-10-05,"{""type"":""MultiPoint"",""coordinates"":[]}",1989-10-05 00:00:00+00:00,0.535,mid_low
1_1_1_1_LT05_014036_19891021,0.129296926202864,1989-10-21,"{""type"":""MultiPoint"",""coordinates"":[]}",1989-10-21 00:00:00+00:00,0.215,mid_low
1_1_1_1_LT05_014036_19891106,0.1194085332941349,1989-11-06,"{""type"":""MultiPoint"",""coordinates"":[]}",1989-11-06 00:00:00+00:00,0.2,low
1_1_1_1_LT05_014036_19900906,0.1247510661926777,1990-09-06,"{""type"":""MultiPoint"",""coordinates"":[]}",1990-09-06 00:00:00+00:00,1.169,high
1_1_1_1_LT05_014036_19901008,0.0885561536304013,1990-10-08,"{""type"":""MultiPoint"",""coordinates"":[]}",1990-10-08 00:00:00+00:00,0.505,mid_low
1_1_1_1_LT05_014036_19901211,0.1082071179681828,1990-12-11,"{""type"":""MultiPoint"",""coordinates"":[]}",1990-12-11 00:00:00+00:00,0.221,mid_low
1_1_1_1_LT05_014036_19910909,0.1282883353893554,1991-09-09,"{""type"":""MultiPoint"",""coordinates"":[]}",1991-09-09 00:00:00+00:00,1.328,high
1_1_1_1_LT05_014036_19911011,0.112938521353893,1991-10-11,"{""type"":""MultiPoint"",""coordinates"":[]}",1991-10-11 00:00:00+00:00,0.636,mid_high
1_1_1_1_LT05_014036_19911128,0.1144131170014001,1991-11-28,"{""type"":""MultiPoint"",""coordinates"":[]}",1991-11-28 00:00:00+00:00,-0.026,low
1_1_1_1_LT05_014036_19911230,0.1424219662156611,1991-12-30,"{""type"":""MultiPoint"",""coordinates"":[]}",1991-12-30 00:00:00+00:00,0.127,low
1_1_1_1_LT05_014036_19920303,0.1391192885519575,1992-03-03,"{""type"":""MultiPoint"",""coordinates"":[]}",1992-03-03 00:00:00+00:00,0.752,mid_high
1_1_1_1_LT05_014036_19920404,0.137125472026296,1992-04-04,"{""type"":""MultiPoint"",""coordinates"":[]}",1992-04-04 00:00:00+00:00,1.12,high
1_1_1_1_LT05_014036_19920420,0.1736181895865193,1992-04-20,"{""type"":""MultiPoint"",""coordinates"":[]}",1992-04-20 00:00:00+00:00,0.685,mid_high
1_1_1_1_LT05_014036_19920607,0.1343328827223675,1992-06-07,"{""type"":""MultiPoint"",""coordinates"":[]}",1992-06-07 00:00:00+00:00,0.243,mid_low
1_1_1_1_LT05_014036_19920826,0.1248870354435549,1992-08-26,"{""type"":""MultiPoint"",""coordinates"":[]}",1992-08-26 00:00:00+00:00,0.938,mid_high
1_1_1_1_LT05_014036_19921013,0.1150773791719247,1992-10-13,"{""type"":""MultiPoint"",""coordinates"":[]}",1992-10-13 00:00:00+00:00,1.166,high
1_1_1_1_LT05_014036_19921029,0.1408448096165436,1992-10-29,"{""type"":""MultiPoint"",""coordinates"":[]}",1992-10-29 00:00:00+00:00,0.611,mid_high
1_1_1_1_LT05_014036_19921130,0.1497200724696235,1992-11-30,"{""type"":""MultiPoint"",""coordinates"":[]}",1992-11-30 00:00:00+00:00,0.2,low
1_1_1_1_LT05_014036_19930101,0.1306341485370838,1993-01-01,"{""type"":""MultiPoint"",""coordinates"":[]}",1993-01-01 00:00:00+00:00,-0.026,low
1_1_1_1_LT05_014036_19930117,0.158691627285649,1993-01-17,"{""type"":""MultiPoint"",""coordinates"":[]}",1993-01-17 00:00:00+00:00,0.432,mid_low
1_1_1_1_LT05_014036_19930202,0.146798751858622,1993-02-02,"{""type"":""MultiPoint"",""coordinates"":[]}",1993-02-02 00:00:00+00:00,0.109,low
1_1_1_1_LT05_014036_19930306,0.1585698502561462,1993-03-06,"{""type"":""MultiPoint"",""coordinates"":[]}",1993-03-06 00:00:00+00:00,0.575,mid_low
1_1_1_1_LT05_014036_19930322,0.1543813354080002,1993-03-22,"{""type"":""MultiPoint"",""coordinates"":[]}",1993-03-22 00:00:00+00:00,0.852,mid_high
1_1_1_1_LT05_014036_19930423,0.1461858880190493,1993-04-23,"{""type"":""MultiPoint"",""coordinates"":[]}",1993-04-23 00:00:00+00:00,0.922,mid_high
1_1_1_1_LT05_014036_19930525,0.1052447632149037,1993-05-25,"{""type"":""MultiPoint"",""coordinates"":[]}",1993-05-25 00:00:00+00:00,0.666,mid_high
1_1_1_1_LT05_014036_19930610,0.0889915864890782,1993-06-10,"{""type"":""MultiPoint"",""coordinates"":[]}",1993-06-10 00:00:00+00:00,0.188,low
1_1_1_1_LT05_014036_19930728,0.1374962477353933,1993-07-28,"{""type"":""MultiPoint"",""coordinates"":[]}",1993-07-28 00:00:00+00:00,0.331,mid_low
1_1_1_1_LT05_014036_19930829,0.1486129596880062,1993-08-29,"{""type"":""MultiPoint"",""coordinates"":[]}",1993-08-29 00:00:00+00:00,0.874,mid_high
1_1_1_1_LT05_014036_19930930,0.1019294433596261,1993-09-30,"{""type"":""MultiPoint"",""coordinates"":[]}",1993-09-30 00:00:00+00:00,1.032,high
1_1_1_1_LT05_014036_19931101,0.1610367290549526,1993-11-01,"{""type"":""MultiPoint"",""coordinates"":[]}",1993-11-01 00:00:00+00:00,0.776,mid_high
1_1_1_1_LT05_014036_19940426,0.1133594638510022,1994-04-26,"{""type"":""MultiPoint"",""coordinates"":[]}",1994-04-26 00:00:00+00:00,1.111,high
1_1_1_1_LT05_014036_19940613,0.1037160735387833,1994-06-13,"{""type"":""MultiPoint"",""coordinates"":[]}",1994-06-13 00:00:00+00:00,0.59,mid_low
1_1_1_1_LT05_014036_19940715,0.1075479300394675,1994-07-15,"{""type"":""MultiPoint"",""coordinates"":[]}",1994-07-15 00:00:00+00:00,0.069,low
1_1_1_1_LT05_014036_19940901,0.1332092477569317,1994-09-01,"{""type"":""MultiPoint"",""coordinates"":[]}",1994-09-01 00:00:00+00:00,0.487,mid_low
1_1_1_1_LT05_014036_19941019,0.1120921862786256,1994-10-19,"{""type"":""MultiPoint"",""coordinates"":[]}",1994-10-19 00:00:00+00:00,1.108,high
1_1_1_1_LT05_014036_19941104,0.1140317458455017,1994-11-04,"{""type"":""MultiPoint"",""coordinates"":[]}",1994-11-04 00:00:00+00:00,0.864,mid_high
1_1_1_1_LT05_014036_19950312,0.128574943089848,1995-03-12,"{""type"":""MultiPoint"",""coordinates"":[]}",1995-03-12 00:00:00+00:00,0.17,low
1_1_1_1_LT05_014036_19950429,0.1174677552900748,1995-04-29,"{""type"":""MultiPoint"",""coordinates"":[]}",1995-04-29 00:00:00+00:00,1.06,high
1_1_1_1_LT05_014036_19950904,0.1373042721459535,1995-09-04,"{""type"":""MultiPoint"",""coordinates"":[]}",1995-09-04 00:00:00+00:00,0.551,mid_low
1_1_1_1_LT05_014036_19951022,0.1142542702761577,1995-10-22,"{""type"":""MultiPoint"",""coordinates"":[]}",1995-10-22 00:00:00+00:00,0.932,mid_high
1_1_1_1_LT05_014036_19951123,0.1118927581202669,1995-11-23,"{""type"":""MultiPoint"",""coordinates"":[]}",1995-11-23 00:00:00+00:00,1.108,high
1_1_1_1_LT05_014036_19951225,0.1037947061061303,1995-12-25,"{""type"":""MultiPoint"",""coordinates"":[]}",1995-12-25 00:00:00+00:00,0.534,mid_low
1_1_1_1_LT05_014036_19960211,0.1454190258631142,1996-02-11,"{""type"":""MultiPoint"",""coordinates"":[]}",1996-02-11 00:00:00+00:00,0.023,low
1_1_1_1_LT05_014036_19960314,0.1470659302788937,1996-03-14,"{""type"":""MultiPoint"",""coordinates"":[]}",1996-03-14 00:00:00+00:00,0.125,low
1_1_1_1_LT05_014036_19960501,0.1225478825653189,1996-05-01,"{""type"":""MultiPoint"",""coordinates"":[]}",1996-05-01 00:00:00+00:00,0.879,mid_high
1_1_1_1_LT05_014036_19960704,0.1004839595255601,1996-07-04,"{""type"":""MultiPoint"",""coordinates"":[]}",1996-07-04 00:00:00+00:00,0.739,mid_high
1_1_1_1_LT05_014036_19960821,0.1006402164911563,1996-08-21,"{""type"":""MultiPoint"",""coordinates"":[]}",1996-08-21 00:00:00+00:00,0.252,mid_low
1_1_1_1_LT05_014036_19961024,0.1180257657316168,1996-10-24,"{""type"":""MultiPoint"",""coordinates"":[]}",1996-10-24 00:00:00+00:00,0.962,mid_high
1_1_1_1_LT05_014036_19961109,0.1588384351196429,1996-11-09,"{""type"":""MultiPoint"",""coordinates"":[]}",1996-11-09 00:00:00+00:00,1.154,high
1_1_1_1_LT05_014036_19961211,0.1129189508627434,1996-12-11,"{""type"":""MultiPoint"",""coordinates"":[]}",1996-12-11 00:00:00+00:00,1.153,high
1_1_1_1_LT05_014036_19970112,0.0642731568309363,1997-01-12,"{""type"":""MultiPoint"",""coordinates"":[]}",1997-01-12 00:00:00+00:00,0.42,mid_low
1_1_1_1_LT05_014036_19970504,0.1153691900475933,1997-05-04,"{""type"":""MultiPoint"",""coordinates"":[]}",1997-05-04 00:00:00+00:00,0.896,mid_high
1_1_1_1_LT05_014036_19970621,0.1366437087631183,1997-06-21,"{""type"":""MultiPoint"",""coordinates"":[]}",1997-06-21 00:00:00+00:00,1.192,high
1_1_1_1_LT05_014036_19971011,0.1560622109755447,1997-10-11,"{""type"":""MultiPoint"",""coordinates"":[]}",1997-10-11 00:00:00+00:00,0.256,mid_low
1_1_1_1_LT05_014036_19980131,0.139772095308439,1998-01-31,"{""type"":""MultiPoint"",""coordinates"":[]}",1998-01-31 00:00:00+00:00,0.894,mid_high
1_1_1_1_LT05_014036_19980304,0.1316878545388243,1998-03-04,"{""type"":""MultiPoint"",""coordinates"":[]}",1998-03-04 00:00:00+00:00,0.194,low
1_1_1_1_LT05_014036_19980421,0.1334110753543077,1998-04-21,"{""type"":""MultiPoint"",""coordinates"":[]}",1998-04-21 00:00:00+00:00,0.153,low
1_1_1_1_LT05_014036_19980608,0.0961818623671674,1998-06-08,"{""type"":""MultiPoint"",""coordinates"":[]}",1998-06-08 00:00:00+00:00,0.923,mid_high
1_1_1_1_LT05_014036_19980811,0.1245053082865176,1998-08-11,"{""type"":""MultiPoint"",""coordinates"":[]}",1998-08-11 00:00:00+00:00,0.736,mid_high
1_1_1_1_LT05_014036_19980912,0.1182801311748422,1998-09-12,"{""type"":""MultiPoint"",""coordinates"":[]}",1998-09-12 00:00:00+00:00,0.175,low
1_1_1_1_LT05_014036_19981014,0.133552164510987,1998-10-14,"{""type"":""MultiPoint"",""coordinates"":[]}",1998-10-14 00:00:00+00:00,0.513,mid_low
1_1_1_1_LT05_014036_19981030,0.1126368021355823,1998-10-30,"{""type"":""MultiPoint"",""coordinates"":[]}",1998-10-30 00:00:00+00:00,0.307,mid_low
1_1_1_1_LT05_014036_19981201,0.1267111301295128,1998-12-01,"{""type"":""MultiPoint"",""coordinates"":[]}",1998-12-01 00:00:00+00:00,0.495,mid_low
1_1_1_1_LT05_014036_19981217,0.1380924367022362,1998-12-17,"{""type"":""MultiPoint"",""coordinates"":[]}",1998-12-17 00:00:00+00:00,1.021,high
1_1_1_1_LT05_014036_19990307,0.1480294192381161,1999-03-07,"{""type"":""MultiPoint"",""coordinates"":[]}",1999-03-07 00:00:00+00:00,0.228,mid_low
1_1_1_1_LT05_014036_19990323,0.1233726226919142,1999-03-23,"{""type"":""MultiPoint"",""coordinates"":[]}",1999-03-23 00:00:00+00:00,-0.026,low
1_1_1_1_LT05_014036_19990408,0.1436121066808893,1999-04-08,"{""type"":""MultiPoint"",""coordinates"":[]}",1999-04-08 00:00:00+00:00,0.213,mid_low
1_1_1_1_LT05_014036_19990627,0.1110328193325813,1999-06-27,"{""type"":""MultiPoint"",""coordinates"":[]}",1999-06-27 00:00:00+00:00,1.021,high
1_1_1_2_LE07_014036_19990705,0.082720434550155,1999-07-05,"{""type"":""MultiPoint"",""coordinates"":[]}",1999-07-05 00:00:00+00:00,0.18,low
1_1_1_2_LE07_014036_19990806,0.1386614288588212,1999-08-06,"{""type"":""MultiPoint"",""coordinates"":[]}",1999-08-06 00:00:00+00:00,0.371,mid_low
1_1_1_1_LT05_014036_19990814,0.0997977974561697,1999-08-14,"{""type"":""MultiPoint"",""coordinates"":[]}",1999-08-14 00:00:00+00:00,0.836,mid_high
1_1_1_2_LE07_014036_19990923,0.125477804394586,1999-09-23,"{""type"":""MultiPoint"",""coordinates"":[]}",1999-09-23 00:00:00+00:00,1.278,high
1_1_1_1_LT05_014036_19991001,0.1029225025742423,1999-10-01,"{""type"":""MultiPoint"",""coordinates"":[]}",1999-10-01 00:00:00+00:00,0.349,mid_low
1_1_1_2_LE07_014036_19991009,0.1016660297044179,1999-10-09,"{""type"":""MultiPoint"",""coordinates"":[]}",1999-10-09 00:00:00+00:00,1.212,high
1_1_1_2_LE07_014036_19991025,0.1181194210459646,1999-10-25,"{""type"":""MultiPoint"",""coordinates"":[]}",1999-10-25 00:00:00+00:00,1.197,high
1_1_1_1_LT05_014036_19991118,0.1321441491325833,1999-11-18,"{""type"":""MultiPoint"",""coordinates"":[]}",1999-11-18 00:00:00+00:00,0.413,mid_low
1_1_1_1_LT05_014036_19991204,0.1061743091656583,1999-12-04,"{""type"":""MultiPoint"",""coordinates"":[]}",1999-12-04 00:00:00+00:00,0.695,mid_high
1_1_1_2_LE07_014036_19991228,0.1029397782766783,1999-12-28,"{""type"":""MultiPoint"",""coordinates"":[]}",1999-12-28 00:00:00+00:00,0.066,low
1_1_1_1_LT05_014036_20000105,0.1333415196028805,2000-01-05,"{""type"":""MultiPoint"",""coordinates"":[]}",2000-01-05 00:00:00+00:00,0.702,mid_high
1_1_1_2_LE07_014036_20000113,0.1416330882943575,2000-01-13,"{""type"":""MultiPoint"",""coordinates"":[]}",2000-01-13 00:00:00+00:00,0.102,low
1_1_1_1_LT05_014036_20000121,0.135465203555491,2000-01-21,"{""type"":""MultiPoint"",""coordinates"":[]}",2000-01-21 00:00:00+00:00,0.994,mid_high
1_1_1_1_LT05_014036_20000206,0.1102683420608124,2000-02-06,"{""type"":""MultiPoint"",""coordinates"":[]}",2000-02-06 00:00:00+00:00,0.727,mid_high
1_1_1_1_LT05_014036_20000222,0.1523394757408565,2000-02-22,"{""type"":""MultiPoint"",""coordinates"":[]}",2000-02-22 00:00:00+00:00,0.592,mid_low
1_1_1_2_LE07_014036_20000301,0.1185467293837749,2000-03-01,"{""type"":""MultiPoint"",""coordinates"":[]}",2000-03-01 00:00:00+00:00,0.346,mid_low
1_1_1_1_LT05_014036_20000309,0.1238828235432754,2000-03-09,"{""type"":""MultiPoint"",""coordinates"":[]}",2000-03-09 00:00:00+00:00,0.627,mid_high
1_1_1_1_LT05_014036_20000410,0.1324813446627644,2000-04-10,"{""type"":""MultiPoint"",""coordinates"":[]}",2000-04-10 00:00:00+00:00,0.179,low
1_1_1_2_LE07_014036_20000504,0.1013230130550099,2000-05-04,"{""type"":""MultiPoint"",""coordinates"":[]}",2000-05-04 00:00:00+00:00,1.153,high
1_1_1_1_LT05_014036_20000512,0.1237393895696518,2000-05-12,"{""type"":""MultiPoint"",""coordinates"":[]}",2000-05-12 00:00:00+00:00,0.192,low
1_1_1_2_LE07_014036_20000520,0.0799029434495639,2000-05-20,"{""type"":""MultiPoint"",""coordinates"":[]}",2000-05-20 00:00:00+00:00,0.82,mid_high
1_1_1_2_LE07_014036_20000808,0.0866828957248728,2000-08-08,"{""type"":""MultiPoint"",""coordinates"":[]}",2000-08-08 00:00:00+00:00,0.287,mid_low
1_1_1_1_LT05_014036_20000816,0.1272359169507576,2000-08-16,"{""type"":""MultiPoint"",""coordinates"":[]}",2000-08-16 00:00:00+00:00,1.134,high
1_1_1_1_LT05_014036_20001003,0.1245846527672874,2000-10-03,"{""type"":""MultiPoint"",""coordinates"":[]}",2000-10-03 00:00:00+00:00,0.596,mid_low
1_1_1_1_LT05_014036_20001019,0.1211996085579039,2000-10-19,"{""type"":""MultiPoint"",""coordinates"":[]}",2000-10-19 00:00:00+00:00,0.392,mid_low
1_1_1_2_LE07_014036_20001128,0.1221777592741769,2000-11-28,"{""type"":""MultiPoint"",""coordinates"":[]}",2000-11-28 00:00:00+00:00,0.808,mid_high
1_1_1_1_LT05_014036_20010208,0.1332819978679118,2001-02-08,"{""type"":""MultiPoint"",""coordinates"":[]}",2001-02-08 00:00:00+00:00,0.839,mid_high
1_1_1_1_LT05_014036_20010224,0.1163013421149701,2001-02-24,"{""type"":""MultiPoint"",""coordinates"":[]}",2001-02-24 00:00:00+00:00,0.839,mid_high
1_1_1_1_LT05_014036_20010328,0.1384637613691655,2001-03-28,"{""type"":""MultiPoint"",""coordinates"":[]}",2001-03-28 00:00:00+00:00,0.672,mid_high
1_1_1_2_LE07_014036_20010405,0.14094602581613,2001-04-05,"{""type"":""MultiPoint"",""coordinates"":[]}",2001-04-05 00:00:00+00:00,0.617,mid_high
1_1_1_1_LT05_014036_20010429,0.1410746807941541,2001-04-29,"{""type"":""MultiPoint"",""coordinates"":[]}",2001-04-29 00:00:00+00:00,0.174,low
1_1_1_1_LT05_014036_20010803,0.1171499168726545,2001-08-03,"{""type"":""MultiPoint"",""coordinates"":[]}",2001-08-03 00:00:00+00:00,1.081,high
1_1_1_2_LE07_014036_20010827,0.1079949165631207,2001-08-27,"{""type"":""MultiPoint"",""coordinates"":[]}",2001-08-27 00:00:00+00:00,0.437,mid_low
1_1_1_2_LE07_014036_20010912,0.1232824421247239,2001-09-12,"{""type"":""MultiPoint"",""coordinates"":[]}",2001-09-12 00:00:00+00:00,0.359,mid_low
1_1_1_2_LE07_014036_20010928,0.1237174012027173,2001-09-28,"{""type"":""MultiPoint"",""coordinates"":[]}",2001-09-28 00:00:00+00:00,0.791,mid_high
1_1_1_2_LE07_014036_20011030,0.114891581970627,2001-10-30,"{""type"":""MultiPoint"",""coordinates"":[]}",2001-10-30 00:00:00+00:00,0.943,mid_high
1_1_1_1_LT05_014036_20011107,0.1271637722585037,2001-11-07,"{""type"":""MultiPoint"",""coordinates"":[]}",2001-11-07 00:00:00+00:00,0.261,mid_low
1_1_1_1_LT05_014036_20020110,0.1466139824774268,2002-01-10,"{""type"":""MultiPoint"",""coordinates"":[]}",2002-01-10 00:00:00+00:00,0.334,mid_low
1_1_1_1_LT05_014036_20020126,0.1315291051630603,2002-01-26,"{""type"":""MultiPoint"",""coordinates"":[]}",2002-01-26 00:00:00+00:00,0.393,mid_low
1_1_1_1_LT05_014036_20020211,0.1299758139305426,2002-02-11,"{""type"":""MultiPoint"",""coordinates"":[]}",2002-02-11 00:00:00+00:00,0.831,mid_high
1_1_1_2_LE07_014036_20020219,0.1169743808339204,2002-02-19,"{""type"":""MultiPoint"",""coordinates"":[]}",2002-02-19 00:00:00+00:00,0.215,mid_low
1_1_1_2_LE07_014036_20020323,0.1351238499807124,2002-03-23,"{""type"":""MultiPoint"",""coordinates"":[]}",2002-03-23 00:00:00+00:00,0.221,mid_low
1_1_1_2_LE07_014036_20020424,0.1284524825348053,2002-04-24,"{""type"":""MultiPoint"",""coordinates"":[]}",2002-04-24 00:00:00+00:00,0.773,mid_high
1_1_1_2_LE07_014036_20020510,0.1206795583449241,2002-05-10,"{""type"":""MultiPoint"",""coordinates"":[]}",2002-05-10 00:00:00+00:00,0.938,mid_high
1_1_1_2_LE07_014036_20020611,0.1092138587916697,2002-06-11,"{""type"":""MultiPoint"",""coordinates"":[]}",2002-06-11 00:00:00+00:00,1.175,high
1_1_1_1_LT05_014036_20020705,0.1705487266601573,2002-07-05,"{""type"":""MultiPoint"",""coordinates"":[]}",2002-07-05 00:00:00+00:00,0.365,mid_low
1_1_1_2_LE07_014036_20020729,0.0999373681635047,2002-07-29,"{""type"":""MultiPoint"",""coordinates"":[]}",2002-07-29 00:00:00+00:00,0.496,mid_low
1_1_1_1_LT05_014036_20020822,0.1347347443976309,2002-08-22,"{""type"":""MultiPoint"",""coordinates"":[]}",2002-08-22 00:00:00+00:00,1.181,high
1_1_1_2_LE07_014036_20021001,0.1323757534535191,2002-10-01,"{""type"":""MultiPoint"",""coordinates"":[]}",2002-10-01 00:00:00+00:00,0.545,mid_low
1_1_1_2_LE07_014036_20021017,0.1353895032077261,2002-10-17,"{""type"":""MultiPoint"",""coordinates"":[]}",2002-10-17 00:00:00+00:00,1.066,high
1_1_1_2_LE07_014036_20021102,0.1158907235277226,2002-11-02,"{""type"":""MultiPoint"",""coordinates"":[]}",2002-11-02 00:00:00+00:00,0.782,mid_high
1_1_1_2_LE07_014036_20021118,0.1424102398530447,2002-11-18,"{""type"":""MultiPoint"",""coordinates"":[]}",2002-11-18 00:00:00+00:00,1.238,high
1_1_1_1_LT05_014036_20021228,0.1545274684678619,2002-12-28,"{""type"":""MultiPoint"",""coordinates"":[]}",2002-12-28 00:00:00+00:00,0.031,low
1_1_1_2_LE07_014036_20030105,0.1172388346334442,2003-01-05,"{""type"":""MultiPoint"",""coordinates"":[]}",2003-01-05 00:00:00+00:00,0.797,mid_high
1_1_1_2_LE07_014036_20030310,0.1110339563143103,2003-03-10,"{""type"":""MultiPoint"",""coordinates"":[]}",2003-03-10 00:00:00+00:00,0.343,mid_low
1_1_1_2_LE07_014036_20030326,0.1221492479476077,2003-03-26,"{""type"":""MultiPoint"",""coordinates"":[]}",2003-03-26 00:00:00+00:00,0.184,low
1_1_1_1_LT05_014036_20030403,0.1456016836811078,2003-04-03,"{""type"":""MultiPoint"",""coordinates"":[]}",2003-04-03 00:00:00+00:00,0.763,mid_high
1_1_1_2_LE07_014036_20030513,0.1091652267023576,2003-05-13,"{""type"":""MultiPoint"",""coordinates"":[]}",2003-05-13 00:00:00+00:00,0.607,mid_high
1_1_1_1_LT05_014036_20030622,0.1126693559133024,2003-06-22,"{""type"":""MultiPoint"",""coordinates"":[]}",2003-06-22 00:00:00+00:00,0.402,mid_low
1_1_1_1_LT05_014036_20030825,0.1501829446722933,2003-08-25,"{""type"":""MultiPoint"",""coordinates"":[]}",2003-08-25 00:00:00+00:00,0.909,mid_high
1_1_1_2_LE07_014036_20030902,0.1006877727776082,2003-09-02,"{""type"":""MultiPoint"",""coordinates"":[]}",2003-09-02 00:00:00+00:00,0.143,low
1_1_1_2_LE07_014036_20031020,0.113273442292159,2003-10-20,"{""type"":""MultiPoint"",""coordinates"":[]}",2003-10-20 00:00:00+00:00,0.458,mid_low
1_1_1_2_LE07_014036_20031121,0.1347913255265607,2003-11-21,"{""type"":""MultiPoint"",""coordinates"":[]}",2003-11-21 00:00:00+00:00,0.733,mid_high
1_1_1_1_LT05_014036_20031129,0.1636754891259908,2003-11-29,"{""type"":""MultiPoint"",""coordinates"":[]}",2003-11-29 00:00:00+00:00,0.369,mid_low
1_1_1_2_LE07_014036_20031207,0.1312646731113776,2003-12-07,"{""type"":""MultiPoint"",""coordinates"":[]}",2003-12-07 00:00:00+00:00,0.813,mid_high
1_1_1_1_LT05_014036_20031215,0.1603747964291653,2003-12-15,"{""type"":""MultiPoint"",""coordinates"":[]}",2003-12-15 00:00:00+00:00,0.257,mid_low
1_1_1_2_LE07_014036_20031223,0.1320816460501941,2003-12-23,"{""type"":""MultiPoint"",""coordinates"":[]}",2003-12-23 00:00:00+00:00,0.823,mid_high
1_1_1_1_LT05_014036_20031231,0.1334668170695917,2003-12-31,"{""type"":""MultiPoint"",""coordinates"":[]}",2003-12-31 00:00:00+00:00,-0.178,low
1_1_1_2_LE07_014036_20040108,0.1042897713110352,2004-01-08,"{""type"":""MultiPoint"",""coordinates"":[]}",2004-01-08 00:00:00+00:00,0.758,mid_high
1_1_1_1_LT05_014036_20040116,0.1286773705555759,2004-01-16,"{""type"":""MultiPoint"",""coordinates"":[]}",2004-01-16 00:00:00+00:00,0.015,low
1_1_1_2_LE07_014036_20040124,0.1391420698838946,2004-01-24,"{""type"":""MultiPoint"",""coordinates"":[]}",2004-01-24 00:00:00+00:00,0.609,mid_high
1_1_1_2_LE07_014036_20040312,0.1332954846512145,2004-03-12,"{""type"":""MultiPoint"",""coordinates"":[]}",2004-03-12 00:00:00+00:00,0.416,mid_low
1_1_1_1_LT05_014036_20040320,0.1387104800400898,2004-03-20,"{""type"":""MultiPoint"",""coordinates"":[]}",2004-03-20 00:00:00+00:00,1.096,high
1_1_1_1_LT05_014036_20040405,0.1192805667378441,2004-04-05,"{""type"":""MultiPoint"",""coordinates"":[]}",2004-04-05 00:00:00+00:00,1.078,high
1_1_1_1_LT05_014036_20040507,0.1306262446065994,2004-05-07,"{""type"":""MultiPoint"",""coordinates"":[]}",2004-05-07 00:00:00+00:00,0.888,mid_high
1_1_1_1_LT05_014036_20040523,0.1161385853909779,2004-05-23,"{""type"":""MultiPoint"",""coordinates"":[]}",2004-05-23 00:00:00+00:00,0.554,mid_low
1_1_1_1_LT05_014036_20040710,0.1123190727479899,2004-07-10,"{""type"":""MultiPoint"",""coordinates"":[]}",2004-07-10 00:00:00+00:00,0.225,mid_low
1_1_1_2_LE07_014036_20040819,0.1088877701937473,2004-08-19,"{""type"":""MultiPoint"",""coordinates"":[]}",2004-08-19 00:00:00+00:00,0.748,mid_high
1_1_1_1_LT05_014036_20041030,0.1369127768880662,2004-10-30,"{""type"":""MultiPoint"",""coordinates"":[]}",2004-10-30 00:00:00+00:00,0.971,mid_high
1_1_1_2_LE07_014036_20041107,0.1135653490088425,2004-11-07,"{""type"":""MultiPoint"",""coordinates"":[]}",2004-11-07 00:00:00+00:00,0.278,mid_low
1_1_1_1_LT05_014036_20041115,0.1344543753177749,2004-11-15,"{""type"":""MultiPoint"",""coordinates"":[]}",2004-11-15 00:00:00+00:00,0.72,mid_high
1_1_1_1_LT05_014036_20050118,0.1536620409536501,2005-01-18,"{""type"":""MultiPoint"",""coordinates"":[]}",2005-01-18 00:00:00+00:00,0.216,mid_low
1_1_1_2_LE07_014036_20050211,0.1157669755532647,2005-02-11,"{""type"":""MultiPoint"",""coordinates"":[]}",2005-02-11 00:00:00+00:00,0.861,mid_high
1_1_1_1_LT05_014036_20050219,0.1242245752081201,2005-02-19,"{""type"":""MultiPoint"",""coordinates"":[]}",2005-02-19 00:00:00+00:00,0.251,mid_low
1_1_1_1_LT05_014036_20050307,0.1438423105092329,2005-03-07,"{""type"":""MultiPoint"",""coordinates"":[]}",2005-03-07 00:00:00+00:00,0.454,mid_low
1_1_1_2_LE07_014036_20050315,0.1467183396185703,2005-03-15,"{""type"":""MultiPoint"",""coordinates"":[]}",2005-03-15 00:00:00+00:00,0.368,mid_low
1_1_1_2_LE07_014036_20050502,0.1223614552918878,2005-05-02,"{""type"":""MultiPoint"",""coordinates"":[]}",2005-05-02 00:00:00+00:00,0.04,low
1_1_1_1_LT05_014036_20050510,0.1081700908418817,2005-05-10,"{""type"":""MultiPoint"",""coordinates"":[]}",2005-05-10 00:00:00+00:00,1.135,high
1_1_1_2_LE07_014036_20050518,0.0958549223839225,2005-05-18,"{""type"":""MultiPoint"",""coordinates"":[]}",2005-05-18 00:00:00+00:00,0.37,mid_low
1_1_1_1_LT05_014036_20050526,0.0913464222527332,2005-05-26,"{""type"":""MultiPoint"",""coordinates"":[]}",2005-05-26 00:00:00+00:00,1.205,high
1_1_1_1_LT05_014036_20050814,0.1268985122598799,2005-08-14,"{""type"":""MultiPoint"",""coordinates"":[]}",2005-08-14 00:00:00+00:00,0.285,mid_low
1_1_1_2_LE07_014036_20050923,0.1186897261102628,2005-09-23,"{""type"":""MultiPoint"",""coordinates"":[]}",2005-09-23 00:00:00+00:00,0.41,mid_low
1_1_1_1_LT05_014036_20051017,0.1215043470610095,2005-10-17,"{""type"":""MultiPoint"",""coordinates"":[]}",2005-10-17 00:00:00+00:00,1.44,high
1_1_1_2_LE07_014036_20051025,0.123810902916047,2005-10-25,"{""type"":""MultiPoint"",""coordinates"":[]}",2005-10-25 00:00:00+00:00,0.43,mid_low
1_1_1_2_LE07_014036_20051126,0.0174139948294931,2005-11-26,"{""type"":""MultiPoint"",""coordinates"":[]}",2005-11-26 00:00:00+00:00,0.214,mid_low
1_1_1_2_LE07_014036_20051212,0.1427461165162035,2005-12-12,"{""type"":""MultiPoint"",""coordinates"":[]}",2005-12-12 00:00:00+00:00,0.377,mid_low
1_1_1_2_LE07_014036_20060214,0.1437475495283536,2006-02-14,"{""type"":""MultiPoint"",""coordinates"":[]}",2006-02-14 00:00:00+00:00,0.833,mid_high
1_1_1_2_LE07_014036_20060302,0.1440037817024835,2006-03-02,"{""type"":""MultiPoint"",""coordinates"":[]}",2006-03-02 00:00:00+00:00,0.899,mid_high
1_1_1_2_LE07_014036_20060318,0.1205791577982619,2006-03-18,"{""type"":""MultiPoint"",""coordinates"":[]}",2006-03-18 00:00:00+00:00,0.744,mid_high
1_1_1_1_LT05_014036_20060411,0.1268956959028302,2006-04-11,"{""type"":""MultiPoint"",""coordinates"":[]}",2006-04-11 00:00:00+00:00,0.897,mid_high
1_1_1_1_LT05_014036_20060513,0.1197207471593262,2006-05-13,"{""type"":""MultiPoint"",""coordinates"":[]}",2006-05-13 00:00:00+00:00,1.278,high
1_1_1_2_LE07_014036_20060521,0.1111606394975878,2006-05-21,"{""type"":""MultiPoint"",""coordinates"":[]}",2006-05-21 00:00:00+00:00,0.137,low
1_1_1_1_LT05_014036_20060630,0.1162432722736134,2006-06-30,"{""type"":""MultiPoint"",""coordinates"":[]}",2006-06-30 00:00:00+00:00,0.546,mid_low
1_1_1_1_LT05_014036_20060801,0.1243839043427297,2006-08-01,"{""type"":""MultiPoint"",""coordinates"":[]}",2006-08-01 00:00:00+00:00,0.253,mid_low
1_1_1_1_LT05_014036_20060918,0.1382530009377848,2006-09-18,"{""type"":""MultiPoint"",""coordinates"":[]}",2006-09-18 00:00:00+00:00,1.003,high
1_1_1_2_LE07_014036_20060926,0.1104395134405105,2006-09-26,"{""type"":""MultiPoint"",""coordinates"":[]}",2006-09-26 00:00:00+00:00,0.617,mid_high
1_1_1_1_LT05_014036_20061004,0.1364288927824503,2006-10-04,"{""type"":""MultiPoint"",""coordinates"":[]}",2006-10-04 00:00:00+00:00,0.784,mid_high
1_1_1_2_LE07_014036_20061012,0.119975838978237,2006-10-12,"{""type"":""MultiPoint"",""coordinates"":[]}",2006-10-12 00:00:00+00:00,0.45,mid_low
1_1_1_1_LT05_014036_20061020,0.1346235054449445,2006-10-20,"{""type"":""MultiPoint"",""coordinates"":[]}",2006-10-20 00:00:00+00:00,1.144,high
1_1_1_1_LT05_014036_20061105,0.1377602027680552,2006-11-05,"{""type"":""MultiPoint"",""coordinates"":[]}",2006-11-05 00:00:00+00:00,1.074,high
1_1_1_2_LE07_014036_20070217,0.128251062048705,2007-02-17,"{""type"":""MultiPoint"",""coordinates"":[]}",2007-02-17 00:00:00+00:00,0.855,mid_high
1_1_1_2_LE07_014036_20070305,0.1315607534331449,2007-03-05,"{""type"":""MultiPoint"",""coordinates"":[]}",2007-03-05 00:00:00+00:00,0.809,mid_high
1_1_1_1_LT05_014036_20070313,0.1431067993461417,2007-03-13,"{""type"":""MultiPoint"",""coordinates"":[]}",2007-03-13 00:00:00+00:00,0.14,low
1_1_1_2_LE07_014036_20070422,0.1180283746449241,2007-04-22,"{""type"":""MultiPoint"",""coordinates"":[]}",2007-04-22 00:00:00+00:00,0.427,mid_low
1_1_1_1_LT05_014036_20070430,0.1202636782028569,2007-04-30,"{""type"":""MultiPoint"",""coordinates"":[]}",2007-04-30 00:00:00+00:00,1.001,high
1_1_1_2_LE07_014036_20070524,0.1191762866181381,2007-05-24,"{""type"":""MultiPoint"",""coordinates"":[]}",2007-05-24 00:00:00+00:00,0.152,low
1_1_1_2_LE07_014036_20070609,0.0999117951760551,2007-06-09,"{""type"":""MultiPoint"",""coordinates"":[]}",2007-06-09 00:00:00+00:00,0.303,mid_low
1_1_1_1_LT05_014036_20070617,0.0941371087786986,2007-06-17,"{""type"":""MultiPoint"",""coordinates"":[]}",2007-06-17 00:00:00+00:00,1.144,high
1_1_1_1_LT05_014036_20070703,0.1048333412345484,2007-07-03,"{""type"":""MultiPoint"",""coordinates"":[]}",2007-07-03 00:00:00+00:00,0.932,mid_high
1_1_1_1_LT05_014036_20070820,0.1135235223602931,2007-08-20,"{""type"":""MultiPoint"",""coordinates"":[]}",2007-08-20 00:00:00+00:00,0.315,mid_low
1_1_1_1_LT05_014036_20070905,0.1305554673772151,2007-09-05,"{""type"":""MultiPoint"",""coordinates"":[]}",2007-09-05 00:00:00+00:00,0.332,mid_low
1_1_1_2_LE07_014036_20070929,0.1089831037489897,2007-09-29,"{""type"":""MultiPoint"",""coordinates"":[]}",2007-09-29 00:00:00+00:00,0.887,mid_high
1_1_1_2_LE07_014036_20071015,0.1072442975886094,2007-10-15,"{""type"":""MultiPoint"",""coordinates"":[]}",2007-10-15 00:00:00+00:00,0.775,mid_high
1_1_1_2_LE07_014036_20071116,0.129130038770131,2007-11-16,"{""type"":""MultiPoint"",""coordinates"":[]}",2007-11-16 00:00:00+00:00,0.162,low
1_1_1_2_LE07_014036_20071218,0.1372999999598591,2007-12-18,"{""type"":""MultiPoint"",""coordinates"":[]}",2007-12-18 00:00:00+00:00,-0.029,low
1_1_1_2_LE07_014036_20080103,0.1465118164793319,2008-01-03,"{""type"":""MultiPoint"",""coordinates"":[]}",2008-01-03 00:00:00+00:00,0.065,low
1_1_1_1_LT05_014036_20080127,0.1499022367710882,2008-01-27,"{""type"":""MultiPoint"",""coordinates"":[]}",2008-01-27 00:00:00+00:00,0.355,mid_low
1_1_1_2_LE07_014036_20080220,0.1412441962856987,2008-02-20,"{""type"":""MultiPoint"",""coordinates"":[]}",2008-02-20 00:00:00+00:00,0.709,mid_high
1_1_1_1_LT05_014036_20080228,0.1489004794124455,2008-02-28,"{""type"":""MultiPoint"",""coordinates"":[]}",2008-02-28 00:00:00+00:00,0.158,low
1_1_1_1_LT05_014036_20080416,0.1474208420380119,2008-04-16,"{""type"":""MultiPoint"",""coordinates"":[]}",2008-04-16 00:00:00+00:00,0.655,mid_high
1_1_1_1_LT05_014036_20080502,0.1351743713626265,2008-05-02,"{""type"":""MultiPoint"",""coordinates"":[]}",2008-05-02 00:00:00+00:00,0.671,mid_high
1_1_1_2_LE07_014036_20080510,0.1105264922480765,2008-05-10,"{""type"":""MultiPoint"",""coordinates"":[]}",2008-05-10 00:00:00+00:00,0.298,mid_low
1_1_1_2_LE07_014036_20080611,0.1035678929819881,2008-06-11,"{""type"":""MultiPoint"",""coordinates"":[]}",2008-06-11 00:00:00+00:00,0.074,low
1_1_1_1_LT05_014036_20080619,0.1129032095994825,2008-06-19,"{""type"":""MultiPoint"",""coordinates"":[]}",2008-06-19 00:00:00+00:00,1.246,high
1_1_1_2_LE07_014036_20080627,0.0931636571421018,2008-06-27,"{""type"":""MultiPoint"",""coordinates"":[]}",2008-06-27 00:00:00+00:00,0.127,low
1_1_1_2_LE07_014036_20080713,0.1166638849565201,2008-07-13,"{""type"":""MultiPoint"",""coordinates"":[]}",2008-07-13 00:00:00+00:00,0.625,mid_high
1_1_1_1_LT05_014036_20080721,0.1231232566500645,2008-07-21,"{""type"":""MultiPoint"",""coordinates"":[]}",2008-07-21 00:00:00+00:00,0.846,mid_high
1_1_1_2_LE07_014036_20080729,0.1102090734128847,2008-07-29,"{""type"":""MultiPoint"",""coordinates"":[]}",2008-07-29 00:00:00+00:00,0.761,mid_high
1_1_1_1_LT05_014036_20080806,0.1202288678410401,2008-08-06,"{""type"":""MultiPoint"",""coordinates"":[]}",2008-08-06 00:00:00+00:00,0.427,mid_low
1_1_1_2_LE07_014036_20080814,0.1269012129749708,2008-08-14,"{""type"":""MultiPoint"",""coordinates"":[]}",2008-08-14 00:00:00+00:00,1.188,high
1_1_1_2_LE07_014036_20080830,0.1304409611558915,2008-08-30,"{""type"":""MultiPoint"",""coordinates"":[]}",2008-08-30 00:00:00+00:00,1.331,high
1_1_1_1_LT05_014036_20080907,0.1683260288402691,2008-09-07,"{""type"":""MultiPoint"",""coordinates"":[]}",2008-09-07 00:00:00+00:00,0.298,mid_low
1_1_1_2_LE07_014036_20080915,0.1220262123378334,2008-09-15,"{""type"":""MultiPoint"",""coordinates"":[]}",2008-09-15 00:00:00+00:00,1.306,high
1_1_1_2_LE07_014036_20081001,0.1235040035435698,2008-10-01,"{""type"":""MultiPoint"",""coordinates"":[]}",2008-10-01 00:00:00+00:00,1.067,high
1_1_1_2_LE07_014036_20081102,0.1151557440909476,2008-11-02,"{""type"":""MultiPoint"",""coordinates"":[]}",2008-11-02 00:00:00+00:00,0.548,mid_low
1_1_1_1_LT05_014036_20081110,0.1513090641027542,2008-11-10,"{""type"":""MultiPoint"",""coordinates"":[]}",2008-11-10 00:00:00+00:00,0.568,mid_low
1_1_1_1_LT05_014036_20081126,0.1453639137644371,2008-11-26,"{""type"":""MultiPoint"",""coordinates"":[]}",2008-11-26 00:00:00+00:00,0.813,mid_high
1_1_1_2_LE07_014036_20081204,0.1260074989363396,2008-12-04,"{""type"":""MultiPoint"",""coordinates"":[]}",2008-12-04 00:00:00+00:00,0.124,low
1_1_1_2_LE07_014036_20090121,0.1718017540262641,2009-01-21,"{""type"":""MultiPoint"",""coordinates"":[]}",2009-01-21 00:00:00+00:00,0.348,mid_low
1_1_1_1_LT05_014036_20090129,0.2036760171264553,2009-01-29,"{""type"":""MultiPoint"",""coordinates"":[]}",2009-01-29 00:00:00+00:00,0.655,mid_high
1_1_1_2_LE07_014036_20090206,0.1534297294038077,2009-02-06,"{""type"":""MultiPoint"",""coordinates"":[]}",2009-02-06 00:00:00+00:00,0.162,low
1_1_1_2_LE07_014036_20090310,0.1392297051355125,2009-03-10,"{""type"":""MultiPoint"",""coordinates"":[]}",2009-03-10 00:00:00+00:00,0.859,mid_high
1_1_1_2_LE07_014036_20090427,0.1369036407683424,2009-04-27,"{""type"":""MultiPoint"",""coordinates"":[]}",2009-04-27 00:00:00+00:00,0.889,mid_high
1_1_1_1_LT05_014036_20090622,0.1094103633177201,2009-06-22,"{""type"":""MultiPoint"",""coordinates"":[]}",2009-06-22 00:00:00+00:00,1.466,high
1_1_1_2_LE07_014036_20090630,0.1112486870128808,2009-06-30,"{""type"":""MultiPoint"",""coordinates"":[]}",2009-06-30 00:00:00+00:00,0.408,mid_low
1_1_1_1_LT05_014036_20090809,0.1057348206561705,2009-08-09,"{""type"":""MultiPoint"",""coordinates"":[]}",2009-08-09 00:00:00+00:00,0.711,mid_high
1_1_1_2_LE07_014036_20091020,0.1101193811517739,2009-10-20,"{""type"":""MultiPoint"",""coordinates"":[]}",2009-10-20 00:00:00+00:00,1.258,high
1_1_1_2_LE07_014036_20091105,0.1086718171764948,2009-11-05,"{""type"":""MultiPoint"",""coordinates"":[]}",2009-11-05 00:00:00+00:00,1.097,high
1_1_1_2_LE07_014036_20091223,0.1376489983011861,2009-12-23,"{""type"":""MultiPoint"",""coordinates"":[]}",2009-12-23 00:00:00+00:00,0.39,mid_low
1_1_1_1_LT05_014036_20100217,0.1032712326068834,2010-02-17,"{""type"":""MultiPoint"",""coordinates"":[]}",2010-02-17 00:00:00+00:00,0.667,mid_high
1_1_1_1_LT05_014036_20100305,0.1171816722247783,2010-03-05,"{""type"":""MultiPoint"",""coordinates"":[]}",2010-03-05 00:00:00+00:00,0.488,mid_low
1_1_1_1_LT05_014036_20100406,0.1149182931969904,2010-04-06,"{""type"":""MultiPoint"",""coordinates"":[]}",2010-04-06 00:00:00+00:00,0.161,low
1_1_1_1_LT05_014036_20100422,0.1238473111710872,2010-04-22,"{""type"":""MultiPoint"",""coordinates"":[]}",2010-04-22 00:00:00+00:00,0.076,low
1_1_1_2_LE07_014036_20100430,0.1189058855253714,2010-04-30,"{""type"":""MultiPoint"",""coordinates"":[]}",2010-04-30 00:00:00+00:00,1.056,high
1_1_1_1_LT05_014036_20100508,0.1094186374974459,2010-05-08,"{""type"":""MultiPoint"",""coordinates"":[]}",2010-05-08 00:00:00+00:00,0.324,mid_low
1_1_1_2_LE07_014036_20100516,0.107878377213837,2010-05-16,"{""type"":""MultiPoint"",""coordinates"":[]}",2010-05-16 00:00:00+00:00,0.845,mid_high
1_1_1_2_LE07_014036_20100617,0.1016005825802392,2010-06-17,"{""type"":""MultiPoint"",""coordinates"":[]}",2010-06-17 00:00:00+00:00,0.396,mid_low
1_1_1_1_LT05_014036_20100625,0.0945458904720152,2010-06-25,"{""type"":""MultiPoint"",""coordinates"":[]}",2010-06-25 00:00:00+00:00,1.183,high
1_1_1_2_LE07_014036_20100703,0.0914359376558246,2010-07-03,"{""type"":""MultiPoint"",""coordinates"":[]}",2010-07-03 00:00:00+00:00,0.323,mid_low
1_1_1_1_LT05_014036_20100913,0.0918336822381011,2010-09-13,"{""type"":""MultiPoint"",""coordinates"":[]}",2010-09-13 00:00:00+00:00,0.399,mid_low
1_1_1_2_LE07_014036_20100921,0.1423810835184464,2010-09-21,"{""type"":""MultiPoint"",""coordinates"":[]}",2010-09-21 00:00:00+00:00,1.096,high
1_1_1_2_LE07_014036_20101007,0.1025278714767533,2010-10-07,"{""type"":""MultiPoint"",""coordinates"":[]}",2010-10-07 00:00:00+00:00,1.346,high
1_1_1_1_LT05_014036_20101015,0.0691779563268804,2010-10-15,"{""type"":""MultiPoint"",""coordinates"":[]}",2010-10-15 00:00:00+00:00,0.443,mid_low
1_1_1_2_LE07_014036_20101023,0.0951372078095331,2010-10-23,"{""type"":""MultiPoint"",""coordinates"":[]}",2010-10-23 00:00:00+00:00,0.997,mid_high
1_1_1_1_LT05_014036_20101031,0.0921900202056941,2010-10-31,"{""type"":""MultiPoint"",""coordinates"":[]}",2010-10-31 00:00:00+00:00,0.21,mid_low
1_1_1_2_LE07_014036_20101108,0.1203937180125656,2010-11-08,"{""type"":""MultiPoint"",""coordinates"":[]}",2010-11-08 00:00:00+00:00,0.867,mid_high
1_1_1_2_LE07_014036_20101124,0.089414533457633,2010-11-24,"{""type"":""MultiPoint"",""coordinates"":[]}",2010-11-24 00:00:00+00:00,0.751,mid_high
1_1_1_2_LE07_014036_20101210,0.1136928563491809,2010-12-10,"{""type"":""MultiPoint"",""coordinates"":[]}",2010-12-10 00:00:00+00:00,0.279,mid_low
1_1_1_1_LT05_014036_20110103,0.0945699934288152,2011-01-03,"{""type"":""MultiPoint"",""coordinates"":[]}",2011-01-03 00:00:00+00:00,0.563,mid_low
1_1_1_2_LE07_014036_20110127,0.1237059584047545,2011-01-27,"{""type"":""MultiPoint"",""coordinates"":[]}",2011-01-27 00:00:00+00:00,-0.105,low
1_1_1_2_LE07_014036_20110212,0.1098518890883579,2011-02-12,"{""type"":""MultiPoint"",""coordinates"":[]}",2011-02-12 00:00:00+00:00,0.127,low
1_1_1_1_LT05_014036_20110220,0.0912813282308939,2011-02-20,"{""type"":""MultiPoint"",""coordinates"":[]}",2011-02-20 00:00:00+00:00,0.88,mid_high
1_1_1_1_LT05_014036_20110308,0.1179713853006672,2011-03-08,"{""type"":""MultiPoint"",""coordinates"":[]}",2011-03-08 00:00:00+00:00,0.762,mid_high
1_1_1_1_LT05_014036_20110324,0.1113788433331181,2011-03-24,"{""type"":""MultiPoint"",""coordinates"":[]}",2011-03-24 00:00:00+00:00,0.51,mid_low
1_1_1_1_LT05_014036_20110425,0.0905171949735905,2011-04-25,"{""type"":""MultiPoint"",""coordinates"":[]}",2011-04-25 00:00:00+00:00,-0.032,low
1_1_1_1_LT05_014036_20110527,0.0839724496129688,2011-05-27,"{""type"":""MultiPoint"",""coordinates"":[]}",2011-05-27 00:00:00+00:00,0.473,mid_low
1_1_1_2_LE07_014036_20110604,0.0922723318348643,2011-06-04,"{""type"":""MultiPoint"",""coordinates"":[]}",2011-06-04 00:00:00+00:00,1.023,high
1_1_1_1_LT05_014036_20110612,0.0917078155142283,2011-06-12,"{""type"":""MultiPoint"",""coordinates"":[]}",2011-06-12 00:00:00+00:00,0.639,mid_high
1_1_1_2_LE07_014036_20110620,0.0850694583228137,2011-06-20,"{""type"":""MultiPoint"",""coordinates"":[]}",2011-06-20 00:00:00+00:00,0.539,mid_low
1_1_1_2_LE07_014036_20110706,0.0844849208243835,2011-07-06,"{""type"":""MultiPoint"",""coordinates"":[]}",2011-07-06 00:00:00+00:00,0.43,mid_low
1_1_1_2_LE07_014036_20110722,0.0787993217900963,2011-07-22,"{""type"":""MultiPoint"",""coordinates"":[]}",2011-07-22 00:00:00+00:00,0.388,mid_low
1_1_1_1_LT05_014036_20110730,0.0932742073986435,2011-07-30,"{""type"":""MultiPoint"",""coordinates"":[]}",2011-07-30 00:00:00+00:00,1.24,high
1_1_1_2_LE07_014036_20110807,0.0969276616758552,2011-08-07,"{""type"":""MultiPoint"",""coordinates"":[]}",2011-08-07 00:00:00+00:00,0.252,mid_low
1_1_1_1_LT05_014036_20110815,0.0929572958370334,2011-08-15,"{""type"":""MultiPoint"",""coordinates"":[]}",2011-08-15 00:00:00+00:00,1.192,high
1_1_1_2_LE07_014036_20110823,0.0958326221979472,2011-08-23,"{""type"":""MultiPoint"",""coordinates"":[]}",2011-08-23 00:00:00+00:00,0.469,mid_low
1_1_1_1_LT05_014036_20110831,0.1300577930826749,2011-08-31,"{""type"":""MultiPoint"",""coordinates"":[]}",2011-08-31 00:00:00+00:00,0.989,mid_high
1_1_1_1_LT05_014036_20111018,0.1061184965064637,2011-10-18,"{""type"":""MultiPoint"",""coordinates"":[]}",2011-10-18 00:00:00+00:00,0.459,mid_low
1_1_1_2_LE07_014036_20111026,0.1318940551868721,2011-10-26,"{""type"":""MultiPoint"",""coordinates"":[]}",2011-10-26 00:00:00+00:00,1.146,high
1_1_1_2_LE07_014036_20111111,0.1557847037780449,2011-11-11,"{""type"":""MultiPoint"",""coordinates"":[]}",2011-11-11 00:00:00+00:00,1.094,high
1_1_1_2_LE07_014036_20111213,0.0942730747649796,2011-12-13,"{""type"":""MultiPoint"",""coordinates"":[]}",2011-12-13 00:00:00+00:00,0.716,mid_high
1_1_1_2_LE07_014036_20111229,0.1360018821183141,2011-12-29,"{""type"":""MultiPoint"",""coordinates"":[]}",2011-12-29 00:00:00+00:00,0.28,mid_low
1_1_1_2_LE07_014036_20120114,0.1387725668158015,2012-01-14,"{""type"":""MultiPoint"",""coordinates"":[]}",2012-01-14 00:00:00+00:00,0.221,mid_low
1_1_1_2_LE07_014036_20120130,0.1230806257252801,2012-01-30,"{""type"":""MultiPoint"",""coordinates"":[]}",2012-01-30 00:00:00+00:00,0.133,low
1_1_1_2_LE07_014036_20120215,0.1349048362848172,2012-02-15,"{""type"":""MultiPoint"",""coordinates"":[]}",2012-02-15 00:00:00+00:00,0.097,low
1_1_1_2_LE07_014036_20120403,0.1273804265337039,2012-04-03,"{""type"":""MultiPoint"",""coordinates"":[]}",2012-04-03 00:00:00+00:00,0.742,mid_high
1_1_1_2_LE07_014036_20120622,0.0806009628880597,2012-06-22,"{""type"":""MultiPoint"",""coordinates"":[]}",2012-06-22 00:00:00+00:00,0.977,mid_high
1_1_1_2_LE07_014036_20120724,0.092356821167713,2012-07-24,"{""type"":""MultiPoint"",""coordinates"":[]}",2012-07-24 00:00:00+00:00,0.572,mid_low
1_1_1_2_LE07_014036_20120910,0.1109770961975288,2012-09-10,"{""type"":""MultiPoint"",""coordinates"":[]}",2012-09-10 00:00:00+00:00,0.48,mid_low
1_1_1_2_LE07_014036_20120926,0.1147412957188935,2012-09-26,"{""type"":""MultiPoint"",""coordinates"":[]}",2012-09-26 00:00:00+00:00,0.642,mid_high
1_1_1_2_LE07_014036_20121012,0.1086322960324512,2012-10-12,"{""type"":""MultiPoint"",""coordinates"":[]}",2012-10-12 00:00:00+00:00,0.831,mid_high
1_1_1_2_LE07_014036_20121129,0.1132816566428743,2012-11-29,"{""type"":""MultiPoint"",""coordinates"":[]}",2012-11-29 00:00:00+00:00,0.888,mid_high
1_1_1_2_LE07_014036_20130201,0.1508422561681454,2013-02-01,"{""type"":""MultiPoint"",""coordinates"":[]}",2013-02-01 00:00:00+00:00,0.253,mid_low
1_1_1_2_LE07_014036_20130305,0.1229304477648325,2013-03-05,"{""type"":""MultiPoint"",""coordinates"":[]}",2013-03-05 00:00:00+00:00,0.065,low
1_1_1_2_LE07_014036_20130321,0.1177485332243251,2013-03-21,"{""type"":""MultiPoint"",""coordinates"":[]}",2013-03-21 00:00:00+00:00,0.367,mid_low
1_1_1_2_LE07_014036_20130406,0.1249560010545744,2013-04-06,"{""type"":""MultiPoint"",""coordinates"":[]}",2013-04-06 00:00:00+00:00,0.415,mid_low
1_1_1_2_LE07_014036_20130508,0.1185136467322023,2013-05-08,"{""type"":""MultiPoint"",""coordinates"":[]}",2013-05-08 00:00:00+00:00,1.225,high
1_1_2_LC08_014036_20130601,0.0727258971412415,2013-06-01,"{""type"":""MultiPoint"",""coordinates"":[]}",2013-06-01 00:00:00+00:00,0.074,low
1_1_2_LC08_014036_20130703,0.0730356942164731,2013-07-03,"{""type"":""MultiPoint"",""coordinates"":[]}",2013-07-03 00:00:00+00:00,0.423,mid_low
1_1_2_LC08_014036_20130719,0.084279817947457,2013-07-19,"{""type"":""MultiPoint"",""coordinates"":[]}",2013-07-19 00:00:00+00:00,0.639,mid_high
1_1_1_2_LE07_014036_20130812,0.0996961762644934,2013-08-12,"{""type"":""MultiPoint"",""coordinates"":[]}",2013-08-12 00:00:00+00:00,0.467,mid_low
1_1_2_LC08_014036_20131108,0.0984439489122985,2013-11-08,"{""type"":""MultiPoint"",""coordinates"":[]}",2013-11-08 00:00:00+00:00,0.378,mid_low
1_1_2_LC08_014036_20131124,0.0725015986011278,2013-11-24,"{""type"":""MultiPoint"",""coordinates"":[]}",2013-11-24 00:00:00+00:00,0.401,mid_low
1_1_1_2_LE07_014036_20131218,0.1409982908341409,2013-12-18,"{""type"":""MultiPoint"",""coordinates"":[]}",2013-12-18 00:00:00+00:00,0.795,mid_high
1_1_1_2_LE07_014036_20140308,0.142112305802611,2014-03-08,"{""type"":""MultiPoint"",""coordinates"":[]}",2014-03-08 00:00:00+00:00,0.228,mid_low
1_1_1_2_LE07_014036_20140324,0.1224452732342075,2014-03-24,"{""type"":""MultiPoint"",""coordinates"":[]}",2014-03-24 00:00:00+00:00,0.024,low
1_1_2_LC08_014036_20140401,0.1125325602696008,2014-04-01,"{""type"":""MultiPoint"",""coordinates"":[]}",2014-04-01 00:00:00+00:00,1.151,high
1_1_2_LC08_014036_20140503,0.0823405186700396,2014-05-03,"{""type"":""MultiPoint"",""coordinates"":[]}",2014-05-03 00:00:00+00:00,0.815,mid_high
1_1_2_LC08_014036_20140519,0.0613845728408114,2014-05-19,"{""type"":""MultiPoint"",""coordinates"":[]}",2014-05-19 00:00:00+00:00,0.431,mid_low
1_1_1_2_LE07_014036_20140527,0.0988363714190201,2014-05-27,"{""type"":""MultiPoint"",""coordinates"":[]}",2014-05-27 00:00:00+00:00,1.255,high
1_1_1_2_LE07_014036_20140714,0.0940272937530636,2014-07-14,"{""type"":""MultiPoint"",""coordinates"":[]}",2014-07-14 00:00:00+00:00,1.19,high
1_1_1_2_LE07_014036_20140730,0.0856407424464918,2014-07-30,"{""type"":""MultiPoint"",""coordinates"":[]}",2014-07-30 00:00:00+00:00,0.887,mid_high
1_1_1_2_LE07_014036_20140815,0.1096460995969558,2014-08-15,"{""type"":""MultiPoint"",""coordinates"":[]}",2014-08-15 00:00:00+00:00,0.581,mid_low
1_1_1_2_LE07_014036_20141002,0.0947406794953065,2014-10-02,"{""type"":""MultiPoint"",""coordinates"":[]}",2014-10-02 00:00:00+00:00,0.402,mid_low
1_1_2_LC08_014036_20141010,0.0935651850615782,2014-10-10,"{""type"":""MultiPoint"",""coordinates"":[]}",2014-10-10 00:00:00+00:00,1.076,high
1_1_1_2_LE07_014036_20141018,0.1170225953935295,2014-10-18,"{""type"":""MultiPoint"",""coordinates"":[]}",2014-10-18 00:00:00+00:00,0.578,mid_low
1_1_2_LC08_014036_20141026,0.0786225395613509,2014-10-26,"{""type"":""MultiPoint"",""coordinates"":[]}",2014-10-26 00:00:00+00:00,1.083,high
1_1_1_2_LE07_014036_20141103,0.115198611963888,2014-11-03,"{""type"":""MultiPoint"",""coordinates"":[]}",2014-11-03 00:00:00+00:00,0.806,mid_high
1_1_1_2_LE07_014036_20141119,0.1123639149744638,2014-11-19,"{""type"":""MultiPoint"",""coordinates"":[]}",2014-11-19 00:00:00+00:00,0.613,mid_high
1_1_2_LC08_014036_20141213,0.1053522993432326,2014-12-13,"{""type"":""MultiPoint"",""coordinates"":[]}",2014-12-13 00:00:00+00:00,0.216,mid_low
1_1_2_LC08_014036_20150215,0.118939573607312,2015-02-15,"{""type"":""MultiPoint"",""coordinates"":[]}",2015-02-15 00:00:00+00:00,0.605,mid_high
1_1_2_LC08_014036_20150607,-0.0807008007864072,2015-06-07,"{""type"":""MultiPoint"",""coordinates"":[]}",2015-06-07 00:00:00+00:00,0.585,mid_low
1_1_1_2_LE07_014036_20150615,0.1141471277075963,2015-06-15,"{""type"":""MultiPoint"",""coordinates"":[]}",2015-06-15 00:00:00+00:00,1.256,high
1_1_1_2_LE07_014036_20150717,0.0840953865323885,2015-07-17,"{""type"":""MultiPoint"",""coordinates"":[]}",2015-07-17 00:00:00+00:00,1.187,high
1_1_2_LC08_014036_20150725,0.0638876915986867,2015-07-25,"{""type"":""MultiPoint"",""coordinates"":[]}",2015-07-25 00:00:00+00:00,0.549,mid_low
1_1_1_2_LE07_014036_20150802,0.1035104394847455,2015-08-02,"{""type"":""MultiPoint"",""coordinates"":[]}",2015-08-02 00:00:00+00:00,1.168,high
1_1_2_LC08_014036_20150810,0.0895224238509529,2015-08-10,"{""type"":""MultiPoint"",""coordinates"":[]}",2015-08-10 00:00:00+00:00,0.909,mid_high
1_1_1_2_LE07_014036_20150903,0.0963099008646139,2015-09-03,"{""type"":""MultiPoint"",""coordinates"":[]}",2015-09-03 00:00:00+00:00,0.466,mid_low
1_1_2_LC08_014036_20151013,0.0941956180901935,2015-10-13,"{""type"":""MultiPoint"",""coordinates"":[]}",2015-10-13 00:00:00+00:00,1.245,high
1_1_1_2_LE07_014036_20151021,0.1079804359598054,2015-10-21,"{""type"":""MultiPoint"",""coordinates"":[]}",2015-10-21 00:00:00+00:00,0.263,mid_low
2_20151021T155022_20151021T155229_T18SUD,0.8632449159412934,2015-10-21,"{""type"":""MultiPoint"",""coordinates"":[]}",2015-10-21 00:00:00+00:00,0.263,mid_low
2_20151113T160052_20151113T160054_T18SUD,0.8147402444582097,2015-11-13,"{""type"":""MultiPoint"",""coordinates"":[]}",2015-11-13 00:00:00+00:00,1.107,high
1_1_2_LC08_014036_20151114,0.1058103708306285,2015-11-14,"{""type"":""MultiPoint"",""coordinates"":[]}",2015-11-14 00:00:00+00:00,0.917,mid_high
2_20151120T154542_20151120T155116_T18SUD,0.7897364187990248,2015-11-20,"{""type"":""MultiPoint"",""coordinates"":[]}",2015-11-20 00:00:00+00:00,0.347,mid_low
1_1_1_2_LE07_014036_20151208,0.1207291973554435,2015-12-08,"{""type"":""MultiPoint"",""coordinates"":[]}",2015-12-08 00:00:00+00:00,0.825,mid_high
2_20151220T154652_20151220T154649_T18SUD,0.8335914147510605,2015-12-20,"{""type"":""MultiPoint"",""coordinates"":[]}",2015-12-20 00:00:00+00:00,0.157,low
2_20160119T154552_20160119T154958_T18SUD,0.7924948103537596,2016-01-19,"{""type"":""MultiPoint"",""coordinates"":[]}",2016-01-19 00:00:00+00:00,0.235,mid_low
1_1_1_2_LE07_014036_20160210,0.164069817256759,2016-02-10,"{""type"":""MultiPoint"",""coordinates"":[]}",2016-02-10 00:00:00+00:00,1.226,high
2_20160218T154412_20160218T154724_T18SUD,0.7264498831467849,2016-02-18,"{""type"":""MultiPoint"",""coordinates"":[]}",2016-02-18 00:00:00+00:00,0.368,mid_low
1_1_2_LC08_014036_20160218,0.1245616533004014,2016-02-18,"{""type"":""MultiPoint"",""coordinates"":[]}",2016-02-18 00:00:00+00:00,0.368,mid_low
1_1_1_2_LE07_014036_20160226,0.1461041588847162,2016-02-26,"{""type"":""MultiPoint"",""coordinates"":[]}",2016-02-26 00:00:00+00:00,0.585,mid_low
2_20160302T155402_20160302T155615_T18SUD,0.7424486267298964,2016-03-02,"{""type"":""MultiPoint"",""coordinates"":[]}",2016-03-02 00:00:00+00:00,0.097,low
1_1_2_LC08_014036_20160305,0.1311087580837699,2016-03-05,"{""type"":""MultiPoint"",""coordinates"":[]}",2016-03-05 00:00:00+00:00,0.463,mid_low
1_1_1_2_LE07_014036_20160329,0.1229166525313067,2016-03-29,"{""type"":""MultiPoint"",""coordinates"":[]}",2016-03-29 00:00:00+00:00,0.402,mid_low
1_1_1_2_LE07_014036_20160414,0.1263062904192178,2016-04-14,"{""type"":""MultiPoint"",""coordinates"":[]}",2016-04-14 00:00:00+00:00,0.128,low
2_20160418T153932_20160418T155333_T18SUD,0.7387348139337463,2016-04-18,"{""type"":""MultiPoint"",""coordinates"":[]}",2016-04-18 00:00:00+00:00,0.905,mid_high
1_1_2_LC08_014036_20160524,0.0812874533916769,2016-05-24,"{""type"":""MultiPoint"",""coordinates"":[]}",2016-05-24 00:00:00+00:00,0.987,mid_high
1_1_2_LC08_014036_20160609,0.0662150014533041,2016-06-09,"{""type"":""MultiPoint"",""coordinates"":[]}",2016-06-09 00:00:00+00:00,0.723,mid_high
2_20160610T155412_20160610T155409_T18SUD,0.1560298867200273,2016-06-10,"{""type"":""MultiPoint"",""coordinates"":[]}",2016-06-10 00:00:00+00:00,0.538,mid_low
2_20160720T154912_20160720T155244_T18SUD,0.1856043943809573,2016-07-20,"{""type"":""MultiPoint"",""coordinates"":[]}",2016-07-20 00:00:00+00:00,1.138,high
1_1_2_LC08_014036_20160727,0.0736677849528961,2016-07-27,"{""type"":""MultiPoint"",""coordinates"":[]}",2016-07-27 00:00:00+00:00,0.116,low
1_1_1_2_LE07_014036_20160804,0.0430711872071138,2016-08-04,"{""type"":""MultiPoint"",""coordinates"":[]}",2016-08-04 00:00:00+00:00,1.182,high
1_1_2_LC08_014036_20160812,0.0828780027141704,2016-08-12,"{""type"":""MultiPoint"",""coordinates"":[]}",2016-08-12 00:00:00+00:00,0.295,mid_low
1_1_1_2_LE07_014036_20161023,0.1004848918287022,2016-10-23,"{""type"":""MultiPoint"",""coordinates"":[]}",2016-10-23 00:00:00+00:00,0.507,mid_low
2_20161107T160132_20161107T160127_T18SUD,0.5961692939788704,2016-11-07,"{""type"":""MultiPoint"",""coordinates"":[]}",2016-11-07 00:00:00+00:00,0.329,mid_low
1_1_1_2_LE07_014036_20161108,0.1180646094338277,2016-11-08,"{""type"":""MultiPoint"",""coordinates"":[]}",2016-11-08 00:00:00+00:00,0.404,mid_low
1_1_2_LC08_014036_20161116,0.1011239911876748,2016-11-16,"{""type"":""MultiPoint"",""coordinates"":[]}",2016-11-16 00:00:00+00:00,1.123,high
2_20161127T155612_20161127T155610_T18SUD,0.6947635145263379,2016-11-27,"{""type"":""MultiPoint"",""coordinates"":[]}",2016-11-27 00:00:00+00:00,0.966,mid_high
1_1_2_LC08_014036_20161202,0.118474408971678,2016-12-02,"{""type"":""MultiPoint"",""coordinates"":[]}",2016-12-02 00:00:00+00:00,0.697,mid_high
1_1_1_2_LE07_014036_20161210,0.110179180275403,2016-12-10,"{""type"":""MultiPoint"",""coordinates"":[]}",2016-12-10 00:00:00+00:00,0.418,mid_low
1_1_2_LC08_014036_20170119,0.0325416681734273,2017-01-19,"{""type"":""MultiPoint"",""coordinates"":[]}",2017-01-19 00:00:00+00:00,-0.003,low
1_1_1_2_LE07_014036_20170127,0.1192711526340228,2017-01-27,"{""type"":""MultiPoint"",""coordinates"":[]}",2017-01-27 00:00:00+00:00,0.935,mid_high
1_1_2_LC08_014036_20170204,0.0971494828453417,2017-02-04,"{""type"":""MultiPoint"",""coordinates"":[]}",2017-02-04 00:00:00+00:00,0.081,low
2_20170212T154411_20170212T154806_T18SUD,0.6948283529284823,2017-02-12,"{""type"":""MultiPoint"",""coordinates"":[]}",2017-02-12 00:00:00+00:00,0.8,mid_high
1_1_1_2_LE07_014036_20170212,0.1175660124594292,2017-02-12,"{""type"":""MultiPoint"",""coordinates"":[]}",2017-02-12 00:00:00+00:00,0.8,mid_high
1_1_2_LC08_014036_20170220,0.0904601250122695,2017-02-20,"{""type"":""MultiPoint"",""coordinates"":[]}",2017-02-20 00:00:00+00:00,0.17,low
2_20170225T155221_20170225T155545_T18SUD,0.6206085376022947,2017-02-25,"{""type"":""MultiPoint"",""coordinates"":[]}",2017-02-25 00:00:00+00:00,1.034,high
2_20170304T154121_20170304T155136_T18SUD,0.6871213958491168,2017-03-04,"{""type"":""MultiPoint"",""coordinates"":[]}",2017-03-04 00:00:00+00:00,-0.143,low
2_20170317T154951_20170317T160212_T18SUD,0.6747967348969631,2017-03-17,"{""type"":""MultiPoint"",""coordinates"":[]}",2017-03-17 00:00:00+00:00,0.328,mid_low
1_1_2_LC08_014036_20170324,0.0829409603450079,2017-03-24,"{""type"":""MultiPoint"",""coordinates"":[]}",2017-03-24 00:00:00+00:00,0.576,mid_low
1_1_1_2_LE07_014036_20170401,0.1124467222081718,2017-04-01,"{""type"":""MultiPoint"",""coordinates"":[]}",2017-04-01 00:00:00+00:00,0.535,mid_low
1_1_2_LC08_014036_20170409,0.0872659087924538,2017-04-09,"{""type"":""MultiPoint"",""coordinates"":[]}",2017-04-09 00:00:00+00:00,1.187,high
1_1_1_2_LE07_014036_20170417,0.0782952563080025,2017-04-17,"{""type"":""MultiPoint"",""coordinates"":[]}",2017-04-17 00:00:00+00:00,0.396,mid_low
1_1_1_2_LE07_014036_20170503,0.0752692884266697,2017-05-03,"{""type"":""MultiPoint"",""coordinates"":[]}",2017-05-03 00:00:00+00:00,0.195,low
2_20170503T153911_20170503T154436_T18SUD,0.609265221278874,2017-05-03,"{""type"":""MultiPoint"",""coordinates"":[]}",2017-05-03 00:00:00+00:00,0.195,low
2_20170516T154911_20170516T160105_T18SUD,0.1098662470720885,2017-05-16,"{""type"":""MultiPoint"",""coordinates"":[]}",2017-05-16 00:00:00+00:00,0.644,mid_high
1_1_2_LC08_014036_20170527,0.0579094321386995,2017-05-27,"{""type"":""MultiPoint"",""coordinates"":[]}",2017-05-27 00:00:00+00:00,1.335,high
1_1_1_2_LE07_014036_20170604,0.0615278373663169,2017-06-04,"{""type"":""MultiPoint"",""coordinates"":[]}",2017-06-04 00:00:00+00:00,0.732,mid_high
1_1_2_LC08_014036_20170628,0.0341884801520702,2017-06-28,"{""type"":""MultiPoint"",""coordinates"":[]}",2017-06-28 00:00:00+00:00,0.604,mid_high
1_1_1_2_LE07_014036_20170706,0.0515686037946338,2017-07-06,"{""type"":""MultiPoint"",""coordinates"":[]}",2017-07-06 00:00:00+00:00,0.96,mid_high
1_1_2_LC08_014036_20170714,0.0411733779650687,2017-07-14,"{""type"":""MultiPoint"",""coordinates"":[]}",2017-07-14 00:00:00+00:00,0.439,mid_low
2_20170715T154911_20170715T155915_T18SUD,0.1401058237132197,2017-07-15,"{""type"":""MultiPoint"",""coordinates"":[]}",2017-07-15 00:00:00+00:00,0.295,mid_low
1_1_1_2_LE07_014036_20170722,0.0579259235364356,2017-07-22,"{""type"":""MultiPoint"",""coordinates"":[]}",2017-07-22 00:00:00+00:00,1.33,high
2_20170722T153911_20170722T154309_T18SUD,0.4506969203140966,2017-07-22,"{""type"":""MultiPoint"",""coordinates"":[]}",2017-07-22 00:00:00+00:00,1.33,high
1_1_2_LC08_014036_20170815,0.0558849397795655,2017-08-15,"{""type"":""MultiPoint"",""coordinates"":[]}",2017-08-15 00:00:00+00:00,0.221,mid_low
2_20170819T154859_20170819T160034_T18SUD,0.2412532554626694,2017-08-19,"{""type"":""MultiPoint"",""coordinates"":[]}",2017-08-19 00:00:00+00:00,1.075,high
2_20170831T153911_20170831T154527_T18SUD,0.3121439540740383,2017-08-31,"{""type"":""MultiPoint"",""coordinates"":[]}",2017-08-31 00:00:00+00:00,0.77,mid_high
2_20170913T154901_20170913T155123_T18SUD,0.5066581620700443,2017-09-13,"{""type"":""MultiPoint"",""coordinates"":[]}",2017-09-13 00:00:00+00:00,0.379,mid_low
1_1_2_LC08_014036_20170916,0.0691464878240647,2017-09-16,"{""type"":""MultiPoint"",""coordinates"":[]}",2017-09-16 00:00:00+00:00,0.752,mid_high
2_20170920T153931_20170920T154710_T18SUD,0.6132113513634808,2017-09-20,"{""type"":""MultiPoint"",""coordinates"":[]}",2017-09-20 00:00:00+00:00,1.591,high
2_20170928T155019_20170928T155933_T18SUD,0.6386604471659294,2017-09-28,"{""type"":""MultiPoint"",""coordinates"":[]}",2017-09-28 00:00:00+00:00,0.8,mid_high
1_1_2_LC08_014036_20171002,0.0638248494675164,2017-10-02,"{""type"":""MultiPoint"",""coordinates"":[]}",2017-10-02 00:00:00+00:00,1.025,high
2_20171003T155051_20171003T155835_T18SUD,0.3573796106441625,2017-10-03,"{""type"":""MultiPoint"",""coordinates"":[]}",2017-10-03 00:00:00+00:00,1.134,high
1_1_2_LC08_014036_20171018,0.0709413708560076,2017-10-18,"{""type"":""MultiPoint"",""coordinates"":[]}",2017-10-18 00:00:00+00:00,1.376,high
2_20171018T155239_20171018T160239_T18SUD,0.4747103486789205,2017-10-18,"{""type"":""MultiPoint"",""coordinates"":[]}",2017-10-18 00:00:00+00:00,1.376,high
1_1_1_2_LE07_014036_20171026,0.0816246332813349,2017-10-26,"{""type"":""MultiPoint"",""coordinates"":[]}",2017-10-26 00:00:00+00:00,0.43,mid_low
2_20171030T154351_20171030T155331_T18SUD,0.5800362389274633,2017-10-30,"{""type"":""MultiPoint"",""coordinates"":[]}",2017-10-30 00:00:00+00:00,0.668,mid_high
1_1_2_LC08_014036_20171103,0.0768357387092575,2017-11-03,"{""type"":""MultiPoint"",""coordinates"":[]}",2017-11-03 00:00:00+00:00,1.067,high
2_20171117T155519_20171117T155731_T18SUD,0.5706297649066933,2017-11-17,"{""type"":""MultiPoint"",""coordinates"":[]}",2017-11-17 00:00:00+00:00,1.192,high
2_20171127T155559_20171127T155559_T18SUD,0.649371892307098,2017-11-27,"{""type"":""MultiPoint"",""coordinates"":[]}",2017-11-27 00:00:00+00:00,0.302,mid_low
1_1_1_2_LE07_014036_20171127,0.0647075434294897,2017-11-27,"{""type"":""MultiPoint"",""coordinates"":[]}",2017-11-27 00:00:00+00:00,0.302,mid_low
1_1_1_2_LE07_014036_20171213,0.0724393846012844,2017-12-13,"{""type"":""MultiPoint"",""coordinates"":[]}",2017-12-13 00:00:00+00:00,0.423,mid_low
2_20171214T154639_20171214T155143_T18SUD,0.5987577038340645,2017-12-14,"{""type"":""MultiPoint"",""coordinates"":[]}",2017-12-14 00:00:00+00:00,0.666,mid_high
2_20180106T155629_20180106T155630_T18SUD,0.6679011172929519,2018-01-06,"{""type"":""MultiPoint"",""coordinates"":[]}",2018-01-06 00:00:00+00:00,0.304,mid_low
1_1_2_LC08_014036_20180106,0.0715156046573103,2018-01-06,"{""type"":""MultiPoint"",""coordinates"":[]}",2018-01-06 00:00:00+00:00,0.304,mid_low
2_20180113T154609_20180113T154608_T18SUD,0.2122733414305791,2018-01-13,"{""type"":""MultiPoint"",""coordinates"":[]}",2018-01-13 00:00:00+00:00,0.573,mid_low
2_20180118T154551_20180118T154552_T18SUD,0.7842358975143344,2018-01-18,"{""type"":""MultiPoint"",""coordinates"":[]}",2018-01-18 00:00:00+00:00,0.847,mid_high
2_20180131T155501_20180131T160135_T18SUD,0.6079008415255913,2018-01-31,"{""type"":""MultiPoint"",""coordinates"":[]}",2018-01-31 00:00:00+00:00,1.043,high
2_20180205T155429_20180205T155429_T18SUD,0.6274824010309444,2018-02-05,"{""type"":""MultiPoint"",""coordinates"":[]}",2018-02-05 00:00:00+00:00,0.212,mid_low
2_20180207T154421_20180207T154417_T18SUD,0.5379854514242295,2018-02-07,"{""type"":""MultiPoint"",""coordinates"":[]}",2018-02-07 00:00:00+00:00,-0.02,low
1_1_2_LC08_014036_20180207,0.069717374692734,2018-02-07,"{""type"":""MultiPoint"",""coordinates"":[]}",2018-02-07 00:00:00+00:00,-0.02,low
2_20180215T155329_20180215T155323_T18SUD,0.5051539760360972,2018-02-15,"{""type"":""MultiPoint"",""coordinates"":[]}",2018-02-15 00:00:00+00:00,0.85,mid_high
2_20180222T154239_20180222T154527_T18SUD,0.521347935447235,2018-02-22,"{""type"":""MultiPoint"",""coordinates"":[]}",2018-02-22 00:00:00+00:00,0.084,low
2_20180227T154211_20180227T154436_T18SUD,0.5537166974257259,2018-02-27,"{""type"":""MultiPoint"",""coordinates"":[]}",2018-02-27 00:00:00+00:00,0.657,mid_high
2_20180302T155151_20180302T155903_T18SUD,0.4333781667115002,2018-03-02,"{""type"":""MultiPoint"",""coordinates"":[]}",2018-03-02 00:00:00+00:00,1.278,high
1_1_1_2_LE07_014036_20180303,0.1170514949897005,2018-03-03,"{""type"":""MultiPoint"",""coordinates"":[]}",2018-03-03 00:00:00+00:00,0.85,mid_high
2_20180309T154051_20180309T155116_T18SUD,0.6197293633489048,2018-03-09,"{""type"":""MultiPoint"",""coordinates"":[]}",2018-03-09 00:00:00+00:00,0.447,mid_low
2_20180322T154921_20180322T155535_T18SUD,0.3982088642809777,2018-03-22,"{""type"":""MultiPoint"",""coordinates"":[]}",2018-03-22 00:00:00+00:00,0.618,mid_high
2_20180403T153859_20180403T154644_T18SUD,0.5308641625915944,2018-04-03,"{""type"":""MultiPoint"",""coordinates"":[]}",2018-04-03 00:00:00+00:00,0.804,mid_high
2_20180411T155011_20180411T155628_T18SUD,0.2732271745417503,2018-04-11,"{""type"":""MultiPoint"",""coordinates"":[]}",2018-04-11 00:00:00+00:00,0.623,mid_high
1_1_2_LC08_014036_20180412,0.0578127889339141,2018-04-12,"{""type"":""MultiPoint"",""coordinates"":[]}",2018-04-12 00:00:00+00:00,0.649,mid_high
2_20180413T153909_20180413T155322_T18SUD,0.4302766064623737,2018-04-13,"{""type"":""MultiPoint"",""coordinates"":[]}",2018-04-13 00:00:00+00:00,0.69,mid_high
2_20180416T154909_20180416T155453_T18SUD,0.313519046228926,2018-04-16,"{""type"":""MultiPoint"",""coordinates"":[]}",2018-04-16 00:00:00+00:00,1.111,high
1_1_1_2_LE07_014036_20180420,0.0794026620469004,2018-04-20,"{""type"":""MultiPoint"",""coordinates"":[]}",2018-04-20 00:00:00+00:00,0.422,mid_low
2_20180421T154911_20180421T155456_T18SUD,0.2421992739807656,2018-04-21,"{""type"":""MultiPoint"",""coordinates"":[]}",2018-04-21 00:00:00+00:00,0.351,mid_low
1_1_2_LC08_014036_20180428,0.0622729733602043,2018-04-28,"{""type"":""MultiPoint"",""coordinates"":[]}",2018-04-28 00:00:00+00:00,1.154,high
2_20180428T153911_20180428T154834_T18SUD,0.5320747414116985,2018-04-28,"{""type"":""MultiPoint"",""coordinates"":[]}",2018-04-28 00:00:00+00:00,1.154,high
2_20180501T154911_20180501T160329_T18SUD,0.1873487645798791,2018-05-01,"{""type"":""MultiPoint"",""coordinates"":[]}",2018-05-01 00:00:00+00:00,1.059,high
2_20180503T153909_20180503T155033_T18SUD,0.4117755407802825,2018-05-03,"{""type"":""MultiPoint"",""coordinates"":[]}",2018-05-03 00:00:00+00:00,0.659,mid_high
2_20180511T154911_20180511T155457_T18SUD,0.1213105085062686,2018-05-11,"{""type"":""MultiPoint"",""coordinates"":[]}",2018-05-11 00:00:00+00:00,0.586,mid_low
2_20180513T153809_20180513T155049_T18SUD,0.4680683939321247,2018-05-13,"{""type"":""MultiPoint"",""coordinates"":[]}",2018-05-13 00:00:00+00:00,0.991,mid_high
1_1_2_LC08_014036_20180514,0.0354945104619789,2018-05-14,"{""type"":""MultiPoint"",""coordinates"":[]}",2018-05-14 00:00:00+00:00,1.19,high
2_20180523T153819_20180523T154030_T18SUD,0.3834585393812726,2018-05-23,"{""type"":""MultiPoint"",""coordinates"":[]}",2018-05-23 00:00:00+00:00,0.156,low
2_20180620T155011_20180620T160326_T18SUD,0.0070806554671286,2018-06-20,"{""type"":""MultiPoint"",""coordinates"":[]}",2018-06-20 00:00:00+00:00,0.128,low
2_20180622T153809_20180622T154500_T18SUD,0.411476801530043,2018-06-22,"{""type"":""MultiPoint"",""coordinates"":[]}",2018-06-22 00:00:00+00:00,0.366,mid_low
1_1_1_2_LE07_014036_20180623,0.0402686279438348,2018-06-23,"{""type"":""MultiPoint"",""coordinates"":[]}",2018-06-23 00:00:00+00:00,0.635,mid_high
2_20180702T153809_20180702T154544_T18SUD,0.4878816811391577,2018-07-02,"{""type"":""MultiPoint"",""coordinates"":[]}",2018-07-02 00:00:00+00:00,0.702,mid_high
2_20180710T154911_20180710T160035_T18SUD,0.1314228644031513,2018-07-10,"{""type"":""MultiPoint"",""coordinates"":[]}",2018-07-10 00:00:00+00:00,1.004,high
2_20180801T154109_20180801T154239_T18SUD,0.4078172004083159,2018-08-01,"{""type"":""MultiPoint"",""coordinates"":[]}",2018-08-01 00:00:00+00:00,0.743,mid_high
2_20180806T153911_20180806T154402_T18SUD,0.4954654721209576,2018-08-06,"{""type"":""MultiPoint"",""coordinates"":[]}",2018-08-06 00:00:00+00:00,0.283,mid_low
2_20180809T154901_20180809T160022_T18SUD,0.1470111011621579,2018-08-09,"{""type"":""MultiPoint"",""coordinates"":[]}",2018-08-09 00:00:00+00:00,0.95,mid_high
1_1_1_2_LE07_014036_20180810,0.0513534493127307,2018-08-10,"{""type"":""MultiPoint"",""coordinates"":[]}",2018-08-10 00:00:00+00:00,1.245,high
1_1_2_LC08_014036_20180818,0.0152534101043339,2018-08-18,"{""type"":""MultiPoint"",""coordinates"":[]}",2018-08-18 00:00:00+00:00,0.221,mid_low
1_1_1_2_LE07_014036_20180826,0.043088632734599,2018-08-26,"{""type"":""MultiPoint"",""coordinates"":[]}",2018-08-26 00:00:00+00:00,1.252,high
2_20180826T153901_20180826T154349_T18SUD,0.4990246489475543,2018-08-26,"{""type"":""MultiPoint"",""coordinates"":[]}",2018-08-26 00:00:00+00:00,1.252,high
2_20180829T154901_20180829T160018_T18SUD,0.2518748833248167,2018-08-29,"{""type"":""MultiPoint"",""coordinates"":[]}",2018-08-29 00:00:00+00:00,0.799,mid_high
2_20180831T153759_20180831T154333_T18SUD,0.5445828510031016,2018-08-31,"{""type"":""MultiPoint"",""coordinates"":[]}",2018-08-31 00:00:00+00:00,0.507,mid_low
2_20180905T153901_20180905T154359_T18SUD,0.4926665596886662,2018-09-05,"{""type"":""MultiPoint"",""coordinates"":[]}",2018-09-05 00:00:00+00:00,0.571,mid_low
1_1_2_LC08_014036_20180919,0.1102949112172197,2018-09-19,"{""type"":""MultiPoint"",""coordinates"":[]}",2018-09-19 00:00:00+00:00,0.622,mid_high
2_20180920T153919_20180920T154231_T18SUD,0.4729530689807197,2018-09-20,"{""type"":""MultiPoint"",""coordinates"":[]}",2018-09-20 00:00:00+00:00,0.796,mid_high
2_20180923T154949_20180923T155223_T18SUD,0.6691398247994227,2018-09-23,"{""type"":""MultiPoint"",""coordinates"":[]}",2018-09-23 00:00:00+00:00,1.27,high
1_1_1_2_LE07_014036_20180927,0.2237088703640257,2018-09-27,"{""type"":""MultiPoint"",""coordinates"":[]}",2018-09-27 00:00:00+00:00,1.216,high
2_20181003T155049_20181003T160008_T18SUD,0.8338954852546511,2018-10-03,"{""type"":""MultiPoint"",""coordinates"":[]}",2018-10-03 00:00:00+00:00,0.412,mid_low
2_20181005T154111_20181005T154439_T18SUD,0.7254568958084541,2018-10-05,"{""type"":""MultiPoint"",""coordinates"":[]}",2018-10-05 00:00:00+00:00,0.791,mid_high
1_1_2_LC08_014036_20181005,0.1127718586290827,2018-10-05,"{""type"":""MultiPoint"",""coordinates"":[]}",2018-10-05 00:00:00+00:00,0.791,mid_high
1_1_1_2_LE07_014036_20181013,0.1359184579892899,2018-10-13,"{""type"":""MultiPoint"",""coordinates"":[]}",2018-10-13 00:00:00+00:00,0.73,mid_high
2_20181013T155209_20181013T155317_T18SUD,0.7827198717943359,2018-10-13,"{""type"":""MultiPoint"",""coordinates"":[]}",2018-10-13 00:00:00+00:00,0.73,mid_high
1_1_2_LC08_014036_20181021,0.0785036734849383,2018-10-21,"{""type"":""MultiPoint"",""coordinates"":[]}",2018-10-21 00:00:00+00:00,0.913,mid_high
2_20181028T155341_20181028T155854_T18SUD,0.8141654283388644,2018-10-28,"{""type"":""MultiPoint"",""coordinates"":[]}",2018-10-28 00:00:00+00:00,0.652,mid_high
1_1_1_2_LE07_014036_20181029,0.1530814843289407,2018-10-29,"{""type"":""MultiPoint"",""coordinates"":[]}",2018-10-29 00:00:00+00:00,0.577,mid_low
2_20181030T154359_20181030T154852_T18SUD,0.9673180818665288,2018-10-30,"{""type"":""MultiPoint"",""coordinates"":[]}",2018-10-30 00:00:00+00:00,0.291,mid_low
2_20181104T154421_20181104T155050_T18SUD,0.2491099521890451,2018-11-04,"{""type"":""MultiPoint"",""coordinates"":[]}",2018-11-04 00:00:00+00:00,0.688,mid_high
2_20181117T155531_20181117T160112_T18SUD,0.7534624016714317,2018-11-17,"{""type"":""MultiPoint"",""coordinates"":[]}",2018-11-17 00:00:00+00:00,0.432,mid_low
2_20181122T155549_20181122T160245_T18SUD,0.644564177261205,2018-11-22,"{""type"":""MultiPoint"",""coordinates"":[]}",2018-11-22 00:00:00+00:00,1.187,high
1_1_2_LC08_014036_20181122,0.1170003463531711,2018-11-22,"{""type"":""MultiPoint"",""coordinates"":[]}",2018-11-22 00:00:00+00:00,1.187,high
2_20181129T154609_20181129T154717_T18SUD,0.9345251158659952,2018-11-29,"{""type"":""MultiPoint"",""coordinates"":[]}",2018-11-29 00:00:00+00:00,0.218,mid_low
1_1_1_2_LE07_014036_20181216,0.1428425214342269,2018-12-16,"{""type"":""MultiPoint"",""coordinates"":[]}",2018-12-16 00:00:00+00:00,0.401,mid_low
2_20181222T155649_20181222T155650_T18SUD,0.6708035129348958,2018-12-22,"{""type"":""MultiPoint"",""coordinates"":[]}",2018-12-22 00:00:00+00:00,1.325,high
2_20181224T154641_20181224T155116_T18SUD,0.7957302949186797,2018-12-24,"{""type"":""MultiPoint"",""coordinates"":[]}",2018-12-24 00:00:00+00:00,0.96,mid_high
1_1_2_LC08_014036_20181224,0.1261751289326401,2018-12-24,"{""type"":""MultiPoint"",""coordinates"":[]}",2018-12-24 00:00:00+00:00,0.96,mid_high
2_20190106T155631_20190106T155840_T18SUD,0.7484687648313944,2019-01-06,"{""type"":""MultiPoint"",""coordinates"":[]}",2019-01-06 00:00:00+00:00,0.897,mid_high
1_1_2_LC08_014036_20190109,0.1213530399043239,2019-01-09,"{""type"":""MultiPoint"",""coordinates"":[]}",2019-01-09 00:00:00+00:00,0.681,mid_high
2_20190111T155629_20190111T155951_T18SUD,0.7817495850300024,2019-01-11,"{""type"":""MultiPoint"",""coordinates"":[]}",2019-01-11 00:00:00+00:00,0.503,mid_low
1_1_2_LC08_014036_20190125,0.1477178647594641,2019-01-25,"{""type"":""MultiPoint"",""coordinates"":[]}",2019-01-25 00:00:00+00:00,0.354,mid_low
2_20190126T155531_20190126T160114_T18SUD,0.8179063112453484,2019-01-26,"{""type"":""MultiPoint"",""coordinates"":[]}",2019-01-26 00:00:00+00:00,0.122,low
2_20190131T155509_20190131T155737_T18SUD,0.6001572431715632,2019-01-31,"{""type"":""MultiPoint"",""coordinates"":[]}",2019-01-31 00:00:00+00:00,0.551,mid_low
1_1_1_2_LE07_014036_20190202,0.10480040062228,2019-02-02,"{""type"":""MultiPoint"",""coordinates"":[]}",2019-02-02 00:00:00+00:00,0.72,mid_high
2_20190202T154451_20190202T155200_T18SUD,0.6744406175704492,2019-02-02,"{""type"":""MultiPoint"",""coordinates"":[]}",2019-02-02 00:00:00+00:00,0.72,mid_high
2_20190205T155431_20190205T155944_T18SUD,0.7576806575134752,2019-02-05,"{""type"":""MultiPoint"",""coordinates"":[]}",2019-02-05 00:00:00+00:00,1.021,high
2_20190207T154419_20190207T154956_T18SUD,0.7594045279935518,2019-02-07,"{""type"":""MultiPoint"",""coordinates"":[]}",2019-02-07 00:00:00+00:00,0.789,mid_high
1_1_2_LC08_014036_20190210,0.1087650542286504,2019-02-10,"{""type"":""MultiPoint"",""coordinates"":[]}",2019-02-10 00:00:00+00:00,0.428,mid_low
2_20190225T155221_20190225T155738_T18SUD,0.5581067819141551,2019-02-25,"{""type"":""MultiPoint"",""coordinates"":[]}",2019-02-25 00:00:00+00:00,0.152,low
1_1_1_2_LE07_014036_20190306,0.0947989725242834,2019-03-06,"{""type"":""MultiPoint"",""coordinates"":[]}",2019-03-06 00:00:00+00:00,1.168,high
2_20190307T155111_20190307T155625_T18SUD,0.2186191961923199,2019-03-07,"{""type"":""MultiPoint"",""coordinates"":[]}",2019-03-07 00:00:00+00:00,1.093,high
1_1_2_LC08_014036_20190314,0.0713225715722061,2019-03-14,"{""type"":""MultiPoint"",""coordinates"":[]}",2019-03-14 00:00:00+00:00,0.251,mid_low
2_20190322T154919_20190322T155800_T18SUD,0.5358142381546716,2019-03-22,"{""type"":""MultiPoint"",""coordinates"":[]}",2019-03-22 00:00:00+00:00,1.227,high
1_1_1_2_LE07_014036_20190322,0.1123100651910224,2019-03-22,"{""type"":""MultiPoint"",""coordinates"":[]}",2019-03-22 00:00:00+00:00,1.227,high
2_20190329T154019_20190329T155021_T18SUD,0.6244014912043466,2019-03-29,"{""type"":""MultiPoint"",""coordinates"":[]}",2019-03-29 00:00:00+00:00,0.36,mid_low
2_20190403T153911_20190403T154551_T18SUD,0.6194117122475944,2019-04-03,"{""type"":""MultiPoint"",""coordinates"":[]}",2019-04-03 00:00:00+00:00,1.163,high
1_1_1_2_LE07_014036_20190407,0.0941766794817218,2019-04-07,"{""type"":""MultiPoint"",""coordinates"":[]}",2019-04-07 00:00:00+00:00,1.048,high
2_20190411T154819_20190411T160139_T18SUD,0.4000542769060943,2019-04-11,"{""type"":""MultiPoint"",""coordinates"":[]}",2019-04-11 00:00:00+00:00,0.656,mid_high
1_1_2_LC08_014036_20190415,0.0632952496535726,2019-04-15,"{""type"":""MultiPoint"",""coordinates"":[]}",2019-04-15 00:00:00+00:00,0.402,mid_low
2_20190416T154911_20190416T160007_T18SUD,0.3259970035336679,2019-04-16,"{""type"":""MultiPoint"",""coordinates"":[]}",2019-04-16 00:00:00+00:00,0.562,mid_low
2_20190423T153911_20190423T154405_T18SUD,0.661617230637715,2019-04-23,"{""type"":""MultiPoint"",""coordinates"":[]}",2019-04-23 00:00:00+00:00,0.68,mid_high
1_1_1_2_LE07_014036_20190423,0.0868509654621299,2019-04-23,"{""type"":""MultiPoint"",""coordinates"":[]}",2019-04-23 00:00:00+00:00,0.68,mid_high
2_20190501T154819_20190501T160328_T18SUD,0.23612421802318,2019-05-01,"{""type"":""MultiPoint"",""coordinates"":[]}",2019-05-01 00:00:00+00:00,0.774,mid_high
1_1_2_LC08_014036_20190501,0.0625397130863271,2019-05-01,"{""type"":""MultiPoint"",""coordinates"":[]}",2019-05-01 00:00:00+00:00,0.774,mid_high
1_1_1_2_LE07_014036_20190509,0.0917662031093632,2019-05-09,"{""type"":""MultiPoint"",""coordinates"":[]}",2019-05-09 00:00:00+00:00,0.668,mid_high
2_20190513T153911_20190513T154941_T18SUD,0.4496535072601954,2019-05-13,"{""type"":""MultiPoint"",""coordinates"":[]}",2019-05-13 00:00:00+00:00,0.308,mid_low
2_20190521T154819_20190521T160104_T18SUD,0.0793757519487532,2019-05-21,"{""type"":""MultiPoint"",""coordinates"":[]}",2019-05-21 00:00:00+00:00,0.992,mid_high
1_1_1_2_LE07_014036_20190525,0.0400821587540703,2019-05-25,"{""type"":""MultiPoint"",""coordinates"":[]}",2019-05-25 00:00:00+00:00,0.328,mid_low
2_20190528T153819_20190528T154246_T18SUD,0.5288823615208345,2019-05-28,"{""type"":""MultiPoint"",""coordinates"":[]}",2019-05-28 00:00:00+00:00,0.468,mid_low
2_20190617T153819_20190617T154310_T18SUD,0.5043723058873816,2019-06-17,"{""type"":""MultiPoint"",""coordinates"":[]}",2019-06-17 00:00:00+00:00,1.343,high
1_1_2_LC08_014036_20190618,0.0332812461032043,2019-06-18,"{""type"":""MultiPoint"",""coordinates"":[]}",2019-06-18 00:00:00+00:00,1.22,high
2_20190625T154911_20190625T155629_T18SUD,0.1023650273331442,2019-06-25,"{""type"":""MultiPoint"",""coordinates"":[]}",2019-06-25 00:00:00+00:00,0.502,mid_low
2_20190630T154819_20190630T155839_T18SUD,0.0851249377468934,2019-06-30,"{""type"":""MultiPoint"",""coordinates"":[]}",2019-06-30 00:00:00+00:00,1.05,high
1_1_2_LC08_014036_20190704,0.04489131706729,2019-07-04,"{""type"":""MultiPoint"",""coordinates"":[]}",2019-07-04 00:00:00+00:00,1.399,high
2_20190707T153819_20190707T155245_T18SUD,0.539761531555394,2019-07-07,"{""type"":""MultiPoint"",""coordinates"":[]}",2019-07-07 00:00:00+00:00,0.661,mid_high
2_20190717T153819_20190717T154521_T18SUD,0.5115048965382062,2019-07-17,"{""type"":""MultiPoint"",""coordinates"":[]}",2019-07-17 00:00:00+00:00,1.302,high
2_20190720T154819_20190720T155318_T18SUD,0.164690483159511,2019-07-20,"{""type"":""MultiPoint"",""coordinates"":[]}",2019-07-20 00:00:00+00:00,0.837,mid_high
1_1_2_LC08_014036_20190720,0.0564632729293577,2019-07-20,"{""type"":""MultiPoint"",""coordinates"":[]}",2019-07-20 00:00:00+00:00,0.837,mid_high
1_1_1_2_LE07_014036_20190728,0.0681684410459845,2019-07-28,"{""type"":""MultiPoint"",""coordinates"":[]}",2019-07-28 00:00:00+00:00,0.726,mid_high
2_20190730T154819_20190730T160321_T18SUD,0.3036274781942591,2019-07-30,"{""type"":""MultiPoint"",""coordinates"":[]}",2019-07-30 00:00:00+00:00,1.144,high
2_20190804T154911_20190804T160118_T18SUD,0.0888151020579436,2019-08-04,"{""type"":""MultiPoint"",""coordinates"":[]}",2019-08-04 00:00:00+00:00,0.958,mid_high
2_20190809T154819_20190809T160103_T18SUD,0.2285854586617571,2019-08-09,"{""type"":""MultiPoint"",""coordinates"":[]}",2019-08-09 00:00:00+00:00,0.438,mid_low
2_20190811T153911_20190811T154405_T18SUD,0.3877898788676275,2019-08-11,"{""type"":""MultiPoint"",""coordinates"":[]}",2019-08-11 00:00:00+00:00,0.808,mid_high
1_1_1_2_LE07_014036_20190813,0.0808004462011607,2019-08-13,"{""type"":""MultiPoint"",""coordinates"":[]}",2019-08-13 00:00:00+00:00,1.266,high
1_1_1_2_LE07_014036_20190829,0.0776923128564726,2019-08-29,"{""type"":""MultiPoint"",""coordinates"":[]}",2019-08-29 00:00:00+00:00,1.495,high
2_20190829T154819_20190829T160324_T18SUD,0.3518769322868004,2019-08-29,"{""type"":""MultiPoint"",""coordinates"":[]}",2019-08-29 00:00:00+00:00,1.495,high
2_20190920T153931_20190920T154443_T18SUD,0.7408756120050813,2019-09-20,"{""type"":""MultiPoint"",""coordinates"":[]}",2019-09-20 00:00:00+00:00,0.7,mid_high
1_1_2_LC08_014036_20190922,0.0725181586384057,2019-09-22,"{""type"":""MultiPoint"",""coordinates"":[]}",2019-09-22 00:00:00+00:00,0.365,mid_low
2_20190925T153959_20190925T155023_T18SUD,0.6006196760204222,2019-09-25,"{""type"":""MultiPoint"",""coordinates"":[]}",2019-09-25 00:00:00+00:00,0.802,mid_high
2_20190928T155029_20190928T155956_T18SUD,0.6068236435229184,2019-09-28,"{""type"":""MultiPoint"",""coordinates"":[]}",2019-09-28 00:00:00+00:00,1.409,high
2_20191003T155101_20191003T155823_T18SUD,0.6070439685445174,2019-10-03,"{""type"":""MultiPoint"",""coordinates"":[]}",2019-10-03 00:00:00+00:00,0.557,mid_low
2_20191013T155211_20191013T155920_T18SUD,0.698729475060658,2019-10-13,"{""type"":""MultiPoint"",""coordinates"":[]}",2019-10-13 00:00:00+00:00,1.642,high
2_20191018T155249_20191018T160207_T18SUD,0.7036589774272238,2019-10-18,"{""type"":""MultiPoint"",""coordinates"":[]}",2019-10-18 00:00:00+00:00,0.741,mid_high
2_20191023T155321_20191023T155832_T18SUD,0.5290188866810214,2019-10-23,"{""type"":""MultiPoint"",""coordinates"":[]}",2019-10-23 00:00:00+00:00,0.655,mid_high
1_1_2_LC08_014036_20191024,0.0432956498991506,2019-10-24,"{""type"":""MultiPoint"",""coordinates"":[]}",2019-10-24 00:00:00+00:00,0.696,mid_high
2_20191028T155259_20191028T155902_T18SUD,0.5352389206255952,2019-10-28,"{""type"":""MultiPoint"",""coordinates"":[]}",2019-10-28 00:00:00+00:00,1.273,high
1_1_1_2_LE07_014036_20191101,0.1120493989092597,2019-11-01,"{""type"":""MultiPoint"",""coordinates"":[]}",2019-11-01 00:00:00+00:00,0.655,mid_high
1_1_2_LC08_014036_20191109,0.0805718030850448,2019-11-09,"{""type"":""MultiPoint"",""coordinates"":[]}",2019-11-09 00:00:00+00:00,1.056,high
2_20191109T154451_20191109T154857_T18SUD,0.6078600843789093,2019-11-09,"{""type"":""MultiPoint"",""coordinates"":[]}",2019-11-09 00:00:00+00:00,1.056,high
2_20191124T154549_20191124T154739_T18SUD,0.6047835540072025,2019-11-24,"{""type"":""MultiPoint"",""coordinates"":[]}",2019-11-24 00:00:00+00:00,0.973,mid_high
1_1_2_LC08_014036_20191125,0.084632368279686,2019-11-25,"{""type"":""MultiPoint"",""coordinates"":[]}",2019-11-25 00:00:00+00:00,0.992,mid_high
1_1_1_2_LE07_014036_20191203,0.1144561606172228,2019-12-03,"{""type"":""MultiPoint"",""coordinates"":[]}",2019-12-03 00:00:00+00:00,0.27,mid_low
2_20191204T154619_20191204T154819_T18SUD,0.7284421882368617,2019-12-04,"{""type"":""MultiPoint"",""coordinates"":[]}",2019-12-04 00:00:00+00:00,0.515,mid_low
2_20191207T155629_20191207T155631_T18SUD,0.4294485844585365,2019-12-07,"{""type"":""MultiPoint"",""coordinates"":[]}",2019-12-07 00:00:00+00:00,0.499,mid_low
2_20191212T155641_20191212T155828_T18SUD,0.4935612098742775,2019-12-12,"{""type"":""MultiPoint"",""coordinates"":[]}",2019-12-12 00:00:00+00:00,0.829,mid_high
2_20191219T154641_20191219T155110_T18SUD,0.6339569121445136,2019-12-19,"{""type"":""MultiPoint"",""coordinates"":[]}",2019-12-19 00:00:00+00:00,0.132,low
1_1_1_2_LE07_014036_20191219,0.1016112897389242,2019-12-19,"{""type"":""MultiPoint"",""coordinates"":[]}",2019-12-19 00:00:00+00:00,0.132,low
2_20200106T155639_20200106T155634_T18SUD,0.6347380331405781,2020-01-06,"{""type"":""MultiPoint"",""coordinates"":[]}",2020-01-06 00:00:00+00:00,0.366,mid_low
2_20200108T154631_20200108T155056_T18SUD,0.6074353566467087,2020-01-08,"{""type"":""MultiPoint"",""coordinates"":[]}",2020-01-08 00:00:00+00:00,0.54,mid_low
1_1_1_2_LE07_014036_20200120,0.0947187409506618,2020-01-20,"{""type"":""MultiPoint"",""coordinates"":[]}",2020-01-20 00:00:00+00:00,0.302,mid_low
2_20200126T155529_20200126T160132_T18SUD,0.6900674159552865,2020-01-26,"{""type"":""MultiPoint"",""coordinates"":[]}",2020-01-26 00:00:00+00:00,0.785,mid_high
2_20200128T154511_20200128T154938_T18SUD,0.7037122970024348,2020-01-28,"{""type"":""MultiPoint"",""coordinates"":[]}",2020-01-28 00:00:00+00:00,0.688,mid_high
1_1_2_LC08_014036_20200128,0.0800063776556055,2020-01-28,"{""type"":""MultiPoint"",""coordinates"":[]}",2020-01-28 00:00:00+00:00,0.688,mid_high
2_20200215T155239_20200215T160119_T18SUD,0.5793077678285612,2020-02-15,"{""type"":""MultiPoint"",""coordinates"":[]}",2020-02-15 00:00:00+00:00,0.065,low
2_20200217T154311_20200217T154553_T18SUD,0.5787640549091699,2020-02-17,"{""type"":""MultiPoint"",""coordinates"":[]}",2020-02-17 00:00:00+00:00,0.144,low
2_20200222T154149_20200222T154332_T18SUD,0.6299051789953318,2020-02-22,"{""type"":""MultiPoint"",""coordinates"":[]}",2020-02-22 00:00:00+00:00,1.106,high
2_20200227T154211_20200227T154337_T18SUD,0.6046579619064443,2020-02-27,"{""type"":""MultiPoint"",""coordinates"":[]}",2020-02-27 00:00:00+00:00,0.88,mid_high
1_1_2_LC08_014036_20200229,0.0792800603492572,2020-02-29,"{""type"":""MultiPoint"",""coordinates"":[]}",2020-02-29 00:00:00+00:00,0.435,mid_low
2_20200301T155151_20200301T155659_T18SUD,0.580733141430927,2020-03-01,"{""type"":""MultiPoint"",""coordinates"":[]}",2020-03-01 00:00:00+00:00,0.186,low
2_20200308T154101_20200308T154114_T18SUD,0.6102481118086651,2020-03-08,"{""type"":""MultiPoint"",""coordinates"":[]}",2020-03-08 00:00:00+00:00,0.931,mid_high
1_1_1_2_LE07_014036_20200308,0.1094628519122285,2020-03-08,"{""type"":""MultiPoint"",""coordinates"":[]}",2020-03-08 00:00:00+00:00,0.931,mid_high
2_20200402T153809_20200402T154806_T18SUD,0.5705876212838585,2020-04-02,"{""type"":""MultiPoint"",""coordinates"":[]}",2020-04-02 00:00:00+00:00,0.534,mid_low
2_20200407T153901_20200407T155115_T18SUD,0.5253687217949318,2020-04-07,"{""type"":""MultiPoint"",""coordinates"":[]}",2020-04-07 00:00:00+00:00,1.473,high
2_20200417T153911_20200417T154507_T18SUD,0.5942142481965862,2020-04-17,"{""type"":""MultiPoint"",""coordinates"":[]}",2020-04-17 00:00:00+00:00,0.426,mid_low
1_1_2_LC08_014036_20200417,0.0600709764753657,2020-04-17,"{""type"":""MultiPoint"",""coordinates"":[]}",2020-04-17 00:00:00+00:00,0.426,mid_low
2_20200422T153809_20200422T155006_T18SUD,0.5545534684638415,2020-04-22,"{""type"":""MultiPoint"",""coordinates"":[]}",2020-04-22 00:00:00+00:00,1.278,high
2_20200502T153809_20200502T155128_T18SUD,0.5728984397593528,2020-05-02,"{""type"":""MultiPoint"",""coordinates"":[]}",2020-05-02 00:00:00+00:00,0.212,mid_low
1_1_2_LC08_014036_20200503,0.0491901325157167,2020-05-03,"{""type"":""MultiPoint"",""coordinates"":[]}",2020-05-03 00:00:00+00:00,0.463,mid_low
1_1_1_2_LE07_014036_20200511,0.0721898563998337,2020-05-11,"{""type"":""MultiPoint"",""coordinates"":[]}",2020-05-11 00:00:00+00:00,0.611,mid_high
2_20200601T153809_20200601T154518_T18SUD,0.4511280957356329,2020-06-01,"{""type"":""MultiPoint"",""coordinates"":[]}",2020-06-01 00:00:00+00:00,0.533,mid_low
2_20200621T153819_20200621T155109_T18SUD,0.5954995238771291,2020-06-21,"{""type"":""MultiPoint"",""coordinates"":[]}",2020-06-21 00:00:00+00:00,1.297,high
2_20200626T153911_20200626T154519_T18SUD,0.5771599240559404,2020-06-26,"{""type"":""MultiPoint"",""coordinates"":[]}",2020-06-26 00:00:00+00:00,0.557,mid_low
2_20200706T153911_20200706T154131_T18SUD,0.5372823795061813,2020-07-06,"{""type"":""MultiPoint"",""coordinates"":[]}",2020-07-06 00:00:00+00:00,1.406,high
1_1_1_2_LE07_014036_20200714,0.0657482719812867,2020-07-14,"{""type"":""MultiPoint"",""coordinates"":[]}",2020-07-14 00:00:00+00:00,0.482,mid_low
2_20200721T153809_20200721T155307_T18SUD,0.4926735605783548,2020-07-21,"{""type"":""MultiPoint"",""coordinates"":[]}",2020-07-21 00:00:00+00:00,1.361,high
1_1_2_LC08_014036_20200722,0.0577670562161427,2020-07-22,"{""type"":""MultiPoint"",""coordinates"":[]}",2020-07-22 00:00:00+00:00,1.247,high
2_20200726T153911_20200726T154432_T18SUD,0.6455044653298755,2020-07-26,"{""type"":""MultiPoint"",""coordinates"":[]}",2020-07-26 00:00:00+00:00,0.232,mid_low
2_20200805T153911_20200805T154513_T18SUD,0.5130016205125112,2020-08-05,"{""type"":""MultiPoint"",""coordinates"":[]}",2020-08-05 00:00:00+00:00,1.146,high
2_20200810T153819_20200810T154638_T18SUD,0.6552391774372527,2020-08-10,"{""type"":""MultiPoint"",""coordinates"":[]}",2020-08-10 00:00:00+00:00,0.51,mid_low
2_20200830T153819_20200830T154649_T18SUD,0.3794679365028912,2020-08-30,"{""type"":""MultiPoint"",""coordinates"":[]}",2020-08-30 00:00:00+00:00,1.029,high
2_20200904T153911_20200904T155003_T18SUD,0.5782326646594017,2020-09-04,"{""type"":""MultiPoint"",""coordinates"":[]}",2020-09-04 00:00:00+00:00,1.083,high
2_20200922T154859_20200922T160118_T18SUD,0.6406625035340714,2020-09-22,"{""type"":""MultiPoint"",""coordinates"":[]}",2020-09-22 00:00:00+00:00,0.671,mid_high
2_20201007T155141_20201007T155546_T18SUD,0.7311254055841642,2020-10-07,"{""type"":""MultiPoint"",""coordinates"":[]}",2020-10-07 00:00:00+00:00,0.683,mid_high
2_20201012T155119_20201012T160019_T18SUD,0.6467283066170769,2020-10-12,"{""type"":""MultiPoint"",""coordinates"":[]}",2020-10-12 00:00:00+00:00,0.642,mid_high
2_20201014T154231_20201014T154504_T18SUD,0.6904120008236879,2020-10-14,"{""type"":""MultiPoint"",""coordinates"":[]}",2020-10-14 00:00:00+00:00,1.115,high
2_20201017T155251_20201017T155552_T18SUD,0.5070401381960937,2020-10-17,"{""type"":""MultiPoint"",""coordinates"":[]}",2020-10-17 00:00:00+00:00,1.305,high
1_1_1_2_LE07_014036_20201018,0.1111033759242578,2020-10-18,"{""type"":""MultiPoint"",""coordinates"":[]}",2020-10-18 00:00:00+00:00,1.309,high
2_20201024T154331_20201024T154931_T18SUD,0.6549823107119973,2020-10-24,"{""type"":""MultiPoint"",""coordinates"":[]}",2020-10-24 00:00:00+00:00,0.427,mid_low
2_20201103T154431_20201103T154911_T18SUD,0.7101090522021914,2020-11-03,"{""type"":""MultiPoint"",""coordinates"":[]}",2020-11-03 00:00:00+00:00,0.899,mid_high
1_1_1_2_LE07_014036_20201103,0.0905222939831161,2020-11-03,"{""type"":""MultiPoint"",""coordinates"":[]}",2020-11-03 00:00:00+00:00,0.899,mid_high
2_20201116T155531_20201116T160128_T18SUD,0.7034964449894121,2020-11-16,"{""type"":""MultiPoint"",""coordinates"":[]}",2020-11-16 00:00:00+00:00,1.241,high
2_20201118T154539_20201118T155213_T18SUD,0.7307816303219925,2020-11-18,"{""type"":""MultiPoint"",""coordinates"":[]}",2020-11-18 00:00:00+00:00,0.507,mid_low
1_1_1_2_LE07_014036_20201119,0.1055107713803312,2020-11-19,"{""type"":""MultiPoint"",""coordinates"":[]}",2020-11-19 00:00:00+00:00,0.464,mid_low
2_20201121T155549_20201121T155822_T18SUD,0.7417642323128744,2020-11-21,"{""type"":""MultiPoint"",""coordinates"":[]}",2020-11-21 00:00:00+00:00,0.133,low
2_20201123T154601_20201123T154556_T18SUD,0.4333859084438048,2020-11-23,"{""type"":""MultiPoint"",""coordinates"":[]}",2020-11-23 00:00:00+00:00,0.254,mid_low
1_1_1_2_LE07_014036_20201205,0.1329753977602906,2020-12-05,"{""type"":""MultiPoint"",""coordinates"":[]}",2020-12-05 00:00:00+00:00,0.428,mid_low
2_20201226T155651_20201226T155914_T18SUD,0.6810455576606587,2020-12-26,"{""type"":""MultiPoint"",""coordinates"":[]}",2020-12-26 00:00:00+00:00,0.414,mid_low
1_1_2_LC08_014036_20201229,0.0850042356751628,2020-12-29,"{""type"":""MultiPoint"",""coordinates"":[]}",2020-12-29 00:00:00+00:00,0.802,mid_high
1_1_1_2_LE07_014036_20210106,0.1175305490681205,2021-01-06,"{""type"":""MultiPoint"",""coordinates"":[]}",2021-01-06 00:00:00+00:00,0.159,low
2_20210110T155629_20210110T155838_T18SUD,0.728452716070221,2021-01-10,"{""type"":""MultiPoint"",""coordinates"":[]}",2021-01-10 00:00:00+00:00,0.81,mid_high
2_20210115T155611_20210115T160250_T18SUD,0.7795311546434904,2021-01-15,"{""type"":""MultiPoint"",""coordinates"":[]}",2021-01-15 00:00:00+00:00,1.034,high
2_20210117T154559_20210117T155216_T18SUD,0.7762853481131602,2021-01-17,"{""type"":""MultiPoint"",""coordinates"":[]}",2021-01-17 00:00:00+00:00,0.354,mid_low
2_20210120T155559_20210120T155730_T18SUD,0.6370889867670786,2021-01-20,"{""type"":""MultiPoint"",""coordinates"":[]}",2021-01-20 00:00:00+00:00,0.064,low
1_1_2_LC08_014036_20210130,0.105487591745445,2021-01-30,"{""type"":""MultiPoint"",""coordinates"":[]}",2021-01-30 00:00:00+00:00,1.12,high
2_20210130T155509_20210130T155641_T18SUD,0.711587611910618,2021-01-30,"{""type"":""MultiPoint"",""coordinates"":[]}",2021-01-30 00:00:00+00:00,1.12,high
2_20210221T154251_20210221T155012_T18SUD,0.6845798340938969,2021-02-21,"{""type"":""MultiPoint"",""coordinates"":[]}",2021-02-21 00:00:00+00:00,0.336,mid_low
1_1_1_2_LE07_014036_20210223,0.096373506495725,2021-02-23,"{""type"":""MultiPoint"",""coordinates"":[]}",2021-02-23 00:00:00+00:00,0.476,mid_low
2_20210224T155231_20210224T155529_T18SUD,0.6658205721081205,2021-02-24,"{""type"":""MultiPoint"",""coordinates"":[]}",2021-02-24 00:00:00+00:00,0.659,mid_high
2_20210308T154009_20210308T154550_T18SUD,0.6787286881585171,2021-03-08,"{""type"":""MultiPoint"",""coordinates"":[]}",2021-03-08 00:00:00+00:00,0.358,mid_low
1_1_1_2_LE07_014036_20210311,0.0788770471920558,2021-03-11,"{""type"":""MultiPoint"",""coordinates"":[]}",2021-03-11 00:00:00+00:00,0.836,mid_high
2_20210311T154949_20210311T155312_T18SUD,0.6686444851813315,2021-03-11,"{""type"":""MultiPoint"",""coordinates"":[]}",2021-03-11 00:00:00+00:00,0.836,mid_high
1_1_2_LC08_014036_20210404,0.0543829595078126,2021-04-04,"{""type"":""MultiPoint"",""coordinates"":[]}",2021-04-04 00:00:00+00:00,0.074,low
2_20210405T154901_20210405T155835_T18SUD,0.3423906373202257,2021-04-05,"{""type"":""MultiPoint"",""coordinates"":[]}",2021-04-05 00:00:00+00:00,0.059,low
2_20210407T153809_20210407T154509_T18SUD,0.648695077818358,2021-04-07,"{""type"":""MultiPoint"",""coordinates"":[]}",2021-04-07 00:00:00+00:00,0.463,mid_low
1_1_1_2_LE07_014036_20210412,0.0858960039632845,2021-04-12,"{""type"":""MultiPoint"",""coordinates"":[]}",2021-04-12 00:00:00+00:00,1.229,high
2_20210412T153901_20210412T154729_T18SUD,0.626335773128308,2021-04-12,"{""type"":""MultiPoint"",""coordinates"":[]}",2021-04-12 00:00:00+00:00,1.229,high
2_20210422T153901_20210422T154136_T18SUD,0.558627953289993,2021-04-22,"{""type"":""MultiPoint"",""coordinates"":[]}",2021-04-22 00:00:00+00:00,0.432,mid_low
2_20210427T153809_20210427T154626_T18SUD,0.6592777169307495,2021-04-27,"{""type"":""MultiPoint"",""coordinates"":[]}",2021-04-27 00:00:00+00:00,1.505,high
1_1_1_2_LE07_014036_20210428,0.0870943344642202,2021-04-28,"{""type"":""MultiPoint"",""coordinates"":[]}",2021-04-28 00:00:00+00:00,1.386,high
2_20210515T154911_20210515T160038_T18SUD,0.1598609427234476,2021-05-15,"{""type"":""MultiPoint"",""coordinates"":[]}",2021-05-15 00:00:00+00:00,0.842,mid_high
2_20210520T154809_20210520T155531_T18SUD,0.1215943480509519,2021-05-20,"{""type"":""MultiPoint"",""coordinates"":[]}",2021-05-20 00:00:00+00:00,0.12,low
1_1_2_LC08_014036_20210522,0.0424587226686018,2021-05-22,"{""type"":""MultiPoint"",""coordinates"":[]}",2021-05-22 00:00:00+00:00,0.385,mid_low
2_20210616T153809_20210616T154549_T18SUD,0.512591395620089,2021-06-16,"{""type"":""MultiPoint"",""coordinates"":[]}",2021-06-16 00:00:00+00:00,0.533,mid_low
2_20210621T153911_20210621T154649_T18SUD,0.418431324005498,2021-06-21,"{""type"":""MultiPoint"",""coordinates"":[]}",2021-06-21 00:00:00+00:00,0.589,mid_low
1_1_1_2_LE07_014036_20210717,0.0621574109913554,2021-07-17,"{""type"":""MultiPoint"",""coordinates"":[]}",2021-07-17 00:00:00+00:00,0.18,low
2_20210724T154911_20210724T155834_T18SUD,0.08984815687931,2021-07-24,"{""type"":""MultiPoint"",""coordinates"":[]}",2021-07-24 00:00:00+00:00,1.432,high
2_20210729T154819_20210729T155533_T18SUD,0.0849381861191855,2021-07-29,"{""type"":""MultiPoint"",""coordinates"":[]}",2021-07-29 00:00:00+00:00,0.459,mid_low
2_20210813T154911_20210813T155956_T18SUD,0.2206430138600685,2021-08-13,"{""type"":""MultiPoint"",""coordinates"":[]}",2021-08-13 00:00:00+00:00,0.571,mid_low
2_20210825T153809_20210825T154325_T18SUD,0.5169809657484342,2021-08-25,"{""type"":""MultiPoint"",""coordinates"":[]}",2021-08-25 00:00:00+00:00,0.917,mid_high
2_20210828T154809_20210828T155528_T18SUD,0.3318469104488589,2021-08-28,"{""type"":""MultiPoint"",""coordinates"":[]}",2021-08-28 00:00:00+00:00,0.405,mid_low
2_20210830T153911_20210830T154823_T18SUD,0.5926024335732362,2021-08-30,"{""type"":""MultiPoint"",""coordinates"":[]}",2021-08-30 00:00:00+00:00,0.449,mid_low
1_1_1_2_LE07_014036_20210903,0.08395086777224,2021-09-03,"{""type"":""MultiPoint"",""coordinates"":[]}",2021-09-03 00:00:00+00:00,0.854,mid_high
2_20210904T153809_20210904T154631_T18SUD,0.6655789846729836,2021-09-04,"{""type"":""MultiPoint"",""coordinates"":[]}",2021-09-04 00:00:00+00:00,1.114,high
1_1_2_LC08_014036_20210911,0.0962656344827737,2021-09-11,"{""type"":""MultiPoint"",""coordinates"":[]}",2021-09-11 00:00:00+00:00,0.69,mid_high
2_20210912T154911_20210912T160052_T18SUD,0.7181282102959035,2021-09-12,"{""type"":""MultiPoint"",""coordinates"":[]}",2021-09-12 00:00:00+00:00,0.391,mid_low
2_20210914T153809_20210914T155253_T18SUD,0.7433486250655921,2021-09-14,"{""type"":""MultiPoint"",""coordinates"":[]}",2021-09-14 00:00:00+00:00,0.244,mid_low
1_1_1_2_LE07_014036_20210919,0.1059500403738283,2021-09-19,"{""type"":""MultiPoint"",""coordinates"":[]}",2021-09-19 00:00:00+00:00,1.405,high
2_20210927T154929_20210927T155235_T18SUD,0.7954440180907519,2021-09-27,"{""type"":""MultiPoint"",""coordinates"":[]}",2021-09-27 00:00:00+00:00,0.545,mid_low
1_1_2_LC08_014036_20210927,0.0949037023064762,2021-09-27,"{""type"":""MultiPoint"",""coordinates"":[]}",2021-09-27 00:00:00+00:00,0.545,mid_low
2_20210929T154041_20210929T155332_T18SUD,0.704102977088609,2021-09-29,"{""type"":""MultiPoint"",""coordinates"":[]}",2021-09-29 00:00:00+00:00,0.51,mid_low
2_20211002T155101_20211002T160221_T18SUD,0.6544523355343813,2021-10-02,"{""type"":""MultiPoint"",""coordinates"":[]}",2021-10-02 00:00:00+00:00,0.748,mid_high
2_20211017T155149_20211017T155351_T18SUD,0.5805623916627783,2021-10-17,"{""type"":""MultiPoint"",""coordinates"":[]}",2021-10-17 00:00:00+00:00,1.048,high
2_20211019T154251_20211019T154735_T18SUD,0.7597599736619892,2021-10-19,"{""type"":""MultiPoint"",""coordinates"":[]}",2021-10-19 00:00:00+00:00,1.202,high
2_20211024T154229_20211024T154855_T18SUD,0.7544497528338351,2021-10-24,"{""type"":""MultiPoint"",""coordinates"":[]}",2021-10-24 00:00:00+00:00,0.715,mid_high
2_20211027T155249_20211027T155422_T18SUD,0.6684041195358228,2021-10-27,"{""type"":""MultiPoint"",""coordinates"":[]}",2021-10-27 00:00:00+00:00,0.384,mid_low
2_20211101T155421_20211101T155916_T18SUD,0.7526580387932091,2021-11-01,"{""type"":""MultiPoint"",""coordinates"":[]}",2021-11-01 00:00:00+00:00,0.899,mid_high
1_2_LC09_014036_20211109,0.1385647086067022,2021-11-09,"{""type"":""MultiPoint"",""coordinates"":[]}",2021-11-09 00:00:00+00:00,0.794,mid_high
1_2_LC09_014036_20211114,0.0951010928750584,2021-11-14,"{""type"":""MultiPoint"",""coordinates"":[]}",2021-11-14 00:00:00+00:00,0.764,mid_high
1_1_2_LC08_014036_20211114,0.0946741972053466,2021-11-14,"{""type"":""MultiPoint"",""coordinates"":[]}",2021-11-14 00:00:00+00:00,0.764,mid_high
2_20211116T155529_20211116T155657_T18SUD,0.7943368559884165,2021-11-16,"{""type"":""MultiPoint"",""coordinates"":[]}",2021-11-16 00:00:00+00:00,0.879,mid_high
2_20211123T154549_20211123T154550_T18SUD,0.7189745131600758,2021-11-23,"{""type"":""MultiPoint"",""coordinates"":[]}",2021-11-23 00:00:00+00:00,0.715,mid_high
1_1_2_LC08_014036_20211130,0.0867278497110655,2021-11-30,"{""type"":""MultiPoint"",""coordinates"":[]}",2021-11-30 00:00:00+00:00,0.461,mid_low
2_20211223T154649_20211223T155324_T18SUD,0.7778721020372097,2021-12-23,"{""type"":""MultiPoint"",""coordinates"":[]}",2021-12-23 00:00:00+00:00,0.747,mid_high
1_2_LC09_014036_20211224,0.0875033556322915,2021-12-24,"{""type"":""MultiPoint"",""coordinates"":[]}",2021-12-24 00:00:00+00:00,0.553,mid_low
1_1_1_2_LE07_014036_20211224,0.0932577494871757,2021-12-24,"{""type"":""MultiPoint"",""coordinates"":[]}",2021-12-24 00:00:00+00:00,0.553,mid_low
2_20211226T155649_20211226T155928_T18SUD,0.729706787211478,2021-12-26,"{""type"":""MultiPoint"",""coordinates"":[]}",2021-12-26 00:00:00+00:00,0.241,mid_low
2_20211228T154651_20211228T155251_T18SUD,0.712403430508794,2021-12-28,"{""type"":""MultiPoint"",""coordinates"":[]}",2021-12-28 00:00:00+00:00,0.232,mid_low
2_20220107T154631_20220107T155223_T18SUD,0.7929231384362254,2022-01-07,"{""type"":""MultiPoint"",""coordinates"":[]}",2022-01-07 00:00:00+00:00,0.627,mid_high
2_20220112T154619_20220112T155255_T18SUD,0.7714661048681276,2022-01-12,"{""type"":""MultiPoint"",""coordinates"":[]}",2022-01-12 00:00:00+00:00,0.363,mid_low
2_20220115T155609_20220115T155610_T18SUD,0.7057260235492367,2022-01-15,"{""type"":""MultiPoint"",""coordinates"":[]}",2022-01-15 00:00:00+00:00,0.761,mid_high
2_20220130T155511_20220130T160237_T18SUD,0.7737745431051226,2022-01-30,"{""type"":""MultiPoint"",""coordinates"":[]}",2022-01-30 00:00:00+00:00,0.869,mid_high
2_20220201T154449_20220201T154448_T18SUD,0.7744645143372028,2022-02-01,"{""type"":""MultiPoint"",""coordinates"":[]}",2022-02-01 00:00:00+00:00,1.15,high
2_20220209T155411_20220209T160030_T18SUD,0.6741175126256057,2022-02-09,"{""type"":""MultiPoint"",""coordinates"":[]}",2022-02-09 00:00:00+00:00,0.232,mid_low
1_1_1_2_LE07_014036_20220210,0.0941573684875938,2022-02-10,"{""type"":""MultiPoint"",""coordinates"":[]}",2022-02-10 00:00:00+00:00,0.31,mid_low
1_2_LC09_014036_20220210,0.0906925207673938,2022-02-10,"{""type"":""MultiPoint"",""coordinates"":[]}",2022-02-10 00:00:00+00:00,0.31,mid_low
2_20220211T154259_20220211T154253_T18SUD,0.7384576158954419,2022-02-11,"{""type"":""MultiPoint"",""coordinates"":[]}",2022-02-11 00:00:00+00:00,0.373,mid_low
2_20220214T155239_20220214T160150_T18SUD,0.7277849477970814,2022-02-14,"{""type"":""MultiPoint"",""coordinates"":[]}",2022-02-14 00:00:00+00:00,0.783,mid_high
2_20220216T154321_20220216T155117_T18SUD,0.7541473205578828,2022-02-16,"{""type"":""MultiPoint"",""coordinates"":[]}",2022-02-16 00:00:00+00:00,0.883,mid_high
2_20220303T154039_20220303T154705_T18SUD,0.7827154253224096,2022-03-03,"{""type"":""MultiPoint"",""coordinates"":[]}",2022-03-03 00:00:00+00:00,1.106,high
2_20220313T153929_20220313T154559_T18SUD,0.7378874541994255,2022-03-13,"{""type"":""MultiPoint"",""coordinates"":[]}",2022-03-13 00:00:00+00:00,0.248,mid_low
2_20220318T154001_20220318T154353_T18SUD,0.7550023832178092,2022-03-18,"{""type"":""MultiPoint"",""coordinates"":[]}",2022-03-18 00:00:00+00:00,0.966,mid_high
2_20220321T154941_20220321T155739_T18SUD,0.4742093245439309,2022-03-21,"{""type"":""MultiPoint"",""coordinates"":[]}",2022-03-21 00:00:00+00:00,0.774,mid_high
2_20220326T154809_20220326T155438_T18SUD,0.5349946408884757,2022-03-26,"{""type"":""MultiPoint"",""coordinates"":[]}",2022-03-26 00:00:00+00:00,0.16,low
2_20220328T153841_20220328T154523_T18SUD,0.7048004912753356,2022-03-28,"{""type"":""MultiPoint"",""coordinates"":[]}",2022-03-28 00:00:00+00:00,0.55,mid_low
2_20220402T153809_20220402T154632_T18SUD,0.7159148501618059,2022-04-02,"{""type"":""MultiPoint"",""coordinates"":[]}",2022-04-02 00:00:00+00:00,1.167,high
2_20220410T154811_20220410T155533_T18SUD,0.3841213222551201,2022-04-10,"{""type"":""MultiPoint"",""coordinates"":[]}",2022-04-10 00:00:00+00:00,0.31,mid_low
2_20220415T154809_20220415T155531_T18SUD,0.4144645125922219,2022-04-15,"{""type"":""MultiPoint"",""coordinates"":[]}",2022-04-15 00:00:00+00:00,1.075,high
1_2_LC09_014036_20220415,0.0698787691666596,2022-04-15,"{""type"":""MultiPoint"",""coordinates"":[]}",2022-04-15 00:00:00+00:00,1.075,high
2_20220420T154941_20220420T155638_T18SUD,0.3317874120424857,2022-04-20,"{""type"":""MultiPoint"",""coordinates"":[]}",2022-04-20 00:00:00+00:00,0.799,mid_high
2_20220422T153809_20220422T154634_T18SUD,0.6983398315313963,2022-04-22,"{""type"":""MultiPoint"",""coordinates"":[]}",2022-04-22 00:00:00+00:00,0.218,mid_low
1_1_2_LC08_014036_20220423,0.0712589070302503,2022-04-23,"{""type"":""MultiPoint"",""coordinates"":[]}",2022-04-23 00:00:00+00:00,0.076,low
2_20220425T154809_20220425T155528_T18SUD,0.3000917578627807,2022-04-25,"{""type"":""MultiPoint"",""coordinates"":[]}",2022-04-25 00:00:00+00:00,0.278,mid_low
1_2_LC09_014036_20220501,0.0659512766844415,2022-05-01,"{""type"":""MultiPoint"",""coordinates"":[]}",2022-05-01 00:00:00+00:00,1.214,high
2_20220507T153821_20220507T154640_T18SUD,0.597023711648478,2022-05-07,"{""type"":""MultiPoint"",""coordinates"":[]}",2022-05-07 00:00:00+00:00,0.613,mid_high
2_20220517T153821_20220517T154547_T18SUD,0.6234318711989734,2022-05-17,"{""type"":""MultiPoint"",""coordinates"":[]}",2022-05-17 00:00:00+00:00,1.553,high
1_2_LC09_014036_20220517,0.0557310750581344,2022-05-17,"{""type"":""MultiPoint"",""coordinates"":[]}",2022-05-17 00:00:00+00:00,1.553,high
2_20220520T154821_20220520T155606_T18SUD,0.1095282590493736,2022-05-20,"{""type"":""MultiPoint"",""coordinates"":[]}",2022-05-20 00:00:00+00:00,0.693,mid_high
2_20220601T153809_20220601T155200_T18SUD,0.5942903056160408,2022-06-01,"{""type"":""MultiPoint"",""coordinates"":[]}",2022-06-01 00:00:00+00:00,1.106,high
1_2_LC09_014036_20220602,0.0446998572854015,2022-06-02,"{""type"":""MultiPoint"",""coordinates"":[]}",2022-06-02 00:00:00+00:00,1.031,high
1_2_LC09_014036_20220618,0.0473368548043881,2022-06-18,"{""type"":""MultiPoint"",""coordinates"":[]}",2022-06-18 00:00:00+00:00,0.566,mid_low
2_20220619T154821_20220619T155634_T18SUD,0.1412899327473685,2022-06-19,"{""type"":""MultiPoint"",""coordinates"":[]}",2022-06-19 00:00:00+00:00,0.45,mid_low
2_20220624T154819_20220624T160025_T18SUD,0.1665294683917253,2022-06-24,"{""type"":""MultiPoint"",""coordinates"":[]}",2022-06-24 00:00:00+00:00,0.746,mid_high
2_20220626T153821_20220626T154605_T18SUD,0.5558974883846838,2022-06-26,"{""type"":""MultiPoint"",""coordinates"":[]}",2022-06-26 00:00:00+00:00,1.111,high
1_1_2_LC08_014036_20220626,0.0674263837733812,2022-06-26,"{""type"":""MultiPoint"",""coordinates"":[]}",2022-06-26 00:00:00+00:00,1.111,high
2_20220719T154951_20220719T160315_T18SUD,0.2174899613801616,2022-07-19,"{""type"":""MultiPoint"",""coordinates"":[]}",2022-07-19 00:00:00+00:00,0.363,mid_low
1_2_LC09_014036_20220720,0.0697990609871004,2022-07-20,"{""type"":""MultiPoint"",""coordinates"":[]}",2022-07-20 00:00:00+00:00,0.288,mid_low
2_20220721T153819_20220721T154951_T18SUD,0.4880720436510989,2022-07-21,"{""type"":""MultiPoint"",""coordinates"":[]}",2022-07-21 00:00:00+00:00,0.37,mid_low
2_20220726T155141_20220726T155144_T18SUD,0.4729040505293325,2022-07-26,"{""type"":""MultiPoint"",""coordinates"":[]}",2022-07-26 00:00:00+00:00,1.051,high
2_20220805T155151_20220805T155145_T18SUD,0.7136000362034675,2022-08-05,"{""type"":""MultiPoint"",""coordinates"":[]}",2022-08-05 00:00:00+00:00,0.262,mid_low
1_2_LC09_014036_20220805,0.061287331832087,2022-08-05,"{""type"":""MultiPoint"",""coordinates"":[]}",2022-08-05 00:00:00+00:00,0.262,mid_low
2_20220808T154951_20220808T160022_T18SUD,0.1693236660748652,2022-08-08,"{""type"":""MultiPoint"",""coordinates"":[]}",2022-08-08 00:00:00+00:00,0.525,mid_low
2_20220810T153819_20220810T155334_T18SUD,0.615504974837265,2022-08-10,"{""type"":""MultiPoint"",""coordinates"":[]}",2022-08-10 00:00:00+00:00,1.151,high
2_20220818T154821_20220818T155418_T18SUD,0.2849405385596134,2022-08-18,"{""type"":""MultiPoint"",""coordinates"":[]}",2022-08-18 00:00:00+00:00,0.467,mid_low
2_20220825T155151_20220825T155147_T18SUD,0.7167820596777299,2022-08-25,"{""type"":""MultiPoint"",""coordinates"":[]}",2022-08-25 00:00:00+00:00,1.024,high
2_20220904T153821_20220904T154347_T18SUD,0.7357183903544016,2022-09-04,"{""type"":""MultiPoint"",""coordinates"":[]}",2022-09-04 00:00:00+00:00,0.326,mid_low
2_20220907T154951_20220907T160217_T18SUD,0.5309591261367502,2022-09-07,"{""type"":""MultiPoint"",""coordinates"":[]}",2022-09-07 00:00:00+00:00,0.916,mid_high
1_2_LC09_014036_20220922,0.1103709516148658,2022-09-22,"{""type"":""MultiPoint"",""coordinates"":[]}",2022-09-22 00:00:00+00:00,1.031,high
1_1_1_2_LE07_014036_20220922,0.1259848061186653,2022-09-22,"{""type"":""MultiPoint"",""coordinates"":[]}",2022-09-22 00:00:00+00:00,1.031,high
2_20220922T154859_20220922T160246_T18SUD,0.6348543307114761,2022-09-22,"{""type"":""MultiPoint"",""coordinates"":[]}",2022-09-22 00:00:00+00:00,1.031,high
2_20220924T154001_20220924T155109_T18SUD,0.8113699626832183,2022-09-24,"{""type"":""MultiPoint"",""coordinates"":[]}",2022-09-24 00:00:00+00:00,1.401,high
2_20221002T155059_20221002T160307_T18SUD,0.7774270892019439,2022-10-02,"{""type"":""MultiPoint"",""coordinates"":[]}",2022-10-02 00:00:00+00:00,0.577,mid_low
2_20221007T155141_20221007T155855_T18SUD,0.7779745891710921,2022-10-07,"{""type"":""MultiPoint"",""coordinates"":[]}",2022-10-07 00:00:00+00:00,1.142,high
1_1_1_2_LE07_014036_20221009,0.0808895004163119,2022-10-09,"{""type"":""MultiPoint"",""coordinates"":[]}",2022-10-09 00:00:00+00:00,1.333,high
2_20221009T154139_20221009T154138_T18SUD,0.7932827332450081,2022-10-09,"{""type"":""MultiPoint"",""coordinates"":[]}",2022-10-09 00:00:00+00:00,1.333,high
2_20221012T155209_20221012T155952_T18SUD,0.738815651571132,2022-10-12,"{""type"":""MultiPoint"",""coordinates"":[]}",2022-10-12 00:00:00+00:00,0.898,mid_high
1_1_2_LC08_014036_20221016,0.086126954861175,2022-10-16,"{""type"":""MultiPoint"",""coordinates"":[]}",2022-10-16 00:00:00+00:00,0.554,mid_low
2_20221019T154249_20221019T154623_T18SUD,0.807309873690829,2022-10-19,"{""type"":""MultiPoint"",""coordinates"":[]}",2022-10-19 00:00:00+00:00,0.63,mid_high
2_20221108T154449_20221108T155323_T18SUD,0.5749852729609375,2022-11-08,"{""type"":""MultiPoint"",""coordinates"":[]}",2022-11-08 00:00:00+00:00,1.104,high
2_20221118T154529_20221118T154532_T18SUD,0.8394313207344924,2022-11-18,"{""type"":""MultiPoint"",""coordinates"":[]}",2022-11-18 00:00:00+00:00,0.518,mid_low
2_20221128T154609_20221128T154608_T18SUD,0.8208496180246816,2022-11-28,"{""type"":""MultiPoint"",""coordinates"":[]}",2022-11-28 00:00:00+00:00,0.542,mid_low
1_1_1_2_LE07_014036_20221129,0.1061176348708372,2022-11-29,"{""type"":""MultiPoint"",""coordinates"":[]}",2022-11-29 00:00:00+00:00,0.23,mid_low
2_20221201T155619_20221201T160055_T18SUD,0.7661731702145274,2022-12-01,"{""type"":""MultiPoint"",""coordinates"":[]}",2022-12-01 00:00:00+00:00,0.146,low
1_1_1_2_LE07_014036_20221216,0.0724013911692566,2022-12-16,"{""type"":""MultiPoint"",""coordinates"":[]}",2022-12-16 00:00:00+00:00,0.572,mid_low
2_20221216T155651_20221216T155651_T18SUD,0.5818954670272676,2022-12-16,"{""type"":""MultiPoint"",""coordinates"":[]}",2022-12-16 00:00:00+00:00,0.572,mid_low
2_20221218T154649_20221218T154647_T18SUD,0.8171413676702107,2022-12-18,"{""type"":""MultiPoint"",""coordinates"":[]}",2022-12-18 00:00:00+00:00,0.57,mid_low
1_1_2_LC08_014036_20221219,0.1064259554805373,2022-12-19,"{""type"":""MultiPoint"",""coordinates"":[]}",2022-12-19 00:00:00+00:00,0.566,mid_low
2_20221226T155651_20221226T155652_T18SUD,0.8721264441743125,2022-12-26,"{""type"":""MultiPoint"",""coordinates"":[]}",2022-12-26 00:00:00+00:00,0.653,mid_high
1_2_LC09_014036_20221227,0.1091888455618921,2022-12-27,"{""type"":""MultiPoint"",""coordinates"":[]}",2022-12-27 00:00:00+00:00,0.313,mid_low
2_20221228T154649_20221228T154647_T18SUD,0.8807922338099312,2022-12-28,"{""type"":""MultiPoint"",""coordinates"":[]}",2022-12-28 00:00:00+00:00,0.09,low
2_20230102T154641_20230102T155307_T18SUD,0.8175875158327263,2023-01-02,"{""type"":""MultiPoint"",""coordinates"":[]}",2023-01-02 00:00:00+00:00,0.431,mid_low
1_1_1_2_LE07_013036_20230102,0.095433946080164,2023-01-02,"{""type"":""MultiPoint"",""coordinates"":[]}",2023-01-02 00:00:00+00:00,0.431,mid_low
2_20230115T155611_20230115T155611_T18SUD,0.7353503211361263,2023-01-15,"{""type"":""MultiPoint"",""coordinates"":[]}",2023-01-15 00:00:00+00:00,0.332,mid_low
1_1_1_2_LE07_014036_20230124,0.1378988569219183,2023-01-24,"{""type"":""MultiPoint"",""coordinates"":[]}",2023-01-24 00:00:00+00:00,0.75,mid_high
2_20230127T154519_20230127T154519_T18SUD,0.8419680554213403,2023-01-27,"{""type"":""MultiPoint"",""coordinates"":[]}",2023-01-27 00:00:00+00:00,0.067,low
1_2_LC09_014036_20230128,0.1007227388175393,2023-01-28,"{""type"":""MultiPoint"",""coordinates"":[]}",2023-01-28 00:00:00+00:00,0.024,low
2_20230204T155441_20230204T160022_T18SUD,0.6967557365875838,2023-02-04,"{""type"":""MultiPoint"",""coordinates"":[]}",2023-02-04 00:00:00+00:00,0.934,mid_high
2_20230206T154429_20230206T155015_T18SUD,0.7674218530028467,2023-02-06,"{""type"":""MultiPoint"",""coordinates"":[]}",2023-02-06 00:00:00+00:00,0.881,mid_high
1_2_LC09_014036_20230213,0.1136851127861124,2023-02-13,"{""type"":""MultiPoint"",""coordinates"":[]}",2023-02-13 00:00:00+00:00,0.461,mid_low
2_20230214T155331_20230214T155701_T18SUD,0.7733105737769794,2023-02-14,"{""type"":""MultiPoint"",""coordinates"":[]}",2023-02-14 00:00:00+00:00,0.264,mid_low
1_1_1_2_LE07_014036_20230304,0.1409789438609756,2023-03-04,"{""type"":""MultiPoint"",""coordinates"":[]}",2023-03-04 00:00:00+00:00,0.973,mid_high
2_20230306T155121_20230306T155410_T18SUD,0.8038212245066665,2023-03-06,"{""type"":""MultiPoint"",""coordinates"":[]}",2023-03-06 00:00:00+00:00,1.149,high
2_20230308T154109_20230308T155020_T18SUD,0.7560640355337076,2023-03-08,"{""type"":""MultiPoint"",""coordinates"":[]}",2023-03-08 00:00:00+00:00,1.174,high
1_1_2_LC08_014036_20230309,0.1142386114773397,2023-03-09,"{""type"":""MultiPoint"",""coordinates"":[]}",2023-03-09 00:00:00+00:00,1.166,high
2_20230311T154959_20230311T155744_T18SUD,0.5816599473436703,2023-03-11,"{""type"":""MultiPoint"",""coordinates"":[]}",2023-03-11 00:00:00+00:00,1.096,high
2_20230316T155001_20230316T160104_T18SUD,0.709872336376885,2023-03-16,"{""type"":""MultiPoint"",""coordinates"":[]}",2023-03-16 00:00:00+00:00,0.338,mid_low
1_1_1_2_LE07_014036_20230321,0.1076981963674093,2023-03-21,"{""type"":""MultiPoint"",""coordinates"":[]}",2023-03-21 00:00:00+00:00,1.357,high
2_20230321T154849_20230321T160212_T18SUD,0.5670062263754022,2023-03-21,"{""type"":""MultiPoint"",""coordinates"":[]}",2023-03-21 00:00:00+00:00,1.357,high
1_2_LC09_014036_20230402,0.0956935001483111,2023-04-02,"{""type"":""MultiPoint"",""coordinates"":[]}",2023-04-02 00:00:00+00:00,0.83,mid_high
2_20230402T153811_20230402T154341_T18SUD,0.7368444442996722,2023-04-02,"{""type"":""MultiPoint"",""coordinates"":[]}",2023-04-02 00:00:00+00:00,0.83,mid_high
2_20230410T154819_20230410T155439_T18SUD,0.4881782530768643,2023-04-10,"{""type"":""MultiPoint"",""coordinates"":[]}",2023-04-10 00:00:00+00:00,0.794,mid_high
1_1_2_LC08_014036_20230410,0.1154478155670038,2023-04-10,"{""type"":""MultiPoint"",""coordinates"":[]}",2023-04-10 00:00:00+00:00,0.794,mid_high
1_1_1_2_LE07_014036_20230412,0.1214544108179063,2023-04-12,"{""type"":""MultiPoint"",""coordinates"":[]}",2023-04-12 00:00:00+00:00,0.419,mid_low
2_20230412T153811_20230412T154328_T18SUD,0.7509001445525222,2023-04-12,"{""type"":""MultiPoint"",""coordinates"":[]}",2023-04-12 00:00:00+00:00,0.419,mid_low
2_20230415T154931_20230415T155600_T18SUD,0.4225956752293975,2023-04-15,"{""type"":""MultiPoint"",""coordinates"":[]}",2023-04-15 00:00:00+00:00,0.366,mid_low
1_2_LC09_014036_20230418,0.0705656259387499,2023-04-18,"{""type"":""MultiPoint"",""coordinates"":[]}",2023-04-18 00:00:00+00:00,1.171,high
2_20230420T154819_20230420T155302_T18SUD,0.5226125355643002,2023-04-20,"{""type"":""MultiPoint"",""coordinates"":[]}",2023-04-20 00:00:00+00:00,1.345,high
1_1_1_2_LE07_013036_20230429,0.1038510649018755,2023-04-29,"{""type"":""MultiPoint"",""coordinates"":[]}",2023-04-29 00:00:00+00:00,0.567,mid_low
2_20230502T153811_20230502T154449_T18SUD,0.6364527935430084,2023-05-02,"{""type"":""MultiPoint"",""coordinates"":[]}",2023-05-02 00:00:00+00:00,1.034,high
1_1_1_2_LE07_014036_20230504,0.1041055537988784,2023-05-04,"{""type"":""MultiPoint"",""coordinates"":[]}",2023-05-04 00:00:00+00:00,1.231,high
1_2_LC09_014036_20230504,0.074466114752581,2023-05-04,"{""type"":""MultiPoint"",""coordinates"":[]}",2023-05-04 00:00:00+00:00,1.231,high
2_20230507T153819_20230507T154616_T18SUD,0.6386030765933681,2023-05-07,"{""type"":""MultiPoint"",""coordinates"":[]}",2023-05-07 00:00:00+00:00,1.276,high
2_20230510T154819_20230510T155833_T18SUD,0.3014639197599674,2023-05-10,"{""type"":""MultiPoint"",""coordinates"":[]}",2023-05-10 00:00:00+00:00,0.602,mid_high
1_1_2_LC08_014036_20230512,0.0616610724606122,2023-05-12,"{""type"":""MultiPoint"",""coordinates"":[]}",2023-05-12 00:00:00+00:00,0.173,low
2_20230512T153811_20230512T155244_T18SUD,0.6494438096697809,2023-05-12,"{""type"":""MultiPoint"",""coordinates"":[]}",2023-05-12 00:00:00+00:00,0.173,low
1_2_LC09_014036_20230605,0.0565426088929159,2023-06-05,"{""type"":""MultiPoint"",""coordinates"":[]}",2023-06-05 00:00:00+00:00,1.642,high
2_20230606T153819_20230606T155122_T18SUD,0.4867979846339713,2023-06-06,"{""type"":""MultiPoint"",""coordinates"":[]}",2023-06-06 00:00:00+00:00,1.355,high
2_20230609T154819_20230609T155952_T18SUD,-0.0009850326569656545,2023-06-09,"{""type"":""MultiPoint"",""coordinates"":[]}",2023-06-09 00:00:00+00:00,0.424,mid_low
2_20230611T153821_20230611T154752_T18SUD,0.6024468576446397,2023-06-11,"{""type"":""MultiPoint"",""coordinates"":[]}",2023-06-11 00:00:00+00:00,0.278,mid_low
1_1_1_2_LE07_014036_20230617,0.1331170745274131,2023-06-17,"{""type"":""MultiPoint"",""coordinates"":[]}",2023-06-17 00:00:00+00:00,1.448,high
2_20230619T154819_20230619T160002_T18SUD,-0.0039243796767648,2023-06-19,"{""type"":""MultiPoint"",""coordinates"":[]}",2023-06-19 00:00:00+00:00,1.336,high
2_20230701T155141_20230701T155137_T18SUD,0.5898487464820595,2023-07-01,"{""type"":""MultiPoint"",""coordinates"":[]}",2023-07-01 00:00:00+00:00,1.175,high
1_1_1_2_LE07_014036_20230709,0.0881734452654947,2023-07-09,"{""type"":""MultiPoint"",""coordinates"":[]}",2023-07-09 00:00:00+00:00,0.402,mid_low
2_20230711T153821_20230711T154201_T18SUD,0.6480931118491281,2023-07-11,"{""type"":""MultiPoint"",""coordinates"":[]}",2023-07-11 00:00:00+00:00,0.497,mid_low
1_2_LC09_014036_20230723,0.062936677500131,2023-07-23,"{""type"":""MultiPoint"",""coordinates"":[]}",2023-07-23 00:00:00+00:00,0.651,mid_high
1_2_LC09_014036_20230808,0.139475301419228,2023-08-08,"{""type"":""MultiPoint"",""coordinates"":[]}",2023-08-08 00:00:00+00:00,0.299,mid_low
2_20230813T154941_20230813T155808_T18SUD,0.2576780797558628,2023-08-13,"{""type"":""MultiPoint"",""coordinates"":[]}",2023-08-13 00:00:00+00:00,0.959,mid_high
2_20230818T154819_20230818T160224_T18SUD,0.3456293513978706,2023-08-18,"{""type"":""MultiPoint"",""coordinates"":[]}",2023-08-18 00:00:00+00:00,1.096,high
2_20230820T153821_20230820T154817_T18SUD,0.7956145182118589,2023-08-20,"{""type"":""MultiPoint"",""coordinates"":[]}",2023-08-20 00:00:00+00:00,0.746,mid_high
2_20230823T154821_20230823T155606_T18SUD,0.3270235220498794,2023-08-23,"{""type"":""MultiPoint"",""coordinates"":[]}",2023-08-23 00:00:00+00:00,0.388,mid_low
1_2_LC09_014036_20230824,0.0633623789769202,2023-08-24,"{""type"":""MultiPoint"",""coordinates"":[]}",2023-08-24 00:00:00+00:00,0.501,mid_low
2_20230825T153819_20230825T154325_T18SUD,0.6523484168629051,2023-08-25,"{""type"":""MultiPoint"",""coordinates"":[]}",2023-08-25 00:00:00+00:00,0.403,mid_low
1_1_1_2_LE07_014036_20230827,0.1079364120103141,2023-08-27,"{""type"":""MultiPoint"",""coordinates"":[]}",2023-08-27 00:00:00+00:00,0.656,mid_high
1_1_2_LC08_014036_20230901,0.0912032292164005,2023-09-01,"{""type"":""MultiPoint"",""coordinates"":[]}",2023-09-01 00:00:00+00:00,1.504,high
1_1_1_2_LE07_014036_20230901,0.1530338098568213,2023-09-01,"{""type"":""MultiPoint"",""coordinates"":[]}",2023-09-01 00:00:00+00:00,1.504,high
2_20230904T153819_20230904T154218_T18SUD,0.8000348914499512,2023-09-04,"{""type"":""MultiPoint"",""coordinates"":[]}",2023-09-04 00:00:00+00:00,0.776,mid_high
2_20230907T154819_20230907T155745_T18SUD,0.4679825044992393,2023-09-07,"{""type"":""MultiPoint"",""coordinates"":[]}",2023-09-07 00:00:00+00:00,0.527,mid_low
2_20230912T154841_20230912T155652_T18SUD,0.6249959207503548,2023-09-12,"{""type"":""MultiPoint"",""coordinates"":[]}",2023-09-12 00:00:00+00:00,1.087,high
2_20230914T153909_20230914T154251_T18SUD,0.6660614759199679,2023-09-14,"{""type"":""MultiPoint"",""coordinates"":[]}",2023-09-14 00:00:00+00:00,1.208,high
1_2_LC09_014036_20230925,0.0917037777983758,2023-09-25,"{""type"":""MultiPoint"",""coordinates"":[]}",2023-09-25 00:00:00+00:00,0.836,mid_high
2_20231002T155101_20231002T155442_T18SUD,0.5706787142033518,2023-10-02,"{""type"":""MultiPoint"",""coordinates"":[]}",2023-10-02 00:00:00+00:00,1.135,high
1_1_2_LC08_014036_20231003,0.1045012576791083,2023-10-03,"{""type"":""MultiPoint"",""coordinates"":[]}",2023-10-03 00:00:00+00:00,0.926,mid_high
2_20231007T155039_20231007T160049_T18SUD,0.700912711914671,2023-10-07,"{""type"":""MultiPoint"",""coordinates"":[]}",2023-10-07 00:00:00+00:00,0.673,mid_high
2_20231009T154141_20231009T154614_T18SUD,0.7984323445866203,2023-10-09,"{""type"":""MultiPoint"",""coordinates"":[]}",2023-10-09 00:00:00+00:00,0.894,mid_high
2_20231017T155149_20231017T155218_T18SUD,0.7499578808090155,2023-10-17,"{""type"":""MultiPoint"",""coordinates"":[]}",2023-10-17 00:00:00+00:00,1.236,high
2_20231022T155311_20231022T155514_T18SUD,0.6763599943130335,2023-10-22,"{""type"":""MultiPoint"",""coordinates"":[]}",2023-10-22 00:00:00+00:00,0.418,mid_low
2_20231024T154229_20231024T154653_T18SUD,0.7643518712158632,2023-10-24,"{""type"":""MultiPoint"",""coordinates"":[]}",2023-10-24 00:00:00+00:00,0.564,mid_low
1_1_1_2_LE07_014036_20231025,0.1020372199143059,2023-10-25,"{""type"":""MultiPoint"",""coordinates"":[]}",2023-10-25 00:00:00+00:00,0.749,mid_high
1_2_LC09_014036_20231027,0.0755623809131817,2023-10-27,"{""type"":""MultiPoint"",""coordinates"":[]}",2023-10-27 00:00:00+00:00,1.143,high
2_20231029T154351_20231029T154535_T18SUD,0.8045035821034556,2023-10-29,"{""type"":""MultiPoint"",""coordinates"":[]}",2023-10-29 00:00:00+00:00,1.26,high
2_20231103T154329_20231103T155145_T18SUD,0.7982948110540775,2023-11-03,"{""type"":""MultiPoint"",""coordinates"":[]}",2023-11-03 00:00:00+00:00,0.57,mid_low
2_20231106T155439_20231106T160236_T18SUD,0.7615011860749178,2023-11-06,"{""type"":""MultiPoint"",""coordinates"":[]}",2023-11-06 00:00:00+00:00,0.608,mid_high
2_20231108T154441_20231108T154813_T18SUD,0.7929055857495028,2023-11-08,"{""type"":""MultiPoint"",""coordinates"":[]}",2023-11-08 00:00:00+00:00,0.712,mid_high
2_20231113T154509_20231113T155122_T18SUD,0.8027826040142553,2023-11-13,"{""type"":""MultiPoint"",""coordinates"":[]}",2023-11-13 00:00:00+00:00,1.144,high
2_20231123T154549_20231123T154653_T18SUD,0.818731743219493,2023-11-23,"{""type"":""MultiPoint"",""coordinates"":[]}",2023-11-23 00:00:00+00:00,0.677,mid_high
1_2_LC09_014036_20231214,0.1125756556165795,2023-12-14,"{""type"":""MultiPoint"",""coordinates"":[]}",2023-12-14 00:00:00+00:00,0.808,mid_high
2_20231218T154651_20231218T155157_T18SUD,0.7727188591288742,2023-12-18,"{""type"":""MultiPoint"",""coordinates"":[]}",2023-12-18 00:00:00+00:00,0.738,mid_high
2_20231221T155651_20231221T155651_T18SUD,0.7339797282257398,2023-12-21,"{""type"":""MultiPoint"",""coordinates"":[]}",2023-12-21 00:00:00+00:00,0.115,low
2_20231231T155651_20231231T160325_T18SUD,0.8451686105545233,2023-12-31,"{""type"":""MultiPoint"",""coordinates"":[]}",2023-12-31 00:00:00+00:00,0.549,mid_low
2_20240105T155639_20240105T160141_T18SUD,0.793770908066471,2024-01-05,"{""type"":""MultiPoint"",""coordinates"":[]}",2024-01-05 00:00:00+00:00,0.257,mid_low
2_20240110T155631_20240110T160302_T18SUD,0.6939090244497798,2024-01-10,"{""type"":""MultiPoint"",""coordinates"":[]}",2024-01-10 00:00:00+00:00,1.36,high
2_20240117T154601_20240117T155110_T18SUD,0.8414704490236867,2024-01-17,"{""type"":""MultiPoint"",""coordinates"":[]}",2024-01-17 00:00:00+00:00,0.17,low
2_20240120T155551_20240120T160153_T18SUD,0.7521971736570986,2024-01-20,"{""type"":""MultiPoint"",""coordinates"":[]}",2024-01-20 00:00:00+00:00,0.046,low
2_20240122T154549_20240122T154816_T18SUD,0.8286800849948374,2024-01-22,"{""type"":""MultiPoint"",""coordinates"":[]}",2024-01-22 00:00:00+00:00,0.446,mid_low
2_20240130T155511_20240130T160018_T18SUD,0.8025156976696425,2024-01-30,"{""type"":""MultiPoint"",""coordinates"":[]}",2024-01-30 00:00:00+00:00,0.681,mid_high
2_20240201T154459_20240201T154737_T18SUD,0.8361778422294341,2024-02-01,"{""type"":""MultiPoint"",""coordinates"":[]}",2024-02-01 00:00:00+00:00,0.465,mid_low
2_20240204T155449_20240204T155841_T18SUD,0.7855504763153368,2024-02-04,"{""type"":""MultiPoint"",""coordinates"":[]}",2024-02-04 00:00:00+00:00,0.422,mid_low
2_20240214T155249_20240214T155705_T18SUD,0.7667152609371586,2024-02-14,"{""type"":""MultiPoint"",""coordinates"":[]}",2024-02-14 00:00:00+00:00,0.594,mid_low
2_20240219T155311_20240219T155530_T18SUD,0.6602961879189776,2024-02-19,"{""type"":""MultiPoint"",""coordinates"":[]}",2024-02-19 00:00:00+00:00,0.52,mid_low
2_20240221T154159_20240221T154352_T18SUD,0.7520796305967016,2024-02-21,"{""type"":""MultiPoint"",""coordinates"":[]}",2024-02-21 00:00:00+00:00,0.736,mid_high
1_1_2_LC08_014036_20240224,0.109396318463303,2024-02-24,"{""type"":""MultiPoint"",""coordinates"":[]}",2024-02-24 00:00:00+00:00,1.036,high
2_20240226T154221_20240226T155243_T18SUD,0.8270167908564746,2024-02-26,"{""type"":""MultiPoint"",""coordinates"":[]}",2024-02-26 00:00:00+00:00,1.119,high
1_1_2_LC08_014036_20240311,0.0975494073175078,2024-03-11,"{""type"":""MultiPoint"",""coordinates"":[]}",2024-03-11 00:00:00+00:00,1.377,high
2_20240312T153929_20240312T155238_T18SUD,0.8210733133275269,2024-03-12,"{""type"":""MultiPoint"",""coordinates"":[]}",2024-03-12 00:00:00+00:00,1.203,high
2_20240317T154001_20240317T154912_T18SUD,0.7239643087025045,2024-03-17,"{""type"":""MultiPoint"",""coordinates"":[]}",2024-03-17 00:00:00+00:00,0.383,mid_low
1_2_LC09_014036_20240319,0.0951557290377131,2024-03-19,"{""type"":""MultiPoint"",""coordinates"":[]}",2024-03-19 00:00:00+00:00,0.595,mid_low
2_20240320T154941_20240320T160036_T18SUD,0.6200983568345965,2024-03-20,"{""type"":""MultiPoint"",""coordinates"":[]}",2024-03-20 00:00:00+00:00,0.821,mid_high
2_20240330T154821_20240330T155310_T18SUD,0.5659914849144695,2024-03-30,"{""type"":""MultiPoint"",""coordinates"":[]}",2024-03-30 00:00:00+00:00,0.728,mid_high
1_2_LC09_014036_20240404,0.1023365437815026,2024-04-04,"{""type"":""MultiPoint"",""coordinates"":[]}",2024-04-04 00:00:00+00:00,0.545,mid_low
2_20240404T154819_20240404T155446_T18SUD,0.5188842689052832,2024-04-04,"{""type"":""MultiPoint"",""coordinates"":[]}",2024-04-04 00:00:00+00:00,0.545,mid_low
2_20240406T153941_20240406T154948_T18SUD,0.7137376375156657,2024-04-06,"{""type"":""MultiPoint"",""coordinates"":[]}",2024-04-06 00:00:00+00:00,0.924,mid_high
1_1_2_LC08_014036_20240412,0.1376675296981211,2024-04-12,"{""type"":""MultiPoint"",""coordinates"":[]}",2024-04-12 00:00:00+00:00,1.021,high
2_20240414T154809_20240414T155510_T18SUD,0.6574178268104501,2024-04-14,"{""type"":""MultiPoint"",""coordinates"":[]}",2024-04-14 00:00:00+00:00,0.379,mid_low
2_20240424T154809_20240424T155508_T18SUD,0.3662236079981089,2024-04-24,"{""type"":""MultiPoint"",""coordinates"":[]}",2024-04-24 00:00:00+00:00,1.289,high
1_1_2_LC08_014036_20240428,0.0821495653995999,2024-04-28,"{""type"":""MultiPoint"",""coordinates"":[]}",2024-04-28 00:00:00+00:00,0.669,mid_high
2_20240429T154941_20240429T160323_T18SUD,0.2433592492625747,2024-04-29,"{""type"":""MultiPoint"",""coordinates"":[]}",2024-04-29 00:00:00+00:00,0.496,mid_low
2_20240516T153941_20240516T155242_T18SUD,0.4654624878876878,2024-05-16,"{""type"":""MultiPoint"",""coordinates"":[]}",2024-05-16 00:00:00+00:00,0.486,mid_low
1_2_LC09_014036_20240522,0.0696596064727205,2024-05-22,"{""type"":""MultiPoint"",""coordinates"":[]}",2024-05-22 00:00:00+00:00,1.409,high
2_20240526T153941_20240526T154400_T18SUD,0.6461220505508097,2024-05-26,"{""type"":""MultiPoint"",""coordinates"":[]}",2024-05-26 00:00:00+00:00,1.077,high
1_1_2_LC08_014036_20240530,0.0530598714989618,2024-05-30,"{""type"":""MultiPoint"",""coordinates"":[]}",2024-05-30 00:00:00+00:00,0.302,mid_low
2_20240531T153809_20240531T154615_T18SUD,0.6011883981149085,2024-05-31,"{""type"":""MultiPoint"",""coordinates"":[]}",2024-05-31 00:00:00+00:00,0.251,mid_low
1_2_LC09_014036_20240607,0.0716883666826271,2024-06-07,"{""type"":""MultiPoint"",""coordinates"":[]}",2024-06-07 00:00:00+00:00,1.457,high
1_1_2_LC08_014036_20240615,0.0464718173893265,2024-06-15,"{""type"":""MultiPoint"",""coordinates"":[]}",2024-06-15 00:00:00+00:00,0.479,mid_low
2_20240620T153819_20240620T155105_T18SUD,0.4988192045983979,2024-06-20,"{""type"":""MultiPoint"",""coordinates"":[]}",2024-06-20 00:00:00+00:00,1.199,high
1_2_LC09_014036_20240623,0.0707312609830897,2024-06-23,"{""type"":""MultiPoint"",""coordinates"":[]}",2024-06-23 00:00:00+00:00,1.231,high
2_20240623T154819_20240623T155531_T18SUD,0.1606546898607162,2024-06-23,"{""type"":""MultiPoint"",""coordinates"":[]}",2024-06-23 00:00:00+00:00,1.231,high
2_20240630T153819_20240630T154640_T18SUD,0.6104077689221534,2024-06-30,"{""type"":""MultiPoint"",""coordinates"":[]}",2024-06-30 00:00:00+00:00,0.319,mid_low
2_20240715T153941_20240715T154930_T18SUD,0.60137772669544,2024-07-15,"{""type"":""MultiPoint"",""coordinates"":[]}",2024-07-15 00:00:00+00:00,0.377,mid_low
2_20240723T154819_20240723T160316_T18SUD,0.1834793917161043,2024-07-23,"{""type"":""MultiPoint"",""coordinates"":[]}",2024-07-23 00:00:00+00:00,1.21,high
2_20240728T154941_20240728T160102_T18SUD,0.2042390838490692,2024-07-28,"{""type"":""MultiPoint"",""coordinates"":[]}",2024-07-28 00:00:00+00:00,0.347,mid_low
2_20240814T153941_20240814T154651_T18SUD,0.6754320108014615,2024-08-14,"{""type"":""MultiPoint"",""coordinates"":[]}",2024-08-14 00:00:00+00:00,0.486,mid_low
2_20240817T154931_20240817T155517_T18SUD,0.3354437703788561,2024-08-17,"{""type"":""MultiPoint"",""coordinates"":[]}",2024-08-17 00:00:00+00:00,1.063,high
2_20240827T154931_20240827T160119_T18SUD,0.5417794383745692,2024-08-27,"{""type"":""MultiPoint"",""coordinates"":[]}",2024-08-27 00:00:00+00:00,0.319,mid_low
2_20240901T154819_20240901T155454_T18SUD,0.4633540021445095,2024-09-01,"{""type"":""MultiPoint"",""coordinates"":[]}",2024-09-01 00:00:00+00:00,1.282,high
2_20240903T153941_20240903T155224_T18SUD,0.5523450282893675,2024-09-03,"{""type"":""MultiPoint"",""coordinates"":[]}",2024-09-03 00:00:00+00:00,1.13,high
2_20240921T154849_20240921T160259_T18SUD,0.5599010333585387,2024-09-21,"{""type"":""MultiPoint"",""coordinates"":[]}",2024-09-21 00:00:00+00:00,1.137,high
2_20240923T153951_20240923T154833_T18SUD,0.7627507203032339,2024-09-23,"{""type"":""MultiPoint"",""coordinates"":[]}",2024-09-23 00:00:00+00:00,0.713,mid_high
2_20240928T153929_20240928T154210_T18SUD,0.698689899310519,2024-09-28,"{""type"":""MultiPoint"",""coordinates"":[]}",2024-09-28 00:00:00+00:00,1.111,high
2_20241003T154111_20241003T155335_T18SUD,0.7343602473546439,2024-10-03,"{""type"":""MultiPoint"",""coordinates"":[]}",2024-10-03 00:00:00+00:00,1.432,high
2_20241011T155109_20241011T155627_T18SUD,0.6417037696558102,2024-10-11,"{""type"":""MultiPoint"",""coordinates"":[]}",2024-10-11 00:00:00+00:00,0.655,mid_high
1_2_LC09_014036_20241013,0.0887956704038292,2024-10-13,"{""type"":""MultiPoint"",""coordinates"":[]}",2024-10-13 00:00:00+00:00,0.736,mid_high
2_20241013T154211_20241013T154501_T18SUD,0.779006992828775,2024-10-13,"{""type"":""MultiPoint"",""coordinates"":[]}",2024-10-13 00:00:00+00:00,0.736,mid_high
2_20241018T154159_20241018T155051_T18SUD,0.7747643910755923,2024-10-18,"{""type"":""MultiPoint"",""coordinates"":[]}",2024-10-18 00:00:00+00:00,1.212,high
1_1_2_LC08_014036_20241021,0.0926588730005993,2024-10-21,"{""type"":""MultiPoint"",""coordinates"":[]}",2024-10-21 00:00:00+00:00,0.697,mid_high
2_20241021T155219_20241021T155603_T18SUD,0.6169793933144104,2024-10-21,"{""type"":""MultiPoint"",""coordinates"":[]}",2024-10-21 00:00:00+00:00,0.697,mid_high
2_20241023T154321_20241023T154929_T18SUD,0.7876595544626612,2024-10-23,"{""type"":""MultiPoint"",""coordinates"":[]}",2024-10-23 00:00:00+00:00,0.312,mid_low
2_20241026T155341_20241026T155709_T18SUD,0.7140973844681012,2024-10-26,"{""type"":""MultiPoint"",""coordinates"":[]}",2024-10-26 00:00:00+00:00,0.56,mid_low
2_20241028T154259_20241028T154525_T18SUD,0.7311051089939069,2024-10-28,"{""type"":""MultiPoint"",""coordinates"":[]}",2024-10-28 00:00:00+00:00,0.936,mid_high
2_20241031T155319_20241031T155727_T18SUD,0.731686474634906,2024-10-31,"{""type"":""MultiPoint"",""coordinates"":[]}",2024-10-31 00:00:00+00:00,1.05,high
2_20241117T154439_20241117T154703_T18SUD,0.8635851904083888,2024-11-17,"{""type"":""MultiPoint"",""coordinates"":[]}",2024-11-17 00:00:00+00:00,1.357,high
2_20241122T154551_20241122T155207_T18SUD,0.782911821149671,2024-11-22,"{""type"":""MultiPoint"",""coordinates"":[]}",2024-11-22 00:00:00+00:00,0.535,mid_low
1_1_2_LC08_014036_20241122,0.0878745658661946,2024-11-22,"{""type"":""MultiPoint"",""coordinates"":[]}",2024-11-22 00:00:00+00:00,0.535,mid_low
2_20241125T155611_20241125T160218_T18SUD,0.7651643144789594,2024-11-25,"{""type"":""MultiPoint"",""coordinates"":[]}",2024-11-25 00:00:00+00:00,0.45,mid_low
2_20241130T155529_20241130T160010_T18SUD,0.7444113557815845,2024-11-30,"{""type"":""MultiPoint"",""coordinates"":[]}",2024-11-30 00:00:00+00:00,1.036,high
1_2_LC09_014036_20241130,0.0934268510492062,2024-11-30,"{""type"":""MultiPoint"",""coordinates"":[]}",2024-11-30 00:00:00+00:00,1.036,high
2_20241202T154631_20241202T155241_T18SUD,0.7456528023174839,2024-12-02,"{""type"":""MultiPoint"",""coordinates"":[]}",2024-12-02 00:00:00+00:00,0.916,mid_high
2_20241205T155641_20241205T160303_T18SUD,0.3843380640792556,2024-12-05,"{""type"":""MultiPoint"",""coordinates"":[]}",2024-12-05 00:00:00+00:00,0.607,mid_high
2_20241207T154549_20241207T155155_T18SUD,0.8194108174362922,2024-12-07,"{""type"":""MultiPoint"",""coordinates"":[]}",2024-12-07 00:00:00+00:00,0.245,mid_low
1_1_2_LC08_014036_20241208,0.1018468283731174,2024-12-08,"{""type"":""MultiPoint"",""coordinates"":[]}",2024-12-08 00:00:00+00:00,0.085,low
2_20241212T154651_20241212T155304_T18SUD,0.7394322375598316,2024-12-12,"{""type"":""MultiPoint"",""coordinates"":[]}",2024-12-12 00:00:00+00:00,0.556,mid_low
2_20241212T154711_20241212T154933_T18SUD,0.7221873209116065,2024-12-12,"{""type"":""MultiPoint"",""coordinates"":[]}",2024-12-12 00:00:00+00:00,0.556,mid_low
2_20241222T154651_20241222T155310_T18SUD,0.7840657638328508,2024-12-22,"{""type"":""MultiPoint"",""coordinates"":[]}",2024-12-22 00:00:00+00:00,0.276,mid_low
2_20250101T154641_20250101T154644_T18SUD,0.7091607315371461,2025-01-01,"{""type"":""MultiPoint"",""coordinates"":[]}",2025-01-01 00:00:00+00:00,1.03,high
1_2_LC09_014036_20250101,0.0985307305928045,2025-01-01,"{""type"":""MultiPoint"",""coordinates"":[]}",2025-01-01 00:00:00+00:00,1.03,high
2_20250104T155641_20250104T160319_T18SUD,0.7071253166821995,2025-01-04,"{""type"":""MultiPoint"",""coordinates"":[]}",2025-01-04 00:00:00+00:00,0.257,mid_low
1_1_2_LC08_014036_20250109,0.0937929201437614,2025-01-09,"{""type"":""MultiPoint"",""coordinates"":[]}",2025-01-09 00:00:00+00:00,0.116,low
2_20250109T155539_20250109T160302_T18SUD,0.6665252489585977,2025-01-09,"{""type"":""MultiPoint"",""coordinates"":[]}",2025-01-09 00:00:00+00:00,0.116,low
2_20250114T155621_20250114T160237_T18SUD,0.7136231917814208,2025-01-14,"{""type"":""MultiPoint"",""coordinates"":[]}",2025-01-14 00:00:00+00:00,0.942,mid_high
2_20250116T154509_20250116T154508_T18SUD,0.8121554992456286,2025-01-16,"{""type"":""MultiPoint"",""coordinates"":[]}",2025-01-16 00:00:00+00:00,0.719,mid_high
1_2_LC09_014036_20250117,0.1028315967578456,2025-01-17,"{""type"":""MultiPoint"",""coordinates"":[]}",2025-01-17 00:00:00+00:00,0.553,mid_low
1_1_2_LC08_014036_20250125,0.0998528438166673,2025-01-25,"{""type"":""MultiPoint"",""coordinates"":[]}",2025-01-25 00:00:00+00:00,0.292,mid_low
2_20250129T155419_20250129T155903_T18SUD,0.7434825809053961,2025-01-29,"{""type"":""MultiPoint"",""coordinates"":[]}",2025-01-29 00:00:00+00:00,0.847,mid_high
1_2_LC09_014036_20250218,0.0989747212908827,2025-02-18,"{""type"":""MultiPoint"",""coordinates"":[]}",2025-02-18 00:00:00+00:00,0.308,mid_low
2_20250218T155219_20250218T155619_T18SUD,0.7716170167373972,2025-02-18,"{""type"":""MultiPoint"",""coordinates"":[]}",2025-02-18 00:00:00+00:00,0.308,mid_low
2_20250223T155301_20250223T160243_T18SUD,0.7104521549504724,2025-02-23,"{""type"":""MultiPoint"",""coordinates"":[]}",2025-02-23 00:00:00+00:00,0.212,mid_low
1_1_2_LC08_014036_20250226,0.1012509438344094,2025-02-26,"{""type"":""MultiPoint"",""coordinates"":[]}",2025-02-26 00:00:00+00:00,0.999,mid_high
2_20250228T155109_20250228T155129_T18SUD,0.7792030891727926,2025-02-28,"{""type"":""MultiPoint"",""coordinates"":[]}",2025-02-28 00:00:00+00:00,1.209,high
2_20250312T154101_20250312T154617_T18SUD,0.7601904932583265,2025-03-12,"{""type"":""MultiPoint"",""coordinates"":[]}",2025-03-12 00:00:00+00:00,1.158,high
2_20250322T153941_20250322T154639_T18SUD,0.6422406986938484,2025-03-22,"{""type"":""MultiPoint"",""coordinates"":[]}",2025-03-22 00:00:00+00:00,0.343,mid_low
1_2_LC09_014036_20250322,0.0934908629275863,2025-03-22,"{""type"":""MultiPoint"",""coordinates"":[]}",2025-03-22 00:00:00+00:00,0.343,mid_low
2_20250325T154931_20250325T160150_T18SUD,0.5279810326584976,2025-03-25,"{""type"":""MultiPoint"",""coordinates"":[]}",2025-03-25 00:00:00+00:00,0.399,mid_low
2_20250327T155701_20250327T155839_T18SUD,0.5260890550232472,2025-03-27,"{""type"":""MultiPoint"",""coordinates"":[]}",2025-03-27 00:00:00+00:00,0.768,mid_high
2_20250327T153819_20250327T154613_T18SUD,0.7073807808203763,2025-03-27,"{""type"":""MultiPoint"",""coordinates"":[]}",2025-03-27 00:00:00+00:00,0.768,mid_high
2_20250406T153809_20250406T154608_T18SUD,0.551834657597795,2025-04-06,"{""type"":""MultiPoint"",""coordinates"":[]}",2025-04-06 00:00:00+00:00,-0.015,low
2_20250409T154819_20250409T155352_T18SUD,0.428061346891496,2025-04-09,"{""type"":""MultiPoint"",""coordinates"":[]}",2025-04-09 00:00:00+00:00,0.795,mid_high
2_20250414T155001_20250414T160146_T18SUD,0.3046386643980395,2025-04-14,"{""type"":""MultiPoint"",""coordinates"":[]}",2025-04-14 00:00:00+00:00,1.152,high
1_1_2_LC08_014036_20250415,0.0585778681972338,2025-04-15,"{""type"":""MultiPoint"",""coordinates"":[]}",2025-04-15 00:00:00+00:00,1.004,high
2_20250416T155701_20250416T155703_T18SUD,0.3125343159517125,2025-04-16,"{""type"":""MultiPoint"",""coordinates"":[]}",2025-04-16 00:00:00+00:00,0.716,mid_high
2_20250416T153819_20250416T154444_T18SUD,0.6741898388387514,2025-04-16,"{""type"":""MultiPoint"",""coordinates"":[]}",2025-04-16 00:00:00+00:00,0.716,mid_high
2_20250419T154819_20250419T155508_T18SUD,0.3232894706830288,2025-04-19,"{""type"":""MultiPoint"",""coordinates"":[]}",2025-04-19 00:00:00+00:00,0.377,mid_low
1_1_2_LC08_014036_20250501,0.0418520553979604,2025-05-01,"{""type"":""MultiPoint"",""coordinates"":[]}",2025-05-01 00:00:00+00:00,0.707,mid_high
2_20250524T154831_20250524T155850_T18SUD,0.1067753350608487,2025-05-24,"{""type"":""MultiPoint"",""coordinates"":[]}",2025-05-24 00:00:00+00:00,0.942,mid_high
2_20250602T154711_20250602T154709_T18SUD,0.6955863170057845,2025-06-02,"{""type"":""MultiPoint"",""coordinates"":[]}",2025-06-02 00:00:00+00:00,0.283,mid_low
1_1_2_LC08_014036_20250602,0.0714990520462749,2025-06-02,"{""type"":""MultiPoint"",""coordinates"":[]}",2025-06-02 00:00:00+00:00,0.283,mid_low
2_20250603T155001_20250603T155650_T18SUD,0.0191919950940963,2025-06-03,"{""type"":""MultiPoint"",""coordinates"":[]}",2025-06-03 00:00:00+00:00,0.18,low
2_20250618T154809_20250618T155755_T18SUD,0.200844086642167,2025-06-18,"{""type"":""MultiPoint"",""coordinates"":[]}",2025-06-18 00:00:00+00:00,0.288,mid_low
1_1_2_LC08_014036_20250618,0.0276754809582771,2025-06-18,"{""type"":""MultiPoint"",""coordinates"":[]}",2025-06-18 00:00:00+00:00,0.288,mid_low
2_20250622T154711_20250622T154706_T18SUD,0.6374503769921815,2025-06-22,"{""type"":""MultiPoint"",""coordinates"":[]}",2025-06-22 00:00:00+00:00,0.712,mid_high
2_20250625T153819_20250625T154906_T18SUD,0.6036603174798776,2025-06-25,"{""type"":""MultiPoint"",""coordinates"":[]}",2025-06-25 00:00:00+00:00,1.379,high
1_2_LC09_014036_20250626,0.0541754187251166,2025-06-26,"{""type"":""MultiPoint"",""coordinates"":[]}",2025-06-26 00:00:00+00:00,1.328,high
1_2_LC09_014036_20250712,0.0532428057460751,2025-07-12,"{""type"":""MultiPoint"",""coordinates"":[]}",2025-07-12 00:00:00+00:00,1.148,high
2_20250712T154711_20250712T155254_T18SUD,0.6789103025501517,2025-07-12,"{""type"":""MultiPoint"",""coordinates"":[]}",2025-07-12 00:00:00+00:00,1.148,high
2_20250718T154819_20250718T160128_T18SUD,0.2186818554907308,2025-07-18,"{""type"":""MultiPoint"",""coordinates"":[]}",2025-07-18 00:00:00+00:00,0.182,low
1_1_2_LC08_014036_20250720,0.0574729024124414,2025-07-20,"{""type"":""MultiPoint"",""coordinates"":[]}",2025-07-20 00:00:00+00:00,0.559,mid_low
2_20250804T153809_20250804T154608_T18SUD,0.5830705642936943,2025-08-04,"{""type"":""MultiPoint"",""coordinates"":[]}",2025-08-04 00:00:00+00:00,0.881,mid_high
2_20250817T154819_20250817T160109_T18SUD,0.3003372595603963,2025-08-17,"{""type"":""MultiPoint"",""coordinates"":[]}",2025-08-17 00:00:00+00:00,0.45,mid_low
2_20250819T153831_20250819T155311_T18SUD,0.6741343507141412,2025-08-19,"{""type"":""MultiPoint"",""coordinates"":[]}",2025-08-19 00:00:00+00:00,0.822,mid_high
2_20250827T154819_20250827T155453_T18SUD,0.4026223341521588,2025-08-27,"{""type"":""MultiPoint"",""coordinates"":[]}",2025-08-27 00:00:00+00:00,0.889,mid_high
1_2_LC09_014036_20250829,0.06985175662023,2025-08-29,"{""type"":""MultiPoint"",""coordinates"":[]}",2025-08-29 00:00:00+00:00,0.586,mid_low
2_20250829T153831_20250829T155046_T18SUD,0.7488777975938726,2025-08-29,"{""type"":""MultiPoint"",""coordinates"":[]}",2025-08-29 00:00:00+00:00,0.586,mid_low
2_20250903T153809_20250903T154412_T18SUD,0.7099432523781349,2025-09-03,"{""type"":""MultiPoint"",""coordinates"":[]}",2025-09-03 00:00:00+00:00,0.943,mid_high
2_20250903T155701_20250903T155704_T18SUD,0.3943497872688355,2025-09-03,"{""type"":""MultiPoint"",""coordinates"":[]}",2025-09-03 00:00:00+00:00,0.943,mid_high
2_20250921T155001_20250921T155208_T18SUD,0.42774029282649,2025-09-21,"{""type"":""MultiPoint"",""coordinates"":[]}",2025-09-21 00:00:00+00:00,1.281,high
2_20250923T153859_20250923T155102_T18SUD,0.7606215592243765,2025-09-23,"{""type"":""MultiPoint"",""coordinates"":[]}",2025-09-23 00:00:00+00:00,1.242,high
2_20251006T155029_20251006T160200_T18SUD,0.6749566232861193,2025-10-06,"{""type"":""MultiPoint"",""coordinates"":[]}",2025-10-06 00:00:00+00:00,1.317,high
2_20251016T155139_20251016T155307_T18SUD,0.606865314961057,2025-10-16,"{""type"":""MultiPoint"",""coordinates"":[]}",2025-10-16 00:00:00+00:00,1.042,high
1_2_LC09_014036_20251016,0.0966823937022099,2025-10-16,"{""type"":""MultiPoint"",""coordinates"":[]}",2025-10-16 00:00:00+00:00,1.042,high
2_20251020T154711_20251020T154707_T18SUD,0.7956305879271729,2025-10-20,"{""type"":""MultiPoint"",""coordinates"":[]}",2025-10-20 00:00:00+00:00,1.409,high
2_20251021T155321_20251021T155319_T18SUD,0.762500007729707,2025-10-21,"{""type"":""MultiPoint"",""coordinates"":[]}",2025-10-21 00:00:00+00:00,1.258,high
2_20251023T154219_20251023T154221_T18SUD,0.7875297411548635,2025-10-23,"{""type"":""MultiPoint"",""coordinates"":[]}",2025-10-23 00:00:00+00:00,1.08,high
1_1_2_LC08_014036_20251024,0.0886979301102108,2025-10-24,"{""type"":""MultiPoint"",""coordinates"":[]}",2025-10-24 00:00:00+00:00,0.894,mid_high
2_20251031T155421_20251031T155634_T18SUD,0.6920770970373716,2025-10-31,"{""type"":""MultiPoint"",""coordinates"":[]}",2025-10-31 00:00:00+00:00,0.731,mid_high
1_2_LC09_014036_20251101,0.1126818080814432,2025-11-01,"{""type"":""MultiPoint"",""coordinates"":[]}",2025-11-01 00:00:00+00:00,0.64,mid_high
2_20251105T155329_20251105T155443_T18SUD,0.8258715563184567,2025-11-05,"{""type"":""MultiPoint"",""coordinates"":[]}",2025-11-05 00:00:00+00:00,1.138,high
2_20251107T154451_20251107T154909_T18SUD,0.3621618279433948,2025-11-07,"{""type"":""MultiPoint"",""coordinates"":[]}",2025-11-07 00:00:00+00:00,0.93,mid_high
1_1_2_LC08_014036_20251109,0.0872942489679651,2025-11-09,"{""type"":""MultiPoint"",""coordinates"":[]}",2025-11-09 00:00:00+00:00,0.571,mid_low
2_20251109T154711_20251109T155043_T18SUD,0.8169774169169564,2025-11-09,"{""type"":""MultiPoint"",""coordinates"":[]}",2025-11-09 00:00:00+00:00,0.571,mid_low
2_20251112T154359_20251112T154401_T18SUD,0.7616193842627436,2025-11-12,"{""type"":""MultiPoint"",""coordinates"":[]}",2025-11-12 00:00:00+00:00,0.055,low
1_2_LC09_014036_20251117,0.1091480621709681,2025-11-17,"{""type"":""MultiPoint"",""coordinates"":[]}",2025-11-17 00:00:00+00:00,0.919,mid_high
2_20251117T154541_20251117T155022_T18SUD,0.8248631707915683,2025-11-17,"{""type"":""MultiPoint"",""coordinates"":[]}",2025-11-17 00:00:00+00:00,0.919,mid_high
1_2_LC09_014036_20251203,0.1101612551073397,2025-12-03,"{""type"":""MultiPoint"",""coordinates"":[]}",2025-12-03 00:00:00+00:00,0.926,mid_high
1_2_LC09_014036_20251219,0.10676336047628,2025-12-19,"{""type"":""MultiPoint"",""coordinates"":[]}",2025-12-19 00:00:00+00:00,0.839,mid_high
2_20251219T154711_20251219T154708_T18SUD,0.7450005587269536,2025-12-19,"{""type"":""MultiPoint"",""coordinates"":[]}",2025-12-19 00:00:00+00:00,0.839,mid_high
2_20251220T155701_20251220T155814_T18SUD,0.7041416387492195,2025-12-20,"{""type"":""MultiPoint"",""coordinates"":[]}",2025-12-20 00:00:00+00:00,0.732,mid_high
2_20251227T154701_20251227T154920_T18SUD,0.7441016991593103,2025-12-27,"{""type"":""MultiPoint"",""coordinates"":[]}",2025-12-27 00:00:00+00:00,0.37,mid_low
1_1_2_LC08_014036_20251227,0.1075227871274319,2025-12-27,"{""type"":""MultiPoint"",""coordinates"":[]}",2025-12-27 00:00:00+00:00,0.37,mid_low
2_20251230T155701_20251230T155748_T18SUD,0.7284482253185321,2025-12-30,"{""type"":""MultiPoint"",""coordinates"":[]}",2025-12-30 00:00:00+00:00,0.463,mid_low
2_20260101T154549_20260101T154729_T18SUD,0.736653020293645,2026-01-01,"{""type"":""MultiPoint"",""coordinates"":[]}",2026-01-01 00:00:00+00:00,0.701,mid_high
2_20260104T155549_20260104T160221_T18SUD,0.7501827384723564,2026-01-04,"{""type"":""MultiPoint"",""coordinates"":[]}",2026-01-04 00:00:00+00:00,1.031,high
1_2_LC09_014036_20260104,0.1196978062204262,2026-01-04,"{""type"":""MultiPoint"",""coordinates"":[]}",2026-01-04 00:00:00+00:00,1.031,high
2_20260108T154711_20260108T154941_T18SUD,0.8271186002883354,2026-01-08,"{""type"":""MultiPoint"",""coordinates"":[]}",2026-01-08 00:00:00+00:00,0.261,mid_low
2_20260109T155641_20260109T155727_T18SUD,0.7558030851906035,2026-01-09,"{""type"":""MultiPoint"",""coordinates"":[]}",2026-01-09 00:00:00+00:00,0.157,low
1_1_2_LC08_014036_20260112,0.0774290736601989,2026-01-12,"{""type"":""MultiPoint"",""coordinates"":[]}",2026-01-12 00:00:00+00:00,-0.108,low
2_20260116T154611_20260116T154811_T18SUD,0.7300259196315544,2026-01-16,"{""type"":""MultiPoint"",""coordinates"":[]}",2026-01-16 00:00:00+00:00,0.643,mid_high
2_20260119T155601_20260119T155611_T18SUD,0.7894556591572975,2026-01-19,"{""type"":""MultiPoint"",""coordinates"":[]}",2026-01-19 00:00:00+00:00,0.897,mid_high
1_1_2_LC08_014036_20260128,0.1015487368581205,2026-01-28,"{""type"":""MultiPoint"",""coordinates"":[]}",2026-01-28 00:00:00+00:00,0.065,low
2_20260129T155511_20260129T155511_T18SUD,0.581703611764569,2026-01-29,"{""type"":""MultiPoint"",""coordinates"":[]}",2026-01-29 00:00:00+00:00,0.21,mid_low
2_20260210T154259_20260210T154757_T18SUD,0.8315265877361423,2026-02-10,"{""type"":""MultiPoint"",""coordinates"":[]}",2026-02-10 00:00:00+00:00,0.263,mid_low
1_1_2_LC08_014036_20260213,0.1189999562515983,2026-02-13,"{""type"":""MultiPoint"",""coordinates"":[]}",2026-02-13 00:00:00+00:00,0.564,mid_low
2_20260213T155249_20260213T160008_T18SUD,0.7139368705818115,2026-02-13,"{""type"":""MultiPoint"",""coordinates"":[]}",2026-02-13 00:00:00+00:00,0.564,mid_low
1_1_2_LC08_014036_20260301,0.1122999583351061,2026-03-01,"{""type"":""MultiPoint"",""coordinates"":[]}",2026-03-01 00:00:00+00:00,0.898,mid_high
2_20260307T154111_20260307T154731_T18SUD,0.7372064413689334,2026-03-07,"{""type"":""MultiPoint"",""coordinates"":[]}",2026-03-07 00:00:00+00:00,0.577,mid_low
1_1_2_LC08_014036_20260317,0.1001186469894842,2026-03-17,"{""type"":""MultiPoint"",""coordinates"":[]}",2026-03-17 00:00:00+00:00,0.956,mid_high
2_20260317T154001_20260317T155229_T18SUD,0.6584593627909288,2026-03-17,"{""type"":""MultiPoint"",""coordinates"":[]}",2026-03-17 00:00:00+00:00,0.956,mid_high
2_20260319T154711_20260319T155227_T18SUD,0.6944919932061714,2026-03-19,"{""type"":""MultiPoint"",""coordinates"":[]}",2026-03-19 00:00:00+00:00,1.085,high
2_20260320T154941_20260320T160011_T18SUD,0.6062269475304084,2026-03-20,"{""type"":""MultiPoint"",""coordinates"":[]}",2026-03-20 00:00:00+00:00,1.105,high
2_20260322T153819_20260322T154434_T18SUD,0.717481010183808,2026-03-22,"{""type"":""MultiPoint"",""coordinates"":[]}",2026-03-22 00:00:00+00:00,0.808,mid_high
1_1_2_LC08_014036_20260402,0.098686021076066,2026-04-02,"{""type"":""MultiPoint"",""coordinates"":[]}",2026-04-02 00:00:00+00:00,,unknown
1_2_LC09_014036_20260410,0.1009594320991342,2026-04-10,"{""type"":""MultiPoint"",""coordinates"":[]}",2026-04-10 00:00:00+00:00,,unknown
1_1_2_LC08_014036_20260418,-0.0937676076610005,2026-04-18,"{""type"":""MultiPoint"",""coordinates"":[]}",2026-04-18 00:00:00+00:00,,unknown
2_20260421T155711_20260421T160233_T18SUD,0.3367444266629412,2026-04-21,"{""type"":""MultiPoint"",""coordinates"":[]}",2026-04-21 00:00:00+00:00,,unknown
2_20260421T153809_20260421T154947_T18SUD,0.6641941685830333,2026-04-21,"{""type"":""MultiPoint"",""coordinates"":[]}",2026-04-21 00:00:00+00:00,,unknown
2_20260424T154809_20260424T155238_T18SUD,0.3178594006895539,2026-04-24,"{""type"":""MultiPoint"",""coordinates"":[]}",2026-04-24 00:00:00+00:00,,unknown
